--------------------------------------------------------
--  文件已创建 - 星期六-九月-09-2023   
--------------------------------------------------------
--------------------------------------------------------
--  DDL for Table ADMINISTRATOR
--------------------------------------------------------

  CREATE TABLE "TEST_ACCOUNT"."ADMINISTRATOR" 
   (	"ADMINISTRATOR_ID" VARCHAR2(20 BYTE), 
	"NAME" VARCHAR2(20 BYTE), 
	"GENDER" NUMBER(1,0), 
	"BIRTHDATE" DATE, 
	"CONTACT" VARCHAR2(20 BYTE), 
	"PASSWORD" VARCHAR2(200 BYTE)
   ) SEGMENT CREATION IMMEDIATE 
  PCTFREE 10 PCTUSED 40 INITRANS 1 MAXTRANS 255 
 NOCOMPRESS LOGGING
  STORAGE(INITIAL 65536 NEXT 1048576 MINEXTENTS 1 MAXEXTENTS 2147483645
  PCTINCREASE 0 FREELISTS 1 FREELIST GROUPS 1
  BUFFER_POOL DEFAULT FLASH_CACHE DEFAULT CELL_FLASH_CACHE DEFAULT)
  TABLESPACE "USERS" ;

   COMMENT ON COLUMN "TEST_ACCOUNT"."ADMINISTRATOR"."ADMINISTRATOR_ID" IS '管理员ID';
   COMMENT ON COLUMN "TEST_ACCOUNT"."ADMINISTRATOR"."NAME" IS '姓名';
   COMMENT ON COLUMN "TEST_ACCOUNT"."ADMINISTRATOR"."GENDER" IS '性别';
   COMMENT ON COLUMN "TEST_ACCOUNT"."ADMINISTRATOR"."BIRTHDATE" IS '出生日期，可以派生出管理员的年龄';
   COMMENT ON COLUMN "TEST_ACCOUNT"."ADMINISTRATOR"."CONTACT" IS '联系方式';
   COMMENT ON COLUMN "TEST_ACCOUNT"."ADMINISTRATOR"."PASSWORD" IS '密码';
   COMMENT ON TABLE "TEST_ACCOUNT"."ADMINISTRATOR"  IS '管理员';
--------------------------------------------------------
--  DDL for Table CHATRECORD
--------------------------------------------------------

  CREATE TABLE "TEST_ACCOUNT"."CHATRECORD" 
   (	"RECORDID" VARCHAR2(30 BYTE), 
	"DOCTOR_ID" VARCHAR2(20 BYTE), 
	"PATIENT_ID" VARCHAR2(20 BYTE), 
	"MESSAGE" VARCHAR2(2000 BYTE), 
	"SENDER_TYPE" NUMBER, 
	"TIMESTAMP" TIMESTAMP (6), 
	"READ_STATUS" NUMBER
   ) SEGMENT CREATION IMMEDIATE 
  PCTFREE 10 PCTUSED 40 INITRANS 1 MAXTRANS 255 
 NOCOMPRESS LOGGING
  STORAGE(INITIAL 65536 NEXT 1048576 MINEXTENTS 1 MAXEXTENTS 2147483645
  PCTINCREASE 0 FREELISTS 1 FREELIST GROUPS 1
  BUFFER_POOL DEFAULT FLASH_CACHE DEFAULT CELL_FLASH_CACHE DEFAULT)
  TABLESPACE "USERS" ;

   COMMENT ON COLUMN "TEST_ACCOUNT"."CHATRECORD"."RECORDID" IS '唯一标识符，主键';
   COMMENT ON COLUMN "TEST_ACCOUNT"."CHATRECORD"."DOCTOR_ID" IS '医生唯一标识符，外键';
   COMMENT ON COLUMN "TEST_ACCOUNT"."CHATRECORD"."PATIENT_ID" IS '病人唯一标识符，外键';
   COMMENT ON COLUMN "TEST_ACCOUNT"."CHATRECORD"."MESSAGE" IS '聊天消息内容（可能需要加密存储）';
   COMMENT ON COLUMN "TEST_ACCOUNT"."CHATRECORD"."SENDER_TYPE" IS '发送者类型（医生或病人）';
   COMMENT ON COLUMN "TEST_ACCOUNT"."CHATRECORD"."TIMESTAMP" IS '消息发送时间';
   COMMENT ON COLUMN "TEST_ACCOUNT"."CHATRECORD"."READ_STATUS" IS '消息是否已读';
--------------------------------------------------------
--  DDL for Table CONSULTATION_INFO
--------------------------------------------------------

  CREATE TABLE "TEST_ACCOUNT"."CONSULTATION_INFO" 
   (	"DOCTOR_ID" VARCHAR2(10 BYTE), 
	"CLINIC_NAME" VARCHAR2(200 BYTE), 
	"DATE_TIME" DATE, 
	"PERIOD" NUMBER(*,0)
   ) SEGMENT CREATION IMMEDIATE 
  PCTFREE 10 PCTUSED 40 INITRANS 1 MAXTRANS 255 
 NOCOMPRESS LOGGING
  STORAGE(INITIAL 65536 NEXT 1048576 MINEXTENTS 1 MAXEXTENTS 2147483645
  PCTINCREASE 0 FREELISTS 1 FREELIST GROUPS 1
  BUFFER_POOL DEFAULT FLASH_CACHE DEFAULT CELL_FLASH_CACHE DEFAULT)
  TABLESPACE "USERS" ;

   COMMENT ON COLUMN "TEST_ACCOUNT"."CONSULTATION_INFO"."DOCTOR_ID" IS '医生ID';
   COMMENT ON COLUMN "TEST_ACCOUNT"."CONSULTATION_INFO"."CLINIC_NAME" IS '诊室名称';
   COMMENT ON COLUMN "TEST_ACCOUNT"."CONSULTATION_INFO"."DATE_TIME" IS '坐诊日期';
   COMMENT ON COLUMN "TEST_ACCOUNT"."CONSULTATION_INFO"."PERIOD" IS '坐诊时间段，同挂号表';
   COMMENT ON TABLE "TEST_ACCOUNT"."CONSULTATION_INFO"  IS '坐诊信息';
--------------------------------------------------------
--  DDL for Table CONSULTING_ROOM
--------------------------------------------------------

  CREATE TABLE "TEST_ACCOUNT"."CONSULTING_ROOM" 
   (	"CONSULTING_ROOM_NAME" VARCHAR2(30 BYTE), 
	"CONSULTANT_CAPACITY" NUMBER(*,0)
   ) SEGMENT CREATION IMMEDIATE 
  PCTFREE 10 PCTUSED 40 INITRANS 1 MAXTRANS 255 
 NOCOMPRESS LOGGING
  STORAGE(INITIAL 65536 NEXT 1048576 MINEXTENTS 1 MAXEXTENTS 2147483645
  PCTINCREASE 0 FREELISTS 1 FREELIST GROUPS 1
  BUFFER_POOL DEFAULT FLASH_CACHE DEFAULT CELL_FLASH_CACHE DEFAULT)
  TABLESPACE "USERS" ;

   COMMENT ON COLUMN "TEST_ACCOUNT"."CONSULTING_ROOM"."CONSULTING_ROOM_NAME" IS '诊室名称';
   COMMENT ON COLUMN "TEST_ACCOUNT"."CONSULTING_ROOM"."CONSULTANT_CAPACITY" IS '容纳人数';
   COMMENT ON TABLE "TEST_ACCOUNT"."CONSULTING_ROOM"  IS '诊室';
--------------------------------------------------------
--  DDL for Table DEPARTMENT2
--------------------------------------------------------

  CREATE TABLE "TEST_ACCOUNT"."DEPARTMENT2" 
   (	"DEPARTMENT_NAME" VARCHAR2(80 BYTE), 
	"DEPARTMENT_DESCRIPTION" VARCHAR2(800 BYTE)
   ) SEGMENT CREATION IMMEDIATE 
  PCTFREE 10 PCTUSED 40 INITRANS 1 MAXTRANS 255 
 NOCOMPRESS LOGGING
  STORAGE(INITIAL 65536 NEXT 1048576 MINEXTENTS 1 MAXEXTENTS 2147483645
  PCTINCREASE 0 FREELISTS 1 FREELIST GROUPS 1
  BUFFER_POOL DEFAULT FLASH_CACHE DEFAULT CELL_FLASH_CACHE DEFAULT)
  TABLESPACE "USERS" ;

   COMMENT ON COLUMN "TEST_ACCOUNT"."DEPARTMENT2"."DEPARTMENT_NAME" IS '科室名称';
   COMMENT ON COLUMN "TEST_ACCOUNT"."DEPARTMENT2"."DEPARTMENT_DESCRIPTION" IS '科室描述';
   COMMENT ON TABLE "TEST_ACCOUNT"."DEPARTMENT2"  IS '二级科室';
--------------------------------------------------------
--  DDL for Table DOCTOR
--------------------------------------------------------

  CREATE TABLE "TEST_ACCOUNT"."DOCTOR" 
   (	"DOCTOR_ID" VARCHAR2(20 BYTE), 
	"NAME" VARCHAR2(20 BYTE), 
	"GENDER" NUMBER(1,0), 
	"BIRTHDATE" DATE, 
	"TITLE" VARCHAR2(20 BYTE), 
	"CONTACT" VARCHAR2(20 BYTE), 
	"SECONDARY_DEPARTMENT" VARCHAR2(50 BYTE), 
	"PHOTOURL" VARCHAR2(600 BYTE), 
	"PASSWORD" VARCHAR2(200 BYTE), 
	"SKILLEDIN" VARCHAR2(1000 BYTE)
   ) SEGMENT CREATION IMMEDIATE 
  PCTFREE 10 PCTUSED 40 INITRANS 1 MAXTRANS 255 
 NOCOMPRESS LOGGING
  STORAGE(INITIAL 65536 NEXT 1048576 MINEXTENTS 1 MAXEXTENTS 2147483645
  PCTINCREASE 0 FREELISTS 1 FREELIST GROUPS 1
  BUFFER_POOL DEFAULT FLASH_CACHE DEFAULT CELL_FLASH_CACHE DEFAULT)
  TABLESPACE "USERS" ;

   COMMENT ON COLUMN "TEST_ACCOUNT"."DOCTOR"."DOCTOR_ID" IS '医生ID';
   COMMENT ON COLUMN "TEST_ACCOUNT"."DOCTOR"."NAME" IS '姓名';
   COMMENT ON COLUMN "TEST_ACCOUNT"."DOCTOR"."GENDER" IS '性别';
   COMMENT ON COLUMN "TEST_ACCOUNT"."DOCTOR"."BIRTHDATE" IS '出生日期，可以派生出医生年龄';
   COMMENT ON COLUMN "TEST_ACCOUNT"."DOCTOR"."TITLE" IS '职称';
   COMMENT ON COLUMN "TEST_ACCOUNT"."DOCTOR"."CONTACT" IS '联系方式';
   COMMENT ON COLUMN "TEST_ACCOUNT"."DOCTOR"."SECONDARY_DEPARTMENT" IS '二级科室名称';
   COMMENT ON COLUMN "TEST_ACCOUNT"."DOCTOR"."PHOTOURL" IS '医生照片url';
   COMMENT ON COLUMN "TEST_ACCOUNT"."DOCTOR"."PASSWORD" IS '密码';
   COMMENT ON COLUMN "TEST_ACCOUNT"."DOCTOR"."SKILLEDIN" IS '擅长某方面治疗简介';
   COMMENT ON TABLE "TEST_ACCOUNT"."DOCTOR"  IS '医生';
--------------------------------------------------------
--  DDL for Table LEAVE_APPLICATION
--------------------------------------------------------

  CREATE TABLE "TEST_ACCOUNT"."LEAVE_APPLICATION" 
   (	"LEAVE_NOTE_ID" VARCHAR2(30 BYTE), 
	"LEAVE_APPLICATION_TIME" TIMESTAMP (6), 
	"LEAVE_START_DATE" TIMESTAMP (6), 
	"LEAVE_END_DATE" TIMESTAMP (6), 
	"LEAVE_NOTE_REMARK" VARCHAR2(10 BYTE)
   ) SEGMENT CREATION IMMEDIATE 
  PCTFREE 10 PCTUSED 40 INITRANS 1 MAXTRANS 255 
 NOCOMPRESS LOGGING
  STORAGE(INITIAL 65536 NEXT 1048576 MINEXTENTS 1 MAXEXTENTS 2147483645
  PCTINCREASE 0 FREELISTS 1 FREELIST GROUPS 1
  BUFFER_POOL DEFAULT FLASH_CACHE DEFAULT CELL_FLASH_CACHE DEFAULT)
  TABLESPACE "USERS" ;

   COMMENT ON COLUMN "TEST_ACCOUNT"."LEAVE_APPLICATION"."LEAVE_NOTE_ID" IS '假条ID';
   COMMENT ON COLUMN "TEST_ACCOUNT"."LEAVE_APPLICATION"."LEAVE_APPLICATION_TIME" IS '申请时间';
   COMMENT ON COLUMN "TEST_ACCOUNT"."LEAVE_APPLICATION"."LEAVE_START_DATE" IS '开始日期';
   COMMENT ON COLUMN "TEST_ACCOUNT"."LEAVE_APPLICATION"."LEAVE_END_DATE" IS '结束日期';
   COMMENT ON COLUMN "TEST_ACCOUNT"."LEAVE_APPLICATION"."LEAVE_NOTE_REMARK" IS '是否同意标记';
   COMMENT ON TABLE "TEST_ACCOUNT"."LEAVE_APPLICATION"  IS '假条申请';
--------------------------------------------------------
--  DDL for Table MEDICINE_DESCRIPTION
--------------------------------------------------------

  CREATE TABLE "TEST_ACCOUNT"."MEDICINE_DESCRIPTION" 
   (	"MEDICINE_NAME" VARCHAR2(100 BYTE), 
	"MEDICINE_TYPE" VARCHAR2(40 BYTE), 
	"APPLICABLE_SYMPTOM" VARCHAR2(600 BYTE), 
	"VULGO" VARCHAR2(200 BYTE), 
	"SPECIFICATION" VARCHAR2(500 BYTE), 
	"SINGLEDOSE" VARCHAR2(300 BYTE), 
	"ADMINISTRATION" VARCHAR2(400 BYTE), 
	"ATTENTION" VARCHAR2(400 BYTE), 
	"FREQUENCY" VARCHAR2(200 BYTE)
   ) SEGMENT CREATION IMMEDIATE 
  PCTFREE 10 PCTUSED 40 INITRANS 1 MAXTRANS 255 
 NOCOMPRESS LOGGING
  STORAGE(INITIAL 65536 NEXT 1048576 MINEXTENTS 1 MAXEXTENTS 2147483645
  PCTINCREASE 0 FREELISTS 1 FREELIST GROUPS 1
  BUFFER_POOL DEFAULT FLASH_CACHE DEFAULT CELL_FLASH_CACHE DEFAULT)
  TABLESPACE "USERS" ;

   COMMENT ON COLUMN "TEST_ACCOUNT"."MEDICINE_DESCRIPTION"."MEDICINE_NAME" IS '药品名称';
   COMMENT ON COLUMN "TEST_ACCOUNT"."MEDICINE_DESCRIPTION"."MEDICINE_TYPE" IS '药品类型';
   COMMENT ON COLUMN "TEST_ACCOUNT"."MEDICINE_DESCRIPTION"."APPLICABLE_SYMPTOM" IS '适用病症';
   COMMENT ON COLUMN "TEST_ACCOUNT"."MEDICINE_DESCRIPTION"."VULGO" IS '药品俗称，用于模糊搜索';
   COMMENT ON COLUMN "TEST_ACCOUNT"."MEDICINE_DESCRIPTION"."SPECIFICATION" IS '药品规格';
   COMMENT ON COLUMN "TEST_ACCOUNT"."MEDICINE_DESCRIPTION"."SINGLEDOSE" IS '单次剂量';
   COMMENT ON COLUMN "TEST_ACCOUNT"."MEDICINE_DESCRIPTION"."ADMINISTRATION" IS '服用方法';
   COMMENT ON COLUMN "TEST_ACCOUNT"."MEDICINE_DESCRIPTION"."ATTENTION" IS '注意事项';
   COMMENT ON COLUMN "TEST_ACCOUNT"."MEDICINE_DESCRIPTION"."FREQUENCY" IS '服用频率';
   COMMENT ON TABLE "TEST_ACCOUNT"."MEDICINE_DESCRIPTION"  IS '药品说明';
--------------------------------------------------------
--  DDL for Table MEDICINE_OUT
--------------------------------------------------------

  CREATE TABLE "TEST_ACCOUNT"."MEDICINE_OUT" 
   (	"MEDICINE_NAME" VARCHAR2(40 BYTE), 
	"MANUFACTURER" VARCHAR2(40 BYTE), 
	"PRODUCTION_DATE" DATE, 
	"PURCHASE_AMOUNT" NUMBER(*,0), 
	"DELIVER_DATE" TIMESTAMP (0), 
	"PATIENT_ID" VARCHAR2(20 BYTE)
   ) SEGMENT CREATION IMMEDIATE 
  PCTFREE 10 PCTUSED 40 INITRANS 1 MAXTRANS 255 
 NOCOMPRESS LOGGING
  STORAGE(INITIAL 65536 NEXT 1048576 MINEXTENTS 1 MAXEXTENTS 2147483645
  PCTINCREASE 0 FREELISTS 1 FREELIST GROUPS 1
  BUFFER_POOL DEFAULT FLASH_CACHE DEFAULT CELL_FLASH_CACHE DEFAULT)
  TABLESPACE "USERS" ;

   COMMENT ON COLUMN "TEST_ACCOUNT"."MEDICINE_OUT"."MEDICINE_NAME" IS '药品名称';
   COMMENT ON COLUMN "TEST_ACCOUNT"."MEDICINE_OUT"."MANUFACTURER" IS '生产厂家';
   COMMENT ON COLUMN "TEST_ACCOUNT"."MEDICINE_OUT"."PRODUCTION_DATE" IS '生产日期';
   COMMENT ON COLUMN "TEST_ACCOUNT"."MEDICINE_OUT"."PURCHASE_AMOUNT" IS '出库数量';
   COMMENT ON COLUMN "TEST_ACCOUNT"."MEDICINE_OUT"."DELIVER_DATE" IS '出库日期';
   COMMENT ON COLUMN "TEST_ACCOUNT"."MEDICINE_OUT"."PATIENT_ID" IS '就诊人';
   COMMENT ON TABLE "TEST_ACCOUNT"."MEDICINE_OUT"  IS '药品出库';
--------------------------------------------------------
--  DDL for Table MEDICINE_PURCHASE
--------------------------------------------------------

  CREATE TABLE "TEST_ACCOUNT"."MEDICINE_PURCHASE" 
   (	"MEDICINE_NAME" VARCHAR2(40 BYTE), 
	"MANUFACTURER" VARCHAR2(460 BYTE), 
	"PRODUCTION_DATE" DATE, 
	"PURCHASE_DATE" DATE, 
	"ADMINISTRATOR_ID" VARCHAR2(20 BYTE), 
	"PURCHASE_AMOUNT" NUMBER(*,0), 
	"PURCHASE_PRICE" NUMBER(6,2)
   ) SEGMENT CREATION IMMEDIATE 
  PCTFREE 10 PCTUSED 40 INITRANS 1 MAXTRANS 255 
 NOCOMPRESS LOGGING
  STORAGE(INITIAL 65536 NEXT 1048576 MINEXTENTS 1 MAXEXTENTS 2147483645
  PCTINCREASE 0 FREELISTS 1 FREELIST GROUPS 1
  BUFFER_POOL DEFAULT FLASH_CACHE DEFAULT CELL_FLASH_CACHE DEFAULT)
  TABLESPACE "USERS" ;

   COMMENT ON COLUMN "TEST_ACCOUNT"."MEDICINE_PURCHASE"."MEDICINE_NAME" IS '药品名称';
   COMMENT ON COLUMN "TEST_ACCOUNT"."MEDICINE_PURCHASE"."MANUFACTURER" IS '生产厂家';
   COMMENT ON COLUMN "TEST_ACCOUNT"."MEDICINE_PURCHASE"."PRODUCTION_DATE" IS '生产日期';
   COMMENT ON COLUMN "TEST_ACCOUNT"."MEDICINE_PURCHASE"."PURCHASE_DATE" IS '采购日期';
   COMMENT ON COLUMN "TEST_ACCOUNT"."MEDICINE_PURCHASE"."ADMINISTRATOR_ID" IS '采购管理员';
   COMMENT ON COLUMN "TEST_ACCOUNT"."MEDICINE_PURCHASE"."PURCHASE_AMOUNT" IS '采购数量';
   COMMENT ON COLUMN "TEST_ACCOUNT"."MEDICINE_PURCHASE"."PURCHASE_PRICE" IS '采购价格';
   COMMENT ON TABLE "TEST_ACCOUNT"."MEDICINE_PURCHASE"  IS '药品购买';
--------------------------------------------------------
--  DDL for Table MEDICINE_SELL
--------------------------------------------------------

  CREATE TABLE "TEST_ACCOUNT"."MEDICINE_SELL" 
   (	"MEDICINE_NAME" VARCHAR2(40 BYTE), 
	"MANUFACTURER" VARCHAR2(80 BYTE), 
	"SELLING_PRICE" NUMBER(6,2)
   ) SEGMENT CREATION IMMEDIATE 
  PCTFREE 10 PCTUSED 40 INITRANS 1 MAXTRANS 255 
 NOCOMPRESS LOGGING
  STORAGE(INITIAL 65536 NEXT 1048576 MINEXTENTS 1 MAXEXTENTS 2147483645
  PCTINCREASE 0 FREELISTS 1 FREELIST GROUPS 1
  BUFFER_POOL DEFAULT FLASH_CACHE DEFAULT CELL_FLASH_CACHE DEFAULT)
  TABLESPACE "USERS" ;

   COMMENT ON COLUMN "TEST_ACCOUNT"."MEDICINE_SELL"."MEDICINE_NAME" IS '药品名称';
   COMMENT ON COLUMN "TEST_ACCOUNT"."MEDICINE_SELL"."MANUFACTURER" IS '生产厂家';
   COMMENT ON COLUMN "TEST_ACCOUNT"."MEDICINE_SELL"."SELLING_PRICE" IS '药品售价';
   COMMENT ON TABLE "TEST_ACCOUNT"."MEDICINE_SELL"  IS '药品销售';
--------------------------------------------------------
--  DDL for Table MEDICINE_STOCK
--------------------------------------------------------

  CREATE TABLE "TEST_ACCOUNT"."MEDICINE_STOCK" 
   (	"MEDICINE_NAME" VARCHAR2(40 BYTE), 
	"MANUFACTURER" VARCHAR2(40 BYTE), 
	"PRODUCTION_DATE" DATE, 
	"MEDICINE_SHELFLIFE" NUMBER(*,0), 
	"MEDICINE_AMOUNT" NUMBER(*,0), 
	"THRESHOLD_VALUE" NUMBER(*,0), 
	"CLEAN_DATE" DATE, 
	"CLEAN_ADMINISTRATOR" VARCHAR2(20 BYTE)
   ) SEGMENT CREATION IMMEDIATE 
  PCTFREE 10 PCTUSED 40 INITRANS 1 MAXTRANS 255 
 NOCOMPRESS LOGGING
  STORAGE(INITIAL 65536 NEXT 1048576 MINEXTENTS 1 MAXEXTENTS 2147483645
  PCTINCREASE 0 FREELISTS 1 FREELIST GROUPS 1
  BUFFER_POOL DEFAULT FLASH_CACHE DEFAULT CELL_FLASH_CACHE DEFAULT)
  TABLESPACE "USERS" ;

   COMMENT ON COLUMN "TEST_ACCOUNT"."MEDICINE_STOCK"."MEDICINE_NAME" IS '药品名称';
   COMMENT ON COLUMN "TEST_ACCOUNT"."MEDICINE_STOCK"."MANUFACTURER" IS '生产厂家';
   COMMENT ON COLUMN "TEST_ACCOUNT"."MEDICINE_STOCK"."PRODUCTION_DATE" IS '生产日期';
   COMMENT ON COLUMN "TEST_ACCOUNT"."MEDICINE_STOCK"."MEDICINE_SHELFLIFE" IS '保质期';
   COMMENT ON COLUMN "TEST_ACCOUNT"."MEDICINE_STOCK"."MEDICINE_AMOUNT" IS '药品数量';
   COMMENT ON COLUMN "TEST_ACCOUNT"."MEDICINE_STOCK"."THRESHOLD_VALUE" IS '库存预警阈值';
   COMMENT ON COLUMN "TEST_ACCOUNT"."MEDICINE_STOCK"."CLEAN_DATE" IS '被清理日期';
   COMMENT ON COLUMN "TEST_ACCOUNT"."MEDICINE_STOCK"."CLEAN_ADMINISTRATOR" IS '清理负责管理员';
   COMMENT ON TABLE "TEST_ACCOUNT"."MEDICINE_STOCK"  IS '药品库存';
--------------------------------------------------------
--  DDL for Table OUTPATIENT_ORDER
--------------------------------------------------------

  CREATE TABLE "TEST_ACCOUNT"."OUTPATIENT_ORDER" 
   (	"ORDER_ID" VARCHAR2(30 BYTE), 
	"PATIENT_ID" VARCHAR2(20 BYTE), 
	"ORDER_TIME" TIMESTAMP (6)
   ) SEGMENT CREATION IMMEDIATE 
  PCTFREE 10 PCTUSED 40 INITRANS 1 MAXTRANS 255 
 NOCOMPRESS LOGGING
  STORAGE(INITIAL 65536 NEXT 1048576 MINEXTENTS 1 MAXEXTENTS 2147483645
  PCTINCREASE 0 FREELISTS 1 FREELIST GROUPS 1
  BUFFER_POOL DEFAULT FLASH_CACHE DEFAULT CELL_FLASH_CACHE DEFAULT)
  TABLESPACE "USERS" ;

   COMMENT ON COLUMN "TEST_ACCOUNT"."OUTPATIENT_ORDER"."ORDER_ID" IS '订单ID';
   COMMENT ON COLUMN "TEST_ACCOUNT"."OUTPATIENT_ORDER"."PATIENT_ID" IS '就诊人ID';
   COMMENT ON COLUMN "TEST_ACCOUNT"."OUTPATIENT_ORDER"."ORDER_TIME" IS '下单时间';
   COMMENT ON TABLE "TEST_ACCOUNT"."OUTPATIENT_ORDER"  IS '门诊订单';
--------------------------------------------------------
--  DDL for Table PATIENT
--------------------------------------------------------

  CREATE TABLE "TEST_ACCOUNT"."PATIENT" 
   (	"PATIENT_ID" VARCHAR2(20 BYTE), 
	"NAME" VARCHAR2(20 BYTE), 
	"GENDER" NUMBER(1,0), 
	"BIRTH_DATE" DATE, 
	"CONTACT" VARCHAR2(20 BYTE), 
	"PASSWORD" VARCHAR2(200 BYTE), 
	"COLLEGE" VARCHAR2(40 BYTE), 
	"COUNSELLOR" VARCHAR2(20 BYTE)
   ) SEGMENT CREATION IMMEDIATE 
  PCTFREE 10 PCTUSED 40 INITRANS 1 MAXTRANS 255 
 NOCOMPRESS LOGGING
  STORAGE(INITIAL 65536 NEXT 1048576 MINEXTENTS 1 MAXEXTENTS 2147483645
  PCTINCREASE 0 FREELISTS 1 FREELIST GROUPS 1
  BUFFER_POOL DEFAULT FLASH_CACHE DEFAULT CELL_FLASH_CACHE DEFAULT)
  TABLESPACE "USERS" ;

   COMMENT ON COLUMN "TEST_ACCOUNT"."PATIENT"."PATIENT_ID" IS '就诊人ID';
   COMMENT ON COLUMN "TEST_ACCOUNT"."PATIENT"."NAME" IS '就诊人姓名';
   COMMENT ON COLUMN "TEST_ACCOUNT"."PATIENT"."GENDER" IS '性别';
   COMMENT ON COLUMN "TEST_ACCOUNT"."PATIENT"."BIRTH_DATE" IS '可派生出就诊人年龄';
   COMMENT ON COLUMN "TEST_ACCOUNT"."PATIENT"."CONTACT" IS '联系方式';
   COMMENT ON COLUMN "TEST_ACCOUNT"."PATIENT"."PASSWORD" IS '密码';
   COMMENT ON COLUMN "TEST_ACCOUNT"."PATIENT"."COLLEGE" IS '学院';
   COMMENT ON COLUMN "TEST_ACCOUNT"."PATIENT"."COUNSELLOR" IS '辅导员';
   COMMENT ON TABLE "TEST_ACCOUNT"."PATIENT"  IS '就诊人';
--------------------------------------------------------
--  DDL for Table PRESCRIPTION
--------------------------------------------------------

  CREATE TABLE "TEST_ACCOUNT"."PRESCRIPTION" 
   (	"PRESCRIPTION_ID" VARCHAR2(40 BYTE), 
	"TOTAL_PRICE" NUMBER(6,2), 
	"DOCTOR_ID" VARCHAR2(20 BYTE), 
	"PAYSTATE" NUMBER(*,0) DEFAULT 0
   ) SEGMENT CREATION IMMEDIATE 
  PCTFREE 10 PCTUSED 40 INITRANS 1 MAXTRANS 255 
 NOCOMPRESS LOGGING
  STORAGE(INITIAL 65536 NEXT 1048576 MINEXTENTS 1 MAXEXTENTS 2147483645
  PCTINCREASE 0 FREELISTS 1 FREELIST GROUPS 1
  BUFFER_POOL DEFAULT FLASH_CACHE DEFAULT CELL_FLASH_CACHE DEFAULT)
  TABLESPACE "USERS" ;

   COMMENT ON COLUMN "TEST_ACCOUNT"."PRESCRIPTION"."PRESCRIPTION_ID" IS '处方编号';
   COMMENT ON COLUMN "TEST_ACCOUNT"."PRESCRIPTION"."TOTAL_PRICE" IS '总金额';
   COMMENT ON COLUMN "TEST_ACCOUNT"."PRESCRIPTION"."DOCTOR_ID" IS '主治医师';
   COMMENT ON COLUMN "TEST_ACCOUNT"."PRESCRIPTION"."PAYSTATE" IS '0为未支付，1为支付';
   COMMENT ON TABLE "TEST_ACCOUNT"."PRESCRIPTION"  IS '处方';
--------------------------------------------------------
--  DDL for Table PRESCRIPTION_MEDICINE
--------------------------------------------------------

  CREATE TABLE "TEST_ACCOUNT"."PRESCRIPTION_MEDICINE" 
   (	"PRESCRIPTION_ID" VARCHAR2(40 BYTE), 
	"MEDICINE_NAME" VARCHAR2(200 BYTE), 
	"MEDICATION_INSTRUCTION" VARCHAR2(800 BYTE), 
	"MEDICINE_PRICE" NUMBER(6,2), 
	"QUANTITY" NUMBER(*,0) DEFAULT 1
   ) SEGMENT CREATION IMMEDIATE 
  PCTFREE 10 PCTUSED 40 INITRANS 1 MAXTRANS 255 
 NOCOMPRESS LOGGING
  STORAGE(INITIAL 65536 NEXT 1048576 MINEXTENTS 1 MAXEXTENTS 2147483645
  PCTINCREASE 0 FREELISTS 1 FREELIST GROUPS 1
  BUFFER_POOL DEFAULT FLASH_CACHE DEFAULT CELL_FLASH_CACHE DEFAULT)
  TABLESPACE "USERS" ;

   COMMENT ON COLUMN "TEST_ACCOUNT"."PRESCRIPTION_MEDICINE"."PRESCRIPTION_ID" IS '处方编号';
   COMMENT ON COLUMN "TEST_ACCOUNT"."PRESCRIPTION_MEDICINE"."MEDICINE_NAME" IS '药品名称';
   COMMENT ON COLUMN "TEST_ACCOUNT"."PRESCRIPTION_MEDICINE"."MEDICATION_INSTRUCTION" IS '服用方式';
   COMMENT ON COLUMN "TEST_ACCOUNT"."PRESCRIPTION_MEDICINE"."MEDICINE_PRICE" IS '药品价格';
   COMMENT ON COLUMN "TEST_ACCOUNT"."PRESCRIPTION_MEDICINE"."QUANTITY" IS '药品数量';
   COMMENT ON TABLE "TEST_ACCOUNT"."PRESCRIPTION_MEDICINE"  IS '处方药品表';
--------------------------------------------------------
--  DDL for Table REGISTRATION
--------------------------------------------------------

  CREATE TABLE "TEST_ACCOUNT"."REGISTRATION" 
   (	"PATIENT_ID" VARCHAR2(20 BYTE), 
	"DOCTOR_ID" VARCHAR2(20 BYTE), 
	"APPOINTMENT_TIME" DATE, 
	"PERIOD" NUMBER(*,0), 
	"REGISTORDER" NUMBER(*,0), 
	"STATE" NUMBER(*,0), 
	"PRESCRIPTIONID" VARCHAR2(200 BYTE), 
	"CHECKIN" NUMBER(*,0) DEFAULT 0, 
	"QRCODEURL" VARCHAR2(2000 BYTE), 
	"ORDERTIME" TIMESTAMP (0)
   ) SEGMENT CREATION IMMEDIATE 
  PCTFREE 10 PCTUSED 40 INITRANS 1 MAXTRANS 255 
 NOCOMPRESS LOGGING
  STORAGE(INITIAL 65536 NEXT 1048576 MINEXTENTS 1 MAXEXTENTS 2147483645
  PCTINCREASE 0 FREELISTS 1 FREELIST GROUPS 1
  BUFFER_POOL DEFAULT FLASH_CACHE DEFAULT CELL_FLASH_CACHE DEFAULT)
  TABLESPACE "USERS" ;

   COMMENT ON COLUMN "TEST_ACCOUNT"."REGISTRATION"."PATIENT_ID" IS '就诊人ID';
   COMMENT ON COLUMN "TEST_ACCOUNT"."REGISTRATION"."DOCTOR_ID" IS '医生ID';
   COMMENT ON COLUMN "TEST_ACCOUNT"."REGISTRATION"."APPOINTMENT_TIME" IS '预约时间';
   COMMENT ON COLUMN "TEST_ACCOUNT"."REGISTRATION"."PERIOD" IS '预约时间段表示：8：00-9：00为1，9：00-10：00为2，以此类推，最后一个16：00-17：00为7，11点下班，13点上班';
   COMMENT ON COLUMN "TEST_ACCOUNT"."REGISTRATION"."REGISTORDER" IS '排队顺序';
   COMMENT ON COLUMN "TEST_ACCOUNT"."REGISTRATION"."STATE" IS '是否接诊状态，未就诊0，已就诊1，取消挂号-1';
   COMMENT ON COLUMN "TEST_ACCOUNT"."REGISTRATION"."PRESCRIPTIONID" IS '处方订单号';
   COMMENT ON COLUMN "TEST_ACCOUNT"."REGISTRATION"."CHECKIN" IS '是否已报道，0没有，1报道';
   COMMENT ON COLUMN "TEST_ACCOUNT"."REGISTRATION"."QRCODEURL" IS '报道二维码url';
   COMMENT ON COLUMN "TEST_ACCOUNT"."REGISTRATION"."ORDERTIME" IS '挂号时间';
   COMMENT ON TABLE "TEST_ACCOUNT"."REGISTRATION"  IS '挂号';
--------------------------------------------------------
--  DDL for Table TEMPLATE
--------------------------------------------------------

  CREATE TABLE "TEST_ACCOUNT"."TEMPLATE" 
   (	"PROBLEM" VARCHAR2(100 BYTE), 
	"ILLNESS" VARCHAR2(50 BYTE), 
	"COLUMN1" VARCHAR2(50 BYTE), 
	"SYMPTOM" VARCHAR2(50 BYTE), 
	"DIAGNOSE" VARCHAR2(30 BYTE), 
	"PRESCRIPTION" VARCHAR2(20 BYTE), 
	"MEDICINE" VARCHAR2(70 BYTE), 
	"NAME" VARCHAR2(40 BYTE)
   ) SEGMENT CREATION IMMEDIATE 
  PCTFREE 10 PCTUSED 40 INITRANS 1 MAXTRANS 255 
 NOCOMPRESS LOGGING
  STORAGE(INITIAL 65536 NEXT 1048576 MINEXTENTS 1 MAXEXTENTS 2147483645
  PCTINCREASE 0 FREELISTS 1 FREELIST GROUPS 1
  BUFFER_POOL DEFAULT FLASH_CACHE DEFAULT CELL_FLASH_CACHE DEFAULT)
  TABLESPACE "USERS" ;

   COMMENT ON COLUMN "TEST_ACCOUNT"."TEMPLATE"."PROBLEM" IS '主诉';
   COMMENT ON COLUMN "TEST_ACCOUNT"."TEMPLATE"."ILLNESS" IS '现疾史';
   COMMENT ON COLUMN "TEST_ACCOUNT"."TEMPLATE"."COLUMN1" IS '既往史';
   COMMENT ON COLUMN "TEST_ACCOUNT"."TEMPLATE"."SYMPTOM" IS '体症';
   COMMENT ON COLUMN "TEST_ACCOUNT"."TEMPLATE"."DIAGNOSE" IS '诊断';
   COMMENT ON COLUMN "TEST_ACCOUNT"."TEMPLATE"."PRESCRIPTION" IS '诊疗建议';
   COMMENT ON COLUMN "TEST_ACCOUNT"."TEMPLATE"."MEDICINE" IS '处方';
   COMMENT ON COLUMN "TEST_ACCOUNT"."TEMPLATE"."NAME" IS '名称';
--------------------------------------------------------
--  DDL for Table TREATMENT_FEEDBACK
--------------------------------------------------------

  CREATE TABLE "TEST_ACCOUNT"."TREATMENT_FEEDBACK" 
   (	"PATIENT_ID" VARCHAR2(20 BYTE), 
	"DOCTOR_ID" VARCHAR2(20 BYTE), 
	"TREATMENT_SCORE" NUMBER(*,0), 
	"EVALUATION" VARCHAR2(200 BYTE), 
	"DIAGNOSEDID" VARCHAR2(40 BYTE)
   ) SEGMENT CREATION IMMEDIATE 
  PCTFREE 10 PCTUSED 40 INITRANS 1 MAXTRANS 255 
 NOCOMPRESS LOGGING
  STORAGE(INITIAL 65536 NEXT 1048576 MINEXTENTS 1 MAXEXTENTS 2147483645
  PCTINCREASE 0 FREELISTS 1 FREELIST GROUPS 1
  BUFFER_POOL DEFAULT FLASH_CACHE DEFAULT CELL_FLASH_CACHE DEFAULT)
  TABLESPACE "USERS" ;

   COMMENT ON COLUMN "TEST_ACCOUNT"."TREATMENT_FEEDBACK"."PATIENT_ID" IS '就诊人ID v';
   COMMENT ON COLUMN "TEST_ACCOUNT"."TREATMENT_FEEDBACK"."DOCTOR_ID" IS '医生ID';
   COMMENT ON COLUMN "TEST_ACCOUNT"."TREATMENT_FEEDBACK"."TREATMENT_SCORE" IS '就诊评分';
   COMMENT ON COLUMN "TEST_ACCOUNT"."TREATMENT_FEEDBACK"."EVALUATION" IS '详细评价';
   COMMENT ON COLUMN "TEST_ACCOUNT"."TREATMENT_FEEDBACK"."DIAGNOSEDID" IS '诊断记录号';
   COMMENT ON TABLE "TEST_ACCOUNT"."TREATMENT_FEEDBACK"  IS '就诊反馈';
--------------------------------------------------------
--  DDL for Table TREATMENT_RECORD
--------------------------------------------------------

  CREATE TABLE "TEST_ACCOUNT"."TREATMENT_RECORD" 
   (	"DIAGNOSIS_RECORD_ID" VARCHAR2(30 BYTE), 
	"DOCTOR_ID" VARCHAR2(20 BYTE), 
	"PATIENT_ID" VARCHAR2(20 BYTE), 
	"LEAVE_NOTE_ID" VARCHAR2(30 BYTE)
   ) SEGMENT CREATION IMMEDIATE 
  PCTFREE 10 PCTUSED 40 INITRANS 1 MAXTRANS 255 
 NOCOMPRESS LOGGING
  STORAGE(INITIAL 65536 NEXT 1048576 MINEXTENTS 1 MAXEXTENTS 2147483645
  PCTINCREASE 0 FREELISTS 1 FREELIST GROUPS 1
  BUFFER_POOL DEFAULT FLASH_CACHE DEFAULT CELL_FLASH_CACHE DEFAULT)
  TABLESPACE "USERS" ;

   COMMENT ON COLUMN "TEST_ACCOUNT"."TREATMENT_RECORD"."DIAGNOSIS_RECORD_ID" IS '诊断记录ID';
   COMMENT ON COLUMN "TEST_ACCOUNT"."TREATMENT_RECORD"."DOCTOR_ID" IS '医生ID';
   COMMENT ON COLUMN "TEST_ACCOUNT"."TREATMENT_RECORD"."PATIENT_ID" IS '就诊人ID';
   COMMENT ON COLUMN "TEST_ACCOUNT"."TREATMENT_RECORD"."LEAVE_NOTE_ID" IS '假条ID';
   COMMENT ON TABLE "TEST_ACCOUNT"."TREATMENT_RECORD"  IS '转诊记录';
--------------------------------------------------------
--  DDL for Table TREATMENT_RECORD2
--------------------------------------------------------

  CREATE TABLE "TEST_ACCOUNT"."TREATMENT_RECORD2" 
   (	"DIAGNOSE_ID" VARCHAR2(30 BYTE), 
	"DIAGNOSE_TIME" TIMESTAMP (6), 
	"COMMENTSTATE" NUMBER(*,0) DEFAULT 0, 
	"SELFREPORTED" VARCHAR2(2000 BYTE), 
	"PRESENTHIS" VARCHAR2(2000 BYTE), 
	"ANAMNESIS" VARCHAR2(2000 BYTE), 
	"SIGN" VARCHAR2(1000 BYTE), 
	"CLINICDIA" VARCHAR2(2000 BYTE), 
	"ADVICE" VARCHAR2(2000 BYTE), 
	"KINDQUANTITY" NUMBER(*,0)
   ) SEGMENT CREATION IMMEDIATE 
  PCTFREE 10 PCTUSED 40 INITRANS 1 MAXTRANS 255 
 NOCOMPRESS LOGGING
  STORAGE(INITIAL 65536 NEXT 1048576 MINEXTENTS 1 MAXEXTENTS 2147483645
  PCTINCREASE 0 FREELISTS 1 FREELIST GROUPS 1
  BUFFER_POOL DEFAULT FLASH_CACHE DEFAULT CELL_FLASH_CACHE DEFAULT)
  TABLESPACE "USERS" ;

   COMMENT ON COLUMN "TEST_ACCOUNT"."TREATMENT_RECORD2"."DIAGNOSE_ID" IS '诊断记录编号';
   COMMENT ON COLUMN "TEST_ACCOUNT"."TREATMENT_RECORD2"."DIAGNOSE_TIME" IS '诊断时间';
   COMMENT ON COLUMN "TEST_ACCOUNT"."TREATMENT_RECORD2"."COMMENTSTATE" IS '标记是否已进行评价0未评价，1评价';
   COMMENT ON COLUMN "TEST_ACCOUNT"."TREATMENT_RECORD2"."SELFREPORTED" IS '主诉';
   COMMENT ON COLUMN "TEST_ACCOUNT"."TREATMENT_RECORD2"."PRESENTHIS" IS '现病史';
   COMMENT ON COLUMN "TEST_ACCOUNT"."TREATMENT_RECORD2"."ANAMNESIS" IS '既往病史';
   COMMENT ON COLUMN "TEST_ACCOUNT"."TREATMENT_RECORD2"."SIGN" IS '体征';
   COMMENT ON COLUMN "TEST_ACCOUNT"."TREATMENT_RECORD2"."CLINICDIA" IS '门诊诊断';
   COMMENT ON COLUMN "TEST_ACCOUNT"."TREATMENT_RECORD2"."ADVICE" IS '诊疗建议';
   COMMENT ON COLUMN "TEST_ACCOUNT"."TREATMENT_RECORD2"."KINDQUANTITY" IS '药品种类数量';
   COMMENT ON TABLE "TEST_ACCOUNT"."TREATMENT_RECORD2"  IS '诊断记录';
REM INSERTING into TEST_ACCOUNT.ADMINISTRATOR
SET DEFINE OFF;
Insert into TEST_ACCOUNT.ADMINISTRATOR (ADMINISTRATOR_ID,NAME,GENDER,BIRTHDATE,CONTACT,PASSWORD) values ('23202','李云书',0,to_date('16-8月 -23','DD-MON-RR'),'13890987654','100001');
Insert into TEST_ACCOUNT.ADMINISTRATOR (ADMINISTRATOR_ID,NAME,GENDER,BIRTHDATE,CONTACT,PASSWORD) values ('23203','张伟',1,to_date('28-9月 -23','DD-MON-RR'),'507464','1');
Insert into TEST_ACCOUNT.ADMINISTRATOR (ADMINISTRATOR_ID,NAME,GENDER,BIRTHDATE,CONTACT,PASSWORD) values ('23201','张敬',1,to_date('16-8月 -23','DD-MON-RR'),'18273648394','869463');
Insert into TEST_ACCOUNT.ADMINISTRATOR (ADMINISTRATOR_ID,NAME,GENDER,BIRTHDATE,CONTACT,PASSWORD) values ('23204','李军',1,to_date('26-9月 -23','DD-MON-RR'),'5074641','1');
REM INSERTING into TEST_ACCOUNT.CHATRECORD
SET DEFINE OFF;
Insert into TEST_ACCOUNT.CHATRECORD (RECORDID,DOCTOR_ID,PATIENT_ID,MESSAGE,SENDER_TYPE,TIMESTAMP,READ_STATUS) values ('202309112152896230045','23004','2152896','hello world',0,to_timestamp('06-9月 -23 11.52.37.838000000 上午','DD-MON-RR HH.MI.SS.FF AM'),0);
Insert into TEST_ACCOUNT.CHATRECORD (RECORDID,DOCTOR_ID,PATIENT_ID,MESSAGE,SENDER_TYPE,TIMESTAMP,READ_STATUS) values ('202309112152896230045','23004','2152896','hello again',0,to_timestamp('06-9月 -23 12.34.51.100000000 下午','DD-MON-RR HH.MI.SS.FF AM'),0);
Insert into TEST_ACCOUNT.CHATRECORD (RECORDID,DOCTOR_ID,PATIENT_ID,MESSAGE,SENDER_TYPE,TIMESTAMP,READ_STATUS) values ('202309112152896230045','23004','2152896','54',0,to_timestamp('06-9月 -23 01.07.43.228000000 下午','DD-MON-RR HH.MI.SS.FF AM'),0);
Insert into TEST_ACCOUNT.CHATRECORD (RECORDID,DOCTOR_ID,PATIENT_ID,MESSAGE,SENDER_TYPE,TIMESTAMP,READ_STATUS) values ('202309112152896230045','23004','2152896','tfyry',0,to_timestamp('06-9月 -23 01.39.47.704000000 下午','DD-MON-RR HH.MI.SS.FF AM'),0);
Insert into TEST_ACCOUNT.CHATRECORD (RECORDID,DOCTOR_ID,PATIENT_ID,MESSAGE,SENDER_TYPE,TIMESTAMP,READ_STATUS) values ('202309062152896230041','23004','2152896','asd',0,to_timestamp('07-9月 -23 06.19.36.970000000 上午','DD-MON-RR HH.MI.SS.FF AM'),0);
Insert into TEST_ACCOUNT.CHATRECORD (RECORDID,DOCTOR_ID,PATIENT_ID,MESSAGE,SENDER_TYPE,TIMESTAMP,READ_STATUS) values ('202309062152896230041','23004','2152896','ieuf',1,to_timestamp('07-9月 -23 07.39.04.872000000 上午','DD-MON-RR HH.MI.SS.FF AM'),0);
Insert into TEST_ACCOUNT.CHATRECORD (RECORDID,DOCTOR_ID,PATIENT_ID,MESSAGE,SENDER_TYPE,TIMESTAMP,READ_STATUS) values ('202309152152896230041','23004','2152896','医生好，请问吃了两天药感觉病情好转了，请问还要继续吃药吗',0,to_timestamp('08-9月 -23 09.43.05.398000000 上午','DD-MON-RR HH.MI.SS.FF AM'),0);
Insert into TEST_ACCOUNT.CHATRECORD (RECORDID,DOCTOR_ID,PATIENT_ID,MESSAGE,SENDER_TYPE,TIMESTAMP,READ_STATUS) values ('202309082152896230045','23004','2152896','不能多吃，就按原来的剂量吃',1,to_timestamp('08-9月 -23 11.09.16.284000000 上午','DD-MON-RR HH.MI.SS.FF AM'),0);
Insert into TEST_ACCOUNT.CHATRECORD (RECORDID,DOCTOR_ID,PATIENT_ID,MESSAGE,SENDER_TYPE,TIMESTAMP,READ_STATUS) values ('202309092152896230044','23004','2152896','你好',0,to_timestamp('09-9月 -23 05.09.15.346000000 上午','DD-MON-RR HH.MI.SS.FF AM'),0);
Insert into TEST_ACCOUNT.CHATRECORD (RECORDID,DOCTOR_ID,PATIENT_ID,MESSAGE,SENDER_TYPE,TIMESTAMP,READ_STATUS) values ('202309092053246230072','23007','2053246','哈喽哈喽，什么事呀',1,to_timestamp('09-9月 -23 06.56.12.756000000 上午','DD-MON-RR HH.MI.SS.FF AM'),0);
Insert into TEST_ACCOUNT.CHATRECORD (RECORDID,DOCTOR_ID,PATIENT_ID,MESSAGE,SENDER_TYPE,TIMESTAMP,READ_STATUS) values ('202309062152896230041','23004','2152896','asa',1,to_timestamp('07-9月 -23 03.31.54.836000000 上午','DD-MON-RR HH.MI.SS.FF AM'),0);
Insert into TEST_ACCOUNT.CHATRECORD (RECORDID,DOCTOR_ID,PATIENT_ID,MESSAGE,SENDER_TYPE,TIMESTAMP,READ_STATUS) values ('202309112152896230045','23004','2152896','44',0,to_timestamp('06-9月 -23 01.00.52.484000000 下午','DD-MON-RR HH.MI.SS.FF AM'),0);
Insert into TEST_ACCOUNT.CHATRECORD (RECORDID,DOCTOR_ID,PATIENT_ID,MESSAGE,SENDER_TYPE,TIMESTAMP,READ_STATUS) values ('202309082152896230043','23004','2152896','医生好，现在感觉病情好转了，请问还要继续吃药吗',0,to_timestamp('08-9月 -23 09.43.39.382000000 上午','DD-MON-RR HH.MI.SS.FF AM'),0);
Insert into TEST_ACCOUNT.CHATRECORD (RECORDID,DOCTOR_ID,PATIENT_ID,MESSAGE,SENDER_TYPE,TIMESTAMP,READ_STATUS) values ('202309082152896230043','23004','2152896','病情好转就不需要继续吃药了',1,to_timestamp('08-9月 -23 09.47.04.935000000 上午','DD-MON-RR HH.MI.SS.FF AM'),0);
Insert into TEST_ACCOUNT.CHATRECORD (RECORDID,DOCTOR_ID,PATIENT_ID,MESSAGE,SENDER_TYPE,TIMESTAMP,READ_STATUS) values ('202309082152896230045','23004','2152896','医生好，有一次喝酒肚子疼得比之前更厉害，开的药可以多吃一些吗，效果会不会好一些',0,to_timestamp('08-9月 -23 11.04.38.327000000 上午','DD-MON-RR HH.MI.SS.FF AM'),0);
Insert into TEST_ACCOUNT.CHATRECORD (RECORDID,DOCTOR_ID,PATIENT_ID,MESSAGE,SENDER_TYPE,TIMESTAMP,READ_STATUS) values ('202309112152896230045','23004','2152896','qqqq',0,to_timestamp('06-9月 -23 12.59.04.034000000 下午','DD-MON-RR HH.MI.SS.FF AM'),0);
Insert into TEST_ACCOUNT.CHATRECORD (RECORDID,DOCTOR_ID,PATIENT_ID,MESSAGE,SENDER_TYPE,TIMESTAMP,READ_STATUS) values ('202309112152896230045','23004','2152896','hhhh',1,to_timestamp('06-9月 -23 07.52.37.838000000 下午','DD-MON-RR HH.MI.SS.FF AM'),0);
Insert into TEST_ACCOUNT.CHATRECORD (RECORDID,DOCTOR_ID,PATIENT_ID,MESSAGE,SENDER_TYPE,TIMESTAMP,READ_STATUS) values ('202309112152896230045','23004','2152896','123',0,to_timestamp('06-9月 -23 12.55.26.819000000 下午','DD-MON-RR HH.MI.SS.FF AM'),0);
Insert into TEST_ACCOUNT.CHATRECORD (RECORDID,DOCTOR_ID,PATIENT_ID,MESSAGE,SENDER_TYPE,TIMESTAMP,READ_STATUS) values ('202309112152896230045','23004','2152896','abc',0,to_timestamp('06-9月 -23 12.56.39.532000000 下午','DD-MON-RR HH.MI.SS.FF AM'),0);
Insert into TEST_ACCOUNT.CHATRECORD (RECORDID,DOCTOR_ID,PATIENT_ID,MESSAGE,SENDER_TYPE,TIMESTAMP,READ_STATUS) values ('202309112152896230045','23004','2152896','1211',0,to_timestamp('06-9月 -23 12.59.59.584000000 下午','DD-MON-RR HH.MI.SS.FF AM'),0);
Insert into TEST_ACCOUNT.CHATRECORD (RECORDID,DOCTOR_ID,PATIENT_ID,MESSAGE,SENDER_TYPE,TIMESTAMP,READ_STATUS) values ('202309112152896230045','23004','2152896','404',0,to_timestamp('06-9月 -23 01.01.52.484000000 下午','DD-MON-RR HH.MI.SS.FF AM'),0);
Insert into TEST_ACCOUNT.CHATRECORD (RECORDID,DOCTOR_ID,PATIENT_ID,MESSAGE,SENDER_TYPE,TIMESTAMP,READ_STATUS) values ('202309112152896230045','23004','2152896','qq',0,to_timestamp('06-9月 -23 01.06.56.324000000 下午','DD-MON-RR HH.MI.SS.FF AM'),0);
Insert into TEST_ACCOUNT.CHATRECORD (RECORDID,DOCTOR_ID,PATIENT_ID,MESSAGE,SENDER_TYPE,TIMESTAMP,READ_STATUS) values ('202309112152896230045','23004','2152896','5464',0,to_timestamp('06-9月 -23 01.08.18.821000000 下午','DD-MON-RR HH.MI.SS.FF AM'),0);
Insert into TEST_ACCOUNT.CHATRECORD (RECORDID,DOCTOR_ID,PATIENT_ID,MESSAGE,SENDER_TYPE,TIMESTAMP,READ_STATUS) values ('202309062152896230041','23004','2152896','as',1,to_timestamp('07-9月 -23 03.54.30.704000000 上午','DD-MON-RR HH.MI.SS.FF AM'),0);
Insert into TEST_ACCOUNT.CHATRECORD (RECORDID,DOCTOR_ID,PATIENT_ID,MESSAGE,SENDER_TYPE,TIMESTAMP,READ_STATUS) values ('202309112152896230043','23004','2152896','医生您好，请问上次的药如何服用',0,to_timestamp('07-9月 -23 11.41.45.870000000 上午','DD-MON-RR HH.MI.SS.FF AM'),0);
Insert into TEST_ACCOUNT.CHATRECORD (RECORDID,DOCTOR_ID,PATIENT_ID,MESSAGE,SENDER_TYPE,TIMESTAMP,READ_STATUS) values ('202309082152896230042','23004','2152896','医生你好，现在开始发烧了，请问需要吃退烧药吗',0,to_timestamp('08-9月 -23 11.04.05.079000000 上午','DD-MON-RR HH.MI.SS.FF AM'),0);
Insert into TEST_ACCOUNT.CHATRECORD (RECORDID,DOCTOR_ID,PATIENT_ID,MESSAGE,SENDER_TYPE,TIMESTAMP,READ_STATUS) values ('202309092053246230072','23007','2053246','你好呀',0,to_timestamp('09-9月 -23 06.55.03.419000000 上午','DD-MON-RR HH.MI.SS.FF AM'),0);
Insert into TEST_ACCOUNT.CHATRECORD (RECORDID,DOCTOR_ID,PATIENT_ID,MESSAGE,SENDER_TYPE,TIMESTAMP,READ_STATUS) values ('202309112152896230045','23004','2152896','wow',0,to_timestamp('06-9月 -23 12.50.53.856000000 下午','DD-MON-RR HH.MI.SS.FF AM'),0);
Insert into TEST_ACCOUNT.CHATRECORD (RECORDID,DOCTOR_ID,PATIENT_ID,MESSAGE,SENDER_TYPE,TIMESTAMP,READ_STATUS) values ('202309112152896230045','23004','2152896','wow',0,to_timestamp('06-9月 -23 12.53.10.010000000 下午','DD-MON-RR HH.MI.SS.FF AM'),0);
Insert into TEST_ACCOUNT.CHATRECORD (RECORDID,DOCTOR_ID,PATIENT_ID,MESSAGE,SENDER_TYPE,TIMESTAMP,READ_STATUS) values ('202309112152896230045','23004','2152896','wow',0,to_timestamp('06-9月 -23 12.54.36.491000000 下午','DD-MON-RR HH.MI.SS.FF AM'),0);
Insert into TEST_ACCOUNT.CHATRECORD (RECORDID,DOCTOR_ID,PATIENT_ID,MESSAGE,SENDER_TYPE,TIMESTAMP,READ_STATUS) values ('202309112152896230045','23004','2152896','log',0,to_timestamp('06-9月 -23 12.57.21.652000000 下午','DD-MON-RR HH.MI.SS.FF AM'),0);
Insert into TEST_ACCOUNT.CHATRECORD (RECORDID,DOCTOR_ID,PATIENT_ID,MESSAGE,SENDER_TYPE,TIMESTAMP,READ_STATUS) values ('202309112152896230045','23004','2152896','fddd',0,to_timestamp('06-9月 -23 12.59.30.227000000 下午','DD-MON-RR HH.MI.SS.FF AM'),0);
Insert into TEST_ACCOUNT.CHATRECORD (RECORDID,DOCTOR_ID,PATIENT_ID,MESSAGE,SENDER_TYPE,TIMESTAMP,READ_STATUS) values ('202309112152896230045','23004','2152896','fyry',0,to_timestamp('06-9月 -23 01.08.11.143000000 下午','DD-MON-RR HH.MI.SS.FF AM'),0);
REM INSERTING into TEST_ACCOUNT.CONSULTATION_INFO
SET DEFINE OFF;
Insert into TEST_ACCOUNT.CONSULTATION_INFO (DOCTOR_ID,CLINIC_NAME,DATE_TIME,PERIOD) values ('23006','消化内科诊室2',to_date('04-9月 -23','DD-MON-RR'),5);
Insert into TEST_ACCOUNT.CONSULTATION_INFO (DOCTOR_ID,CLINIC_NAME,DATE_TIME,PERIOD) values ('23006','消化内科诊室2',to_date('04-9月 -23','DD-MON-RR'),6);
Insert into TEST_ACCOUNT.CONSULTATION_INFO (DOCTOR_ID,CLINIC_NAME,DATE_TIME,PERIOD) values ('23006','消化内科诊室2',to_date('04-9月 -23','DD-MON-RR'),7);
Insert into TEST_ACCOUNT.CONSULTATION_INFO (DOCTOR_ID,CLINIC_NAME,DATE_TIME,PERIOD) values ('23006','消化内科诊室2',to_date('05-9月 -23','DD-MON-RR'),1);
Insert into TEST_ACCOUNT.CONSULTATION_INFO (DOCTOR_ID,CLINIC_NAME,DATE_TIME,PERIOD) values ('23006','消化内科诊室2',to_date('05-9月 -23','DD-MON-RR'),2);
Insert into TEST_ACCOUNT.CONSULTATION_INFO (DOCTOR_ID,CLINIC_NAME,DATE_TIME,PERIOD) values ('23006','消化内科诊室2',to_date('05-9月 -23','DD-MON-RR'),3);
Insert into TEST_ACCOUNT.CONSULTATION_INFO (DOCTOR_ID,CLINIC_NAME,DATE_TIME,PERIOD) values ('23006','消化内科诊室2',to_date('05-9月 -23','DD-MON-RR'),4);
Insert into TEST_ACCOUNT.CONSULTATION_INFO (DOCTOR_ID,CLINIC_NAME,DATE_TIME,PERIOD) values ('23006','消化内科诊室2',to_date('05-9月 -23','DD-MON-RR'),5);
Insert into TEST_ACCOUNT.CONSULTATION_INFO (DOCTOR_ID,CLINIC_NAME,DATE_TIME,PERIOD) values ('23006','消化内科诊室2',to_date('05-9月 -23','DD-MON-RR'),6);
Insert into TEST_ACCOUNT.CONSULTATION_INFO (DOCTOR_ID,CLINIC_NAME,DATE_TIME,PERIOD) values ('23006','消化内科诊室2',to_date('05-9月 -23','DD-MON-RR'),7);
Insert into TEST_ACCOUNT.CONSULTATION_INFO (DOCTOR_ID,CLINIC_NAME,DATE_TIME,PERIOD) values ('23006','消化内科诊室2',to_date('06-9月 -23','DD-MON-RR'),1);
Insert into TEST_ACCOUNT.CONSULTATION_INFO (DOCTOR_ID,CLINIC_NAME,DATE_TIME,PERIOD) values ('23006','消化内科诊室2',to_date('06-9月 -23','DD-MON-RR'),2);
Insert into TEST_ACCOUNT.CONSULTATION_INFO (DOCTOR_ID,CLINIC_NAME,DATE_TIME,PERIOD) values ('23006','消化内科诊室2',to_date('06-9月 -23','DD-MON-RR'),3);
Insert into TEST_ACCOUNT.CONSULTATION_INFO (DOCTOR_ID,CLINIC_NAME,DATE_TIME,PERIOD) values ('23006','消化内科诊室2',to_date('06-9月 -23','DD-MON-RR'),4);
Insert into TEST_ACCOUNT.CONSULTATION_INFO (DOCTOR_ID,CLINIC_NAME,DATE_TIME,PERIOD) values ('23006','消化内科诊室2',to_date('06-9月 -23','DD-MON-RR'),5);
Insert into TEST_ACCOUNT.CONSULTATION_INFO (DOCTOR_ID,CLINIC_NAME,DATE_TIME,PERIOD) values ('23006','消化内科诊室2',to_date('06-9月 -23','DD-MON-RR'),6);
Insert into TEST_ACCOUNT.CONSULTATION_INFO (DOCTOR_ID,CLINIC_NAME,DATE_TIME,PERIOD) values ('23006','消化内科诊室2',to_date('06-9月 -23','DD-MON-RR'),7);
Insert into TEST_ACCOUNT.CONSULTATION_INFO (DOCTOR_ID,CLINIC_NAME,DATE_TIME,PERIOD) values ('23006','消化内科诊室2',to_date('07-9月 -23','DD-MON-RR'),1);
Insert into TEST_ACCOUNT.CONSULTATION_INFO (DOCTOR_ID,CLINIC_NAME,DATE_TIME,PERIOD) values ('23006','消化内科诊室2',to_date('07-9月 -23','DD-MON-RR'),2);
Insert into TEST_ACCOUNT.CONSULTATION_INFO (DOCTOR_ID,CLINIC_NAME,DATE_TIME,PERIOD) values ('23006','消化内科诊室2',to_date('07-9月 -23','DD-MON-RR'),3);
Insert into TEST_ACCOUNT.CONSULTATION_INFO (DOCTOR_ID,CLINIC_NAME,DATE_TIME,PERIOD) values ('23006','消化内科诊室2',to_date('07-9月 -23','DD-MON-RR'),4);
Insert into TEST_ACCOUNT.CONSULTATION_INFO (DOCTOR_ID,CLINIC_NAME,DATE_TIME,PERIOD) values ('23006','消化内科诊室2',to_date('07-9月 -23','DD-MON-RR'),5);
Insert into TEST_ACCOUNT.CONSULTATION_INFO (DOCTOR_ID,CLINIC_NAME,DATE_TIME,PERIOD) values ('23006','消化内科诊室2',to_date('07-9月 -23','DD-MON-RR'),6);
Insert into TEST_ACCOUNT.CONSULTATION_INFO (DOCTOR_ID,CLINIC_NAME,DATE_TIME,PERIOD) values ('23006','消化内科诊室2',to_date('07-9月 -23','DD-MON-RR'),7);
Insert into TEST_ACCOUNT.CONSULTATION_INFO (DOCTOR_ID,CLINIC_NAME,DATE_TIME,PERIOD) values ('23006','消化内科诊室2',to_date('08-9月 -23','DD-MON-RR'),1);
Insert into TEST_ACCOUNT.CONSULTATION_INFO (DOCTOR_ID,CLINIC_NAME,DATE_TIME,PERIOD) values ('23006','消化内科诊室2',to_date('08-9月 -23','DD-MON-RR'),2);
Insert into TEST_ACCOUNT.CONSULTATION_INFO (DOCTOR_ID,CLINIC_NAME,DATE_TIME,PERIOD) values ('23006','消化内科诊室2',to_date('08-9月 -23','DD-MON-RR'),3);
Insert into TEST_ACCOUNT.CONSULTATION_INFO (DOCTOR_ID,CLINIC_NAME,DATE_TIME,PERIOD) values ('23006','消化内科诊室2',to_date('08-9月 -23','DD-MON-RR'),4);
Insert into TEST_ACCOUNT.CONSULTATION_INFO (DOCTOR_ID,CLINIC_NAME,DATE_TIME,PERIOD) values ('23006','消化内科诊室2',to_date('08-9月 -23','DD-MON-RR'),5);
Insert into TEST_ACCOUNT.CONSULTATION_INFO (DOCTOR_ID,CLINIC_NAME,DATE_TIME,PERIOD) values ('23006','消化内科诊室2',to_date('08-9月 -23','DD-MON-RR'),6);
Insert into TEST_ACCOUNT.CONSULTATION_INFO (DOCTOR_ID,CLINIC_NAME,DATE_TIME,PERIOD) values ('23006','消化内科诊室2',to_date('08-9月 -23','DD-MON-RR'),7);
Insert into TEST_ACCOUNT.CONSULTATION_INFO (DOCTOR_ID,CLINIC_NAME,DATE_TIME,PERIOD) values ('23006','消化内科诊室2',to_date('10-9月 -23','DD-MON-RR'),1);
Insert into TEST_ACCOUNT.CONSULTATION_INFO (DOCTOR_ID,CLINIC_NAME,DATE_TIME,PERIOD) values ('23006','消化内科诊室2',to_date('10-9月 -23','DD-MON-RR'),2);
Insert into TEST_ACCOUNT.CONSULTATION_INFO (DOCTOR_ID,CLINIC_NAME,DATE_TIME,PERIOD) values ('23006','消化内科诊室2',to_date('10-9月 -23','DD-MON-RR'),3);
Insert into TEST_ACCOUNT.CONSULTATION_INFO (DOCTOR_ID,CLINIC_NAME,DATE_TIME,PERIOD) values ('23006','消化内科诊室2',to_date('10-9月 -23','DD-MON-RR'),4);
Insert into TEST_ACCOUNT.CONSULTATION_INFO (DOCTOR_ID,CLINIC_NAME,DATE_TIME,PERIOD) values ('23006','消化内科诊室2',to_date('10-9月 -23','DD-MON-RR'),5);
Insert into TEST_ACCOUNT.CONSULTATION_INFO (DOCTOR_ID,CLINIC_NAME,DATE_TIME,PERIOD) values ('23006','消化内科诊室2',to_date('10-9月 -23','DD-MON-RR'),6);
Insert into TEST_ACCOUNT.CONSULTATION_INFO (DOCTOR_ID,CLINIC_NAME,DATE_TIME,PERIOD) values ('23006','消化内科诊室2',to_date('10-9月 -23','DD-MON-RR'),7);
Insert into TEST_ACCOUNT.CONSULTATION_INFO (DOCTOR_ID,CLINIC_NAME,DATE_TIME,PERIOD) values ('23006','消化内科诊室2',to_date('13-9月 -23','DD-MON-RR'),5);
Insert into TEST_ACCOUNT.CONSULTATION_INFO (DOCTOR_ID,CLINIC_NAME,DATE_TIME,PERIOD) values ('23006','消化内科诊室2',to_date('29-9月 -23','DD-MON-RR'),4);
Insert into TEST_ACCOUNT.CONSULTATION_INFO (DOCTOR_ID,CLINIC_NAME,DATE_TIME,PERIOD) values ('23006','消化内科诊室2',to_date('29-9月 -23','DD-MON-RR'),5);
Insert into TEST_ACCOUNT.CONSULTATION_INFO (DOCTOR_ID,CLINIC_NAME,DATE_TIME,PERIOD) values ('23006','消化内科诊室2',to_date('29-9月 -23','DD-MON-RR'),6);
Insert into TEST_ACCOUNT.CONSULTATION_INFO (DOCTOR_ID,CLINIC_NAME,DATE_TIME,PERIOD) values ('23006','消化内科诊室2',to_date('29-9月 -23','DD-MON-RR'),7);
Insert into TEST_ACCOUNT.CONSULTATION_INFO (DOCTOR_ID,CLINIC_NAME,DATE_TIME,PERIOD) values ('23006','消化内科诊室2',to_date('30-9月 -23','DD-MON-RR'),1);
Insert into TEST_ACCOUNT.CONSULTATION_INFO (DOCTOR_ID,CLINIC_NAME,DATE_TIME,PERIOD) values ('23006','消化内科诊室2',to_date('30-9月 -23','DD-MON-RR'),2);
Insert into TEST_ACCOUNT.CONSULTATION_INFO (DOCTOR_ID,CLINIC_NAME,DATE_TIME,PERIOD) values ('23006','消化内科诊室2',to_date('30-9月 -23','DD-MON-RR'),3);
Insert into TEST_ACCOUNT.CONSULTATION_INFO (DOCTOR_ID,CLINIC_NAME,DATE_TIME,PERIOD) values ('23007','消化内科诊室1',to_date('04-9月 -23','DD-MON-RR'),2);
Insert into TEST_ACCOUNT.CONSULTATION_INFO (DOCTOR_ID,CLINIC_NAME,DATE_TIME,PERIOD) values ('23007','消化内科诊室1',to_date('04-9月 -23','DD-MON-RR'),3);
Insert into TEST_ACCOUNT.CONSULTATION_INFO (DOCTOR_ID,CLINIC_NAME,DATE_TIME,PERIOD) values ('23007','消化内科诊室1',to_date('04-9月 -23','DD-MON-RR'),4);
Insert into TEST_ACCOUNT.CONSULTATION_INFO (DOCTOR_ID,CLINIC_NAME,DATE_TIME,PERIOD) values ('23007','消化内科诊室1',to_date('04-9月 -23','DD-MON-RR'),5);
Insert into TEST_ACCOUNT.CONSULTATION_INFO (DOCTOR_ID,CLINIC_NAME,DATE_TIME,PERIOD) values ('23007','消化内科诊室1',to_date('04-9月 -23','DD-MON-RR'),6);
Insert into TEST_ACCOUNT.CONSULTATION_INFO (DOCTOR_ID,CLINIC_NAME,DATE_TIME,PERIOD) values ('23007','消化内科诊室1',to_date('04-9月 -23','DD-MON-RR'),7);
Insert into TEST_ACCOUNT.CONSULTATION_INFO (DOCTOR_ID,CLINIC_NAME,DATE_TIME,PERIOD) values ('23007','消化内科诊室1',to_date('05-9月 -23','DD-MON-RR'),1);
Insert into TEST_ACCOUNT.CONSULTATION_INFO (DOCTOR_ID,CLINIC_NAME,DATE_TIME,PERIOD) values ('23007','消化内科诊室1',to_date('05-9月 -23','DD-MON-RR'),2);
Insert into TEST_ACCOUNT.CONSULTATION_INFO (DOCTOR_ID,CLINIC_NAME,DATE_TIME,PERIOD) values ('23007','消化内科诊室1',to_date('05-9月 -23','DD-MON-RR'),3);
Insert into TEST_ACCOUNT.CONSULTATION_INFO (DOCTOR_ID,CLINIC_NAME,DATE_TIME,PERIOD) values ('23007','消化内科诊室1',to_date('05-9月 -23','DD-MON-RR'),4);
Insert into TEST_ACCOUNT.CONSULTATION_INFO (DOCTOR_ID,CLINIC_NAME,DATE_TIME,PERIOD) values ('23007','消化内科诊室1',to_date('05-9月 -23','DD-MON-RR'),5);
Insert into TEST_ACCOUNT.CONSULTATION_INFO (DOCTOR_ID,CLINIC_NAME,DATE_TIME,PERIOD) values ('23007','消化内科诊室1',to_date('05-9月 -23','DD-MON-RR'),6);
Insert into TEST_ACCOUNT.CONSULTATION_INFO (DOCTOR_ID,CLINIC_NAME,DATE_TIME,PERIOD) values ('23007','消化内科诊室1',to_date('05-9月 -23','DD-MON-RR'),7);
Insert into TEST_ACCOUNT.CONSULTATION_INFO (DOCTOR_ID,CLINIC_NAME,DATE_TIME,PERIOD) values ('23007','消化内科诊室1',to_date('07-9月 -23','DD-MON-RR'),1);
Insert into TEST_ACCOUNT.CONSULTATION_INFO (DOCTOR_ID,CLINIC_NAME,DATE_TIME,PERIOD) values ('23007','消化内科诊室1',to_date('07-9月 -23','DD-MON-RR'),2);
Insert into TEST_ACCOUNT.CONSULTATION_INFO (DOCTOR_ID,CLINIC_NAME,DATE_TIME,PERIOD) values ('23007','消化内科诊室1',to_date('07-9月 -23','DD-MON-RR'),3);
Insert into TEST_ACCOUNT.CONSULTATION_INFO (DOCTOR_ID,CLINIC_NAME,DATE_TIME,PERIOD) values ('23007','消化内科诊室1',to_date('07-9月 -23','DD-MON-RR'),4);
Insert into TEST_ACCOUNT.CONSULTATION_INFO (DOCTOR_ID,CLINIC_NAME,DATE_TIME,PERIOD) values ('23007','消化内科诊室1',to_date('07-9月 -23','DD-MON-RR'),5);
Insert into TEST_ACCOUNT.CONSULTATION_INFO (DOCTOR_ID,CLINIC_NAME,DATE_TIME,PERIOD) values ('23007','消化内科诊室1',to_date('07-9月 -23','DD-MON-RR'),6);
Insert into TEST_ACCOUNT.CONSULTATION_INFO (DOCTOR_ID,CLINIC_NAME,DATE_TIME,PERIOD) values ('23007','消化内科诊室1',to_date('07-9月 -23','DD-MON-RR'),7);
Insert into TEST_ACCOUNT.CONSULTATION_INFO (DOCTOR_ID,CLINIC_NAME,DATE_TIME,PERIOD) values ('23007','消化内科诊室1',to_date('09-9月 -23','DD-MON-RR'),1);
Insert into TEST_ACCOUNT.CONSULTATION_INFO (DOCTOR_ID,CLINIC_NAME,DATE_TIME,PERIOD) values ('23007','消化内科诊室1',to_date('09-9月 -23','DD-MON-RR'),2);
Insert into TEST_ACCOUNT.CONSULTATION_INFO (DOCTOR_ID,CLINIC_NAME,DATE_TIME,PERIOD) values ('23007','消化内科诊室1',to_date('09-9月 -23','DD-MON-RR'),3);
Insert into TEST_ACCOUNT.CONSULTATION_INFO (DOCTOR_ID,CLINIC_NAME,DATE_TIME,PERIOD) values ('23007','消化内科诊室1',to_date('09-9月 -23','DD-MON-RR'),4);
Insert into TEST_ACCOUNT.CONSULTATION_INFO (DOCTOR_ID,CLINIC_NAME,DATE_TIME,PERIOD) values ('23007','消化内科诊室1',to_date('09-9月 -23','DD-MON-RR'),5);
Insert into TEST_ACCOUNT.CONSULTATION_INFO (DOCTOR_ID,CLINIC_NAME,DATE_TIME,PERIOD) values ('23007','消化内科诊室1',to_date('09-9月 -23','DD-MON-RR'),6);
Insert into TEST_ACCOUNT.CONSULTATION_INFO (DOCTOR_ID,CLINIC_NAME,DATE_TIME,PERIOD) values ('23007','消化内科诊室1',to_date('09-9月 -23','DD-MON-RR'),7);
Insert into TEST_ACCOUNT.CONSULTATION_INFO (DOCTOR_ID,CLINIC_NAME,DATE_TIME,PERIOD) values ('23008','检验科窗口1',to_date('08-9月 -23','DD-MON-RR'),1);
Insert into TEST_ACCOUNT.CONSULTATION_INFO (DOCTOR_ID,CLINIC_NAME,DATE_TIME,PERIOD) values ('23008','检验科窗口1',to_date('08-9月 -23','DD-MON-RR'),2);
Insert into TEST_ACCOUNT.CONSULTATION_INFO (DOCTOR_ID,CLINIC_NAME,DATE_TIME,PERIOD) values ('23008','检验科窗口1',to_date('08-9月 -23','DD-MON-RR'),3);
Insert into TEST_ACCOUNT.CONSULTATION_INFO (DOCTOR_ID,CLINIC_NAME,DATE_TIME,PERIOD) values ('23008','检验科窗口1',to_date('08-9月 -23','DD-MON-RR'),4);
Insert into TEST_ACCOUNT.CONSULTATION_INFO (DOCTOR_ID,CLINIC_NAME,DATE_TIME,PERIOD) values ('23008','检验科窗口1',to_date('08-9月 -23','DD-MON-RR'),5);
Insert into TEST_ACCOUNT.CONSULTATION_INFO (DOCTOR_ID,CLINIC_NAME,DATE_TIME,PERIOD) values ('23008','检验科窗口1',to_date('08-9月 -23','DD-MON-RR'),6);
Insert into TEST_ACCOUNT.CONSULTATION_INFO (DOCTOR_ID,CLINIC_NAME,DATE_TIME,PERIOD) values ('23008','检验科窗口1',to_date('08-9月 -23','DD-MON-RR'),7);
Insert into TEST_ACCOUNT.CONSULTATION_INFO (DOCTOR_ID,CLINIC_NAME,DATE_TIME,PERIOD) values ('23008','检验科窗口1',to_date('09-9月 -23','DD-MON-RR'),1);
Insert into TEST_ACCOUNT.CONSULTATION_INFO (DOCTOR_ID,CLINIC_NAME,DATE_TIME,PERIOD) values ('23008','检验科窗口1',to_date('09-9月 -23','DD-MON-RR'),2);
Insert into TEST_ACCOUNT.CONSULTATION_INFO (DOCTOR_ID,CLINIC_NAME,DATE_TIME,PERIOD) values ('23008','检验科窗口1',to_date('09-9月 -23','DD-MON-RR'),3);
Insert into TEST_ACCOUNT.CONSULTATION_INFO (DOCTOR_ID,CLINIC_NAME,DATE_TIME,PERIOD) values ('23008','检验科窗口1',to_date('09-9月 -23','DD-MON-RR'),4);
Insert into TEST_ACCOUNT.CONSULTATION_INFO (DOCTOR_ID,CLINIC_NAME,DATE_TIME,PERIOD) values ('23008','检验科窗口1',to_date('09-9月 -23','DD-MON-RR'),5);
Insert into TEST_ACCOUNT.CONSULTATION_INFO (DOCTOR_ID,CLINIC_NAME,DATE_TIME,PERIOD) values ('23008','检验科窗口1',to_date('09-9月 -23','DD-MON-RR'),6);
Insert into TEST_ACCOUNT.CONSULTATION_INFO (DOCTOR_ID,CLINIC_NAME,DATE_TIME,PERIOD) values ('23008','检验科窗口1',to_date('09-9月 -23','DD-MON-RR'),7);
Insert into TEST_ACCOUNT.CONSULTATION_INFO (DOCTOR_ID,CLINIC_NAME,DATE_TIME,PERIOD) values ('23008','检验科窗口1',to_date('10-9月 -23','DD-MON-RR'),1);
Insert into TEST_ACCOUNT.CONSULTATION_INFO (DOCTOR_ID,CLINIC_NAME,DATE_TIME,PERIOD) values ('23008','检验科窗口1',to_date('10-9月 -23','DD-MON-RR'),2);
Insert into TEST_ACCOUNT.CONSULTATION_INFO (DOCTOR_ID,CLINIC_NAME,DATE_TIME,PERIOD) values ('23008','检验科窗口1',to_date('10-9月 -23','DD-MON-RR'),3);
Insert into TEST_ACCOUNT.CONSULTATION_INFO (DOCTOR_ID,CLINIC_NAME,DATE_TIME,PERIOD) values ('23008','检验科窗口1',to_date('10-9月 -23','DD-MON-RR'),4);
Insert into TEST_ACCOUNT.CONSULTATION_INFO (DOCTOR_ID,CLINIC_NAME,DATE_TIME,PERIOD) values ('23008','检验科窗口1',to_date('10-9月 -23','DD-MON-RR'),5);
Insert into TEST_ACCOUNT.CONSULTATION_INFO (DOCTOR_ID,CLINIC_NAME,DATE_TIME,PERIOD) values ('23008','检验科窗口1',to_date('10-9月 -23','DD-MON-RR'),6);
Insert into TEST_ACCOUNT.CONSULTATION_INFO (DOCTOR_ID,CLINIC_NAME,DATE_TIME,PERIOD) values ('23008','检验科窗口1',to_date('10-9月 -23','DD-MON-RR'),7);
Insert into TEST_ACCOUNT.CONSULTATION_INFO (DOCTOR_ID,CLINIC_NAME,DATE_TIME,PERIOD) values ('23003','皮肤科诊室',to_date('15-9月 -23','DD-MON-RR'),1);
Insert into TEST_ACCOUNT.CONSULTATION_INFO (DOCTOR_ID,CLINIC_NAME,DATE_TIME,PERIOD) values ('23003','皮肤科诊室',to_date('15-9月 -23','DD-MON-RR'),2);
Insert into TEST_ACCOUNT.CONSULTATION_INFO (DOCTOR_ID,CLINIC_NAME,DATE_TIME,PERIOD) values ('23003','皮肤科诊室',to_date('15-9月 -23','DD-MON-RR'),3);
Insert into TEST_ACCOUNT.CONSULTATION_INFO (DOCTOR_ID,CLINIC_NAME,DATE_TIME,PERIOD) values ('23003','皮肤科诊室',to_date('15-9月 -23','DD-MON-RR'),4);
Insert into TEST_ACCOUNT.CONSULTATION_INFO (DOCTOR_ID,CLINIC_NAME,DATE_TIME,PERIOD) values ('23003','皮肤科诊室',to_date('15-9月 -23','DD-MON-RR'),5);
Insert into TEST_ACCOUNT.CONSULTATION_INFO (DOCTOR_ID,CLINIC_NAME,DATE_TIME,PERIOD) values ('23003','皮肤科诊室',to_date('15-9月 -23','DD-MON-RR'),6);
Insert into TEST_ACCOUNT.CONSULTATION_INFO (DOCTOR_ID,CLINIC_NAME,DATE_TIME,PERIOD) values ('23003','皮肤科诊室',to_date('15-9月 -23','DD-MON-RR'),7);
Insert into TEST_ACCOUNT.CONSULTATION_INFO (DOCTOR_ID,CLINIC_NAME,DATE_TIME,PERIOD) values ('23004','内科诊室',to_date('05-9月 -23','DD-MON-RR'),1);
Insert into TEST_ACCOUNT.CONSULTATION_INFO (DOCTOR_ID,CLINIC_NAME,DATE_TIME,PERIOD) values ('23004','内科诊室',to_date('05-9月 -23','DD-MON-RR'),2);
Insert into TEST_ACCOUNT.CONSULTATION_INFO (DOCTOR_ID,CLINIC_NAME,DATE_TIME,PERIOD) values ('23004','内科诊室',to_date('05-9月 -23','DD-MON-RR'),3);
Insert into TEST_ACCOUNT.CONSULTATION_INFO (DOCTOR_ID,CLINIC_NAME,DATE_TIME,PERIOD) values ('23004','内科诊室',to_date('05-9月 -23','DD-MON-RR'),4);
Insert into TEST_ACCOUNT.CONSULTATION_INFO (DOCTOR_ID,CLINIC_NAME,DATE_TIME,PERIOD) values ('23004','内科诊室',to_date('05-9月 -23','DD-MON-RR'),5);
Insert into TEST_ACCOUNT.CONSULTATION_INFO (DOCTOR_ID,CLINIC_NAME,DATE_TIME,PERIOD) values ('23004','内科诊室',to_date('05-9月 -23','DD-MON-RR'),6);
Insert into TEST_ACCOUNT.CONSULTATION_INFO (DOCTOR_ID,CLINIC_NAME,DATE_TIME,PERIOD) values ('23004','内科诊室',to_date('05-9月 -23','DD-MON-RR'),7);
Insert into TEST_ACCOUNT.CONSULTATION_INFO (DOCTOR_ID,CLINIC_NAME,DATE_TIME,PERIOD) values ('23004','内科诊室',to_date('06-9月 -23','DD-MON-RR'),1);
Insert into TEST_ACCOUNT.CONSULTATION_INFO (DOCTOR_ID,CLINIC_NAME,DATE_TIME,PERIOD) values ('23004','内科诊室',to_date('06-9月 -23','DD-MON-RR'),2);
Insert into TEST_ACCOUNT.CONSULTATION_INFO (DOCTOR_ID,CLINIC_NAME,DATE_TIME,PERIOD) values ('23004','内科诊室',to_date('06-9月 -23','DD-MON-RR'),3);
Insert into TEST_ACCOUNT.CONSULTATION_INFO (DOCTOR_ID,CLINIC_NAME,DATE_TIME,PERIOD) values ('23004','内科诊室',to_date('06-9月 -23','DD-MON-RR'),4);
Insert into TEST_ACCOUNT.CONSULTATION_INFO (DOCTOR_ID,CLINIC_NAME,DATE_TIME,PERIOD) values ('23004','内科诊室',to_date('06-9月 -23','DD-MON-RR'),5);
Insert into TEST_ACCOUNT.CONSULTATION_INFO (DOCTOR_ID,CLINIC_NAME,DATE_TIME,PERIOD) values ('23004','内科诊室',to_date('06-9月 -23','DD-MON-RR'),6);
Insert into TEST_ACCOUNT.CONSULTATION_INFO (DOCTOR_ID,CLINIC_NAME,DATE_TIME,PERIOD) values ('23004','内科诊室',to_date('06-9月 -23','DD-MON-RR'),7);
Insert into TEST_ACCOUNT.CONSULTATION_INFO (DOCTOR_ID,CLINIC_NAME,DATE_TIME,PERIOD) values ('23004','内科诊室',to_date('07-9月 -23','DD-MON-RR'),1);
Insert into TEST_ACCOUNT.CONSULTATION_INFO (DOCTOR_ID,CLINIC_NAME,DATE_TIME,PERIOD) values ('23004','内科诊室',to_date('07-9月 -23','DD-MON-RR'),4);
Insert into TEST_ACCOUNT.CONSULTATION_INFO (DOCTOR_ID,CLINIC_NAME,DATE_TIME,PERIOD) values ('23004','内科诊室',to_date('07-9月 -23','DD-MON-RR'),5);
Insert into TEST_ACCOUNT.CONSULTATION_INFO (DOCTOR_ID,CLINIC_NAME,DATE_TIME,PERIOD) values ('23004','内科诊室',to_date('07-9月 -23','DD-MON-RR'),6);
Insert into TEST_ACCOUNT.CONSULTATION_INFO (DOCTOR_ID,CLINIC_NAME,DATE_TIME,PERIOD) values ('23004','内科诊室',to_date('07-9月 -23','DD-MON-RR'),7);
Insert into TEST_ACCOUNT.CONSULTATION_INFO (DOCTOR_ID,CLINIC_NAME,DATE_TIME,PERIOD) values ('23004','内科诊室',to_date('08-9月 -23','DD-MON-RR'),6);
Insert into TEST_ACCOUNT.CONSULTATION_INFO (DOCTOR_ID,CLINIC_NAME,DATE_TIME,PERIOD) values ('23004','内科诊室',to_date('09-9月 -23','DD-MON-RR'),1);
Insert into TEST_ACCOUNT.CONSULTATION_INFO (DOCTOR_ID,CLINIC_NAME,DATE_TIME,PERIOD) values ('23004','内科诊室',to_date('09-9月 -23','DD-MON-RR'),2);
Insert into TEST_ACCOUNT.CONSULTATION_INFO (DOCTOR_ID,CLINIC_NAME,DATE_TIME,PERIOD) values ('23004','内科诊室',to_date('09-9月 -23','DD-MON-RR'),3);
Insert into TEST_ACCOUNT.CONSULTATION_INFO (DOCTOR_ID,CLINIC_NAME,DATE_TIME,PERIOD) values ('23004','内科诊室',to_date('09-9月 -23','DD-MON-RR'),4);
Insert into TEST_ACCOUNT.CONSULTATION_INFO (DOCTOR_ID,CLINIC_NAME,DATE_TIME,PERIOD) values ('23004','内科诊室',to_date('09-9月 -23','DD-MON-RR'),5);
Insert into TEST_ACCOUNT.CONSULTATION_INFO (DOCTOR_ID,CLINIC_NAME,DATE_TIME,PERIOD) values ('23004','内科诊室',to_date('09-9月 -23','DD-MON-RR'),6);
Insert into TEST_ACCOUNT.CONSULTATION_INFO (DOCTOR_ID,CLINIC_NAME,DATE_TIME,PERIOD) values ('23004','内科诊室',to_date('09-9月 -23','DD-MON-RR'),7);
Insert into TEST_ACCOUNT.CONSULTATION_INFO (DOCTOR_ID,CLINIC_NAME,DATE_TIME,PERIOD) values ('23004','内科诊室',to_date('10-9月 -23','DD-MON-RR'),1);
Insert into TEST_ACCOUNT.CONSULTATION_INFO (DOCTOR_ID,CLINIC_NAME,DATE_TIME,PERIOD) values ('23004','内科诊室',to_date('10-9月 -23','DD-MON-RR'),2);
Insert into TEST_ACCOUNT.CONSULTATION_INFO (DOCTOR_ID,CLINIC_NAME,DATE_TIME,PERIOD) values ('23004','内科诊室',to_date('10-9月 -23','DD-MON-RR'),3);
Insert into TEST_ACCOUNT.CONSULTATION_INFO (DOCTOR_ID,CLINIC_NAME,DATE_TIME,PERIOD) values ('23004','内科诊室',to_date('10-9月 -23','DD-MON-RR'),4);
Insert into TEST_ACCOUNT.CONSULTATION_INFO (DOCTOR_ID,CLINIC_NAME,DATE_TIME,PERIOD) values ('23004','内科诊室',to_date('10-9月 -23','DD-MON-RR'),5);
Insert into TEST_ACCOUNT.CONSULTATION_INFO (DOCTOR_ID,CLINIC_NAME,DATE_TIME,PERIOD) values ('23004','内科诊室',to_date('10-9月 -23','DD-MON-RR'),6);
Insert into TEST_ACCOUNT.CONSULTATION_INFO (DOCTOR_ID,CLINIC_NAME,DATE_TIME,PERIOD) values ('23004','内科诊室',to_date('10-9月 -23','DD-MON-RR'),7);
Insert into TEST_ACCOUNT.CONSULTATION_INFO (DOCTOR_ID,CLINIC_NAME,DATE_TIME,PERIOD) values ('23004','内科诊室',to_date('11-9月 -23','DD-MON-RR'),1);
Insert into TEST_ACCOUNT.CONSULTATION_INFO (DOCTOR_ID,CLINIC_NAME,DATE_TIME,PERIOD) values ('23004','内科诊室',to_date('11-9月 -23','DD-MON-RR'),2);
Insert into TEST_ACCOUNT.CONSULTATION_INFO (DOCTOR_ID,CLINIC_NAME,DATE_TIME,PERIOD) values ('23004','内科诊室',to_date('11-9月 -23','DD-MON-RR'),3);
Insert into TEST_ACCOUNT.CONSULTATION_INFO (DOCTOR_ID,CLINIC_NAME,DATE_TIME,PERIOD) values ('23004','内科诊室',to_date('11-9月 -23','DD-MON-RR'),4);
Insert into TEST_ACCOUNT.CONSULTATION_INFO (DOCTOR_ID,CLINIC_NAME,DATE_TIME,PERIOD) values ('23004','内科诊室',to_date('11-9月 -23','DD-MON-RR'),5);
Insert into TEST_ACCOUNT.CONSULTATION_INFO (DOCTOR_ID,CLINIC_NAME,DATE_TIME,PERIOD) values ('23004','内科诊室',to_date('11-9月 -23','DD-MON-RR'),6);
Insert into TEST_ACCOUNT.CONSULTATION_INFO (DOCTOR_ID,CLINIC_NAME,DATE_TIME,PERIOD) values ('23004','内科诊室',to_date('11-9月 -23','DD-MON-RR'),7);
Insert into TEST_ACCOUNT.CONSULTATION_INFO (DOCTOR_ID,CLINIC_NAME,DATE_TIME,PERIOD) values ('23004','内科诊室',to_date('12-9月 -23','DD-MON-RR'),1);
Insert into TEST_ACCOUNT.CONSULTATION_INFO (DOCTOR_ID,CLINIC_NAME,DATE_TIME,PERIOD) values ('23004','内科诊室',to_date('12-9月 -23','DD-MON-RR'),2);
Insert into TEST_ACCOUNT.CONSULTATION_INFO (DOCTOR_ID,CLINIC_NAME,DATE_TIME,PERIOD) values ('23004','内科诊室',to_date('12-9月 -23','DD-MON-RR'),3);
Insert into TEST_ACCOUNT.CONSULTATION_INFO (DOCTOR_ID,CLINIC_NAME,DATE_TIME,PERIOD) values ('23004','内科诊室',to_date('12-9月 -23','DD-MON-RR'),4);
Insert into TEST_ACCOUNT.CONSULTATION_INFO (DOCTOR_ID,CLINIC_NAME,DATE_TIME,PERIOD) values ('23004','内科诊室',to_date('12-9月 -23','DD-MON-RR'),5);
Insert into TEST_ACCOUNT.CONSULTATION_INFO (DOCTOR_ID,CLINIC_NAME,DATE_TIME,PERIOD) values ('23004','内科诊室',to_date('12-9月 -23','DD-MON-RR'),6);
Insert into TEST_ACCOUNT.CONSULTATION_INFO (DOCTOR_ID,CLINIC_NAME,DATE_TIME,PERIOD) values ('23004','内科诊室',to_date('12-9月 -23','DD-MON-RR'),7);
Insert into TEST_ACCOUNT.CONSULTATION_INFO (DOCTOR_ID,CLINIC_NAME,DATE_TIME,PERIOD) values ('23004','内科诊室',to_date('13-9月 -23','DD-MON-RR'),1);
Insert into TEST_ACCOUNT.CONSULTATION_INFO (DOCTOR_ID,CLINIC_NAME,DATE_TIME,PERIOD) values ('23004','内科诊室',to_date('13-9月 -23','DD-MON-RR'),2);
Insert into TEST_ACCOUNT.CONSULTATION_INFO (DOCTOR_ID,CLINIC_NAME,DATE_TIME,PERIOD) values ('23004','内科诊室',to_date('13-9月 -23','DD-MON-RR'),3);
Insert into TEST_ACCOUNT.CONSULTATION_INFO (DOCTOR_ID,CLINIC_NAME,DATE_TIME,PERIOD) values ('23004','内科诊室',to_date('13-9月 -23','DD-MON-RR'),4);
Insert into TEST_ACCOUNT.CONSULTATION_INFO (DOCTOR_ID,CLINIC_NAME,DATE_TIME,PERIOD) values ('23004','内科诊室',to_date('13-9月 -23','DD-MON-RR'),5);
Insert into TEST_ACCOUNT.CONSULTATION_INFO (DOCTOR_ID,CLINIC_NAME,DATE_TIME,PERIOD) values ('23004','内科诊室',to_date('13-9月 -23','DD-MON-RR'),6);
Insert into TEST_ACCOUNT.CONSULTATION_INFO (DOCTOR_ID,CLINIC_NAME,DATE_TIME,PERIOD) values ('23004','内科诊室',to_date('13-9月 -23','DD-MON-RR'),7);
Insert into TEST_ACCOUNT.CONSULTATION_INFO (DOCTOR_ID,CLINIC_NAME,DATE_TIME,PERIOD) values ('23004','内科诊室',to_date('14-9月 -23','DD-MON-RR'),1);
Insert into TEST_ACCOUNT.CONSULTATION_INFO (DOCTOR_ID,CLINIC_NAME,DATE_TIME,PERIOD) values ('23004','内科诊室',to_date('14-9月 -23','DD-MON-RR'),2);
Insert into TEST_ACCOUNT.CONSULTATION_INFO (DOCTOR_ID,CLINIC_NAME,DATE_TIME,PERIOD) values ('23004','内科诊室',to_date('14-9月 -23','DD-MON-RR'),3);
Insert into TEST_ACCOUNT.CONSULTATION_INFO (DOCTOR_ID,CLINIC_NAME,DATE_TIME,PERIOD) values ('23004','内科诊室',to_date('14-9月 -23','DD-MON-RR'),4);
Insert into TEST_ACCOUNT.CONSULTATION_INFO (DOCTOR_ID,CLINIC_NAME,DATE_TIME,PERIOD) values ('23004','内科诊室',to_date('14-9月 -23','DD-MON-RR'),5);
Insert into TEST_ACCOUNT.CONSULTATION_INFO (DOCTOR_ID,CLINIC_NAME,DATE_TIME,PERIOD) values ('23004','内科诊室',to_date('14-9月 -23','DD-MON-RR'),6);
Insert into TEST_ACCOUNT.CONSULTATION_INFO (DOCTOR_ID,CLINIC_NAME,DATE_TIME,PERIOD) values ('23004','内科诊室',to_date('14-9月 -23','DD-MON-RR'),7);
Insert into TEST_ACCOUNT.CONSULTATION_INFO (DOCTOR_ID,CLINIC_NAME,DATE_TIME,PERIOD) values ('23004','内科诊室',to_date('15-9月 -23','DD-MON-RR'),1);
Insert into TEST_ACCOUNT.CONSULTATION_INFO (DOCTOR_ID,CLINIC_NAME,DATE_TIME,PERIOD) values ('23004','内科诊室',to_date('15-9月 -23','DD-MON-RR'),2);
Insert into TEST_ACCOUNT.CONSULTATION_INFO (DOCTOR_ID,CLINIC_NAME,DATE_TIME,PERIOD) values ('23004','内科诊室',to_date('15-9月 -23','DD-MON-RR'),3);
Insert into TEST_ACCOUNT.CONSULTATION_INFO (DOCTOR_ID,CLINIC_NAME,DATE_TIME,PERIOD) values ('23004','内科诊室',to_date('15-9月 -23','DD-MON-RR'),4);
Insert into TEST_ACCOUNT.CONSULTATION_INFO (DOCTOR_ID,CLINIC_NAME,DATE_TIME,PERIOD) values ('23004','内科诊室',to_date('15-9月 -23','DD-MON-RR'),5);
Insert into TEST_ACCOUNT.CONSULTATION_INFO (DOCTOR_ID,CLINIC_NAME,DATE_TIME,PERIOD) values ('23004','内科诊室',to_date('15-9月 -23','DD-MON-RR'),6);
Insert into TEST_ACCOUNT.CONSULTATION_INFO (DOCTOR_ID,CLINIC_NAME,DATE_TIME,PERIOD) values ('23004','内科诊室',to_date('15-9月 -23','DD-MON-RR'),7);
Insert into TEST_ACCOUNT.CONSULTATION_INFO (DOCTOR_ID,CLINIC_NAME,DATE_TIME,PERIOD) values ('23004','内科诊室',to_date('16-9月 -23','DD-MON-RR'),4);
Insert into TEST_ACCOUNT.CONSULTATION_INFO (DOCTOR_ID,CLINIC_NAME,DATE_TIME,PERIOD) values ('23005','消化内科诊室1',to_date('10-9月 -23','DD-MON-RR'),1);
Insert into TEST_ACCOUNT.CONSULTATION_INFO (DOCTOR_ID,CLINIC_NAME,DATE_TIME,PERIOD) values ('23005','消化内科诊室1',to_date('10-9月 -23','DD-MON-RR'),2);
Insert into TEST_ACCOUNT.CONSULTATION_INFO (DOCTOR_ID,CLINIC_NAME,DATE_TIME,PERIOD) values ('23005','消化内科诊室1',to_date('10-9月 -23','DD-MON-RR'),3);
Insert into TEST_ACCOUNT.CONSULTATION_INFO (DOCTOR_ID,CLINIC_NAME,DATE_TIME,PERIOD) values ('23005','消化内科诊室1',to_date('10-9月 -23','DD-MON-RR'),4);
Insert into TEST_ACCOUNT.CONSULTATION_INFO (DOCTOR_ID,CLINIC_NAME,DATE_TIME,PERIOD) values ('23005','消化内科诊室1',to_date('10-9月 -23','DD-MON-RR'),5);
Insert into TEST_ACCOUNT.CONSULTATION_INFO (DOCTOR_ID,CLINIC_NAME,DATE_TIME,PERIOD) values ('23005','消化内科诊室1',to_date('10-9月 -23','DD-MON-RR'),6);
Insert into TEST_ACCOUNT.CONSULTATION_INFO (DOCTOR_ID,CLINIC_NAME,DATE_TIME,PERIOD) values ('23005','消化内科诊室1',to_date('10-9月 -23','DD-MON-RR'),7);
Insert into TEST_ACCOUNT.CONSULTATION_INFO (DOCTOR_ID,CLINIC_NAME,DATE_TIME,PERIOD) values ('23005','消化内科诊室2',to_date('06-9月 -23','DD-MON-RR'),1);
Insert into TEST_ACCOUNT.CONSULTATION_INFO (DOCTOR_ID,CLINIC_NAME,DATE_TIME,PERIOD) values ('23005','消化内科诊室2',to_date('06-9月 -23','DD-MON-RR'),2);
Insert into TEST_ACCOUNT.CONSULTATION_INFO (DOCTOR_ID,CLINIC_NAME,DATE_TIME,PERIOD) values ('23005','消化内科诊室2',to_date('06-9月 -23','DD-MON-RR'),3);
Insert into TEST_ACCOUNT.CONSULTATION_INFO (DOCTOR_ID,CLINIC_NAME,DATE_TIME,PERIOD) values ('23005','消化内科诊室2',to_date('06-9月 -23','DD-MON-RR'),4);
Insert into TEST_ACCOUNT.CONSULTATION_INFO (DOCTOR_ID,CLINIC_NAME,DATE_TIME,PERIOD) values ('23005','消化内科诊室2',to_date('06-9月 -23','DD-MON-RR'),5);
Insert into TEST_ACCOUNT.CONSULTATION_INFO (DOCTOR_ID,CLINIC_NAME,DATE_TIME,PERIOD) values ('23005','消化内科诊室2',to_date('06-9月 -23','DD-MON-RR'),6);
Insert into TEST_ACCOUNT.CONSULTATION_INFO (DOCTOR_ID,CLINIC_NAME,DATE_TIME,PERIOD) values ('23005','消化内科诊室2',to_date('06-9月 -23','DD-MON-RR'),7);
Insert into TEST_ACCOUNT.CONSULTATION_INFO (DOCTOR_ID,CLINIC_NAME,DATE_TIME,PERIOD) values ('23005','消化内科诊室2',to_date('07-9月 -23','DD-MON-RR'),1);
Insert into TEST_ACCOUNT.CONSULTATION_INFO (DOCTOR_ID,CLINIC_NAME,DATE_TIME,PERIOD) values ('23005','消化内科诊室2',to_date('07-9月 -23','DD-MON-RR'),2);
Insert into TEST_ACCOUNT.CONSULTATION_INFO (DOCTOR_ID,CLINIC_NAME,DATE_TIME,PERIOD) values ('23005','消化内科诊室2',to_date('07-9月 -23','DD-MON-RR'),3);
Insert into TEST_ACCOUNT.CONSULTATION_INFO (DOCTOR_ID,CLINIC_NAME,DATE_TIME,PERIOD) values ('23005','消化内科诊室2',to_date('07-9月 -23','DD-MON-RR'),4);
Insert into TEST_ACCOUNT.CONSULTATION_INFO (DOCTOR_ID,CLINIC_NAME,DATE_TIME,PERIOD) values ('23005','消化内科诊室2',to_date('07-9月 -23','DD-MON-RR'),5);
Insert into TEST_ACCOUNT.CONSULTATION_INFO (DOCTOR_ID,CLINIC_NAME,DATE_TIME,PERIOD) values ('23005','消化内科诊室2',to_date('07-9月 -23','DD-MON-RR'),6);
Insert into TEST_ACCOUNT.CONSULTATION_INFO (DOCTOR_ID,CLINIC_NAME,DATE_TIME,PERIOD) values ('23005','消化内科诊室2',to_date('07-9月 -23','DD-MON-RR'),7);
Insert into TEST_ACCOUNT.CONSULTATION_INFO (DOCTOR_ID,CLINIC_NAME,DATE_TIME,PERIOD) values ('23008','检验科窗口1',to_date('11-9月 -23','DD-MON-RR'),1);
Insert into TEST_ACCOUNT.CONSULTATION_INFO (DOCTOR_ID,CLINIC_NAME,DATE_TIME,PERIOD) values ('23008','检验科窗口1',to_date('11-9月 -23','DD-MON-RR'),2);
Insert into TEST_ACCOUNT.CONSULTATION_INFO (DOCTOR_ID,CLINIC_NAME,DATE_TIME,PERIOD) values ('23008','检验科窗口1',to_date('11-9月 -23','DD-MON-RR'),3);
Insert into TEST_ACCOUNT.CONSULTATION_INFO (DOCTOR_ID,CLINIC_NAME,DATE_TIME,PERIOD) values ('23008','检验科窗口1',to_date('11-9月 -23','DD-MON-RR'),4);
Insert into TEST_ACCOUNT.CONSULTATION_INFO (DOCTOR_ID,CLINIC_NAME,DATE_TIME,PERIOD) values ('23008','检验科窗口1',to_date('11-9月 -23','DD-MON-RR'),5);
Insert into TEST_ACCOUNT.CONSULTATION_INFO (DOCTOR_ID,CLINIC_NAME,DATE_TIME,PERIOD) values ('23008','检验科窗口1',to_date('11-9月 -23','DD-MON-RR'),6);
Insert into TEST_ACCOUNT.CONSULTATION_INFO (DOCTOR_ID,CLINIC_NAME,DATE_TIME,PERIOD) values ('23008','检验科窗口1',to_date('11-9月 -23','DD-MON-RR'),7);
Insert into TEST_ACCOUNT.CONSULTATION_INFO (DOCTOR_ID,CLINIC_NAME,DATE_TIME,PERIOD) values ('23008','检验科窗口1',to_date('14-9月 -23','DD-MON-RR'),1);
Insert into TEST_ACCOUNT.CONSULTATION_INFO (DOCTOR_ID,CLINIC_NAME,DATE_TIME,PERIOD) values ('23008','检验科窗口1',to_date('14-9月 -23','DD-MON-RR'),2);
Insert into TEST_ACCOUNT.CONSULTATION_INFO (DOCTOR_ID,CLINIC_NAME,DATE_TIME,PERIOD) values ('23008','检验科窗口1',to_date('14-9月 -23','DD-MON-RR'),3);
Insert into TEST_ACCOUNT.CONSULTATION_INFO (DOCTOR_ID,CLINIC_NAME,DATE_TIME,PERIOD) values ('23008','检验科窗口1',to_date('14-9月 -23','DD-MON-RR'),4);
Insert into TEST_ACCOUNT.CONSULTATION_INFO (DOCTOR_ID,CLINIC_NAME,DATE_TIME,PERIOD) values ('23008','检验科窗口1',to_date('14-9月 -23','DD-MON-RR'),5);
Insert into TEST_ACCOUNT.CONSULTATION_INFO (DOCTOR_ID,CLINIC_NAME,DATE_TIME,PERIOD) values ('23008','检验科窗口1',to_date('14-9月 -23','DD-MON-RR'),6);
Insert into TEST_ACCOUNT.CONSULTATION_INFO (DOCTOR_ID,CLINIC_NAME,DATE_TIME,PERIOD) values ('23008','检验科窗口1',to_date('14-9月 -23','DD-MON-RR'),7);
Insert into TEST_ACCOUNT.CONSULTATION_INFO (DOCTOR_ID,CLINIC_NAME,DATE_TIME,PERIOD) values ('23008','检验科窗口1',to_date('15-9月 -23','DD-MON-RR'),1);
Insert into TEST_ACCOUNT.CONSULTATION_INFO (DOCTOR_ID,CLINIC_NAME,DATE_TIME,PERIOD) values ('23008','检验科窗口1',to_date('15-9月 -23','DD-MON-RR'),2);
Insert into TEST_ACCOUNT.CONSULTATION_INFO (DOCTOR_ID,CLINIC_NAME,DATE_TIME,PERIOD) values ('23008','检验科窗口1',to_date('15-9月 -23','DD-MON-RR'),3);
Insert into TEST_ACCOUNT.CONSULTATION_INFO (DOCTOR_ID,CLINIC_NAME,DATE_TIME,PERIOD) values ('23008','检验科窗口1',to_date('15-9月 -23','DD-MON-RR'),4);
Insert into TEST_ACCOUNT.CONSULTATION_INFO (DOCTOR_ID,CLINIC_NAME,DATE_TIME,PERIOD) values ('23008','检验科窗口1',to_date('15-9月 -23','DD-MON-RR'),5);
Insert into TEST_ACCOUNT.CONSULTATION_INFO (DOCTOR_ID,CLINIC_NAME,DATE_TIME,PERIOD) values ('23008','检验科窗口1',to_date('15-9月 -23','DD-MON-RR'),6);
Insert into TEST_ACCOUNT.CONSULTATION_INFO (DOCTOR_ID,CLINIC_NAME,DATE_TIME,PERIOD) values ('23008','检验科窗口1',to_date('15-9月 -23','DD-MON-RR'),7);
Insert into TEST_ACCOUNT.CONSULTATION_INFO (DOCTOR_ID,CLINIC_NAME,DATE_TIME,PERIOD) values ('23008','检验科窗口1',to_date('18-9月 -23','DD-MON-RR'),1);
Insert into TEST_ACCOUNT.CONSULTATION_INFO (DOCTOR_ID,CLINIC_NAME,DATE_TIME,PERIOD) values ('23008','检验科窗口1',to_date('18-9月 -23','DD-MON-RR'),2);
Insert into TEST_ACCOUNT.CONSULTATION_INFO (DOCTOR_ID,CLINIC_NAME,DATE_TIME,PERIOD) values ('23008','检验科窗口1',to_date('18-9月 -23','DD-MON-RR'),3);
Insert into TEST_ACCOUNT.CONSULTATION_INFO (DOCTOR_ID,CLINIC_NAME,DATE_TIME,PERIOD) values ('23008','检验科窗口1',to_date('18-9月 -23','DD-MON-RR'),4);
Insert into TEST_ACCOUNT.CONSULTATION_INFO (DOCTOR_ID,CLINIC_NAME,DATE_TIME,PERIOD) values ('23008','检验科窗口1',to_date('18-9月 -23','DD-MON-RR'),5);
Insert into TEST_ACCOUNT.CONSULTATION_INFO (DOCTOR_ID,CLINIC_NAME,DATE_TIME,PERIOD) values ('23008','检验科窗口1',to_date('18-9月 -23','DD-MON-RR'),6);
Insert into TEST_ACCOUNT.CONSULTATION_INFO (DOCTOR_ID,CLINIC_NAME,DATE_TIME,PERIOD) values ('23008','检验科窗口1',to_date('18-9月 -23','DD-MON-RR'),7);
Insert into TEST_ACCOUNT.CONSULTATION_INFO (DOCTOR_ID,CLINIC_NAME,DATE_TIME,PERIOD) values ('23008','检验科窗口1',to_date('19-9月 -23','DD-MON-RR'),1);
Insert into TEST_ACCOUNT.CONSULTATION_INFO (DOCTOR_ID,CLINIC_NAME,DATE_TIME,PERIOD) values ('23008','检验科窗口1',to_date('19-9月 -23','DD-MON-RR'),2);
Insert into TEST_ACCOUNT.CONSULTATION_INFO (DOCTOR_ID,CLINIC_NAME,DATE_TIME,PERIOD) values ('23008','检验科窗口1',to_date('19-9月 -23','DD-MON-RR'),3);
Insert into TEST_ACCOUNT.CONSULTATION_INFO (DOCTOR_ID,CLINIC_NAME,DATE_TIME,PERIOD) values ('23008','检验科窗口1',to_date('19-9月 -23','DD-MON-RR'),4);
Insert into TEST_ACCOUNT.CONSULTATION_INFO (DOCTOR_ID,CLINIC_NAME,DATE_TIME,PERIOD) values ('23008','检验科窗口1',to_date('19-9月 -23','DD-MON-RR'),5);
Insert into TEST_ACCOUNT.CONSULTATION_INFO (DOCTOR_ID,CLINIC_NAME,DATE_TIME,PERIOD) values ('23008','检验科窗口1',to_date('19-9月 -23','DD-MON-RR'),6);
Insert into TEST_ACCOUNT.CONSULTATION_INFO (DOCTOR_ID,CLINIC_NAME,DATE_TIME,PERIOD) values ('23008','检验科窗口1',to_date('19-9月 -23','DD-MON-RR'),7);
Insert into TEST_ACCOUNT.CONSULTATION_INFO (DOCTOR_ID,CLINIC_NAME,DATE_TIME,PERIOD) values ('23008','检验科窗口1',to_date('20-9月 -23','DD-MON-RR'),1);
Insert into TEST_ACCOUNT.CONSULTATION_INFO (DOCTOR_ID,CLINIC_NAME,DATE_TIME,PERIOD) values ('23008','检验科窗口1',to_date('20-9月 -23','DD-MON-RR'),2);
Insert into TEST_ACCOUNT.CONSULTATION_INFO (DOCTOR_ID,CLINIC_NAME,DATE_TIME,PERIOD) values ('23008','检验科窗口1',to_date('20-9月 -23','DD-MON-RR'),3);
Insert into TEST_ACCOUNT.CONSULTATION_INFO (DOCTOR_ID,CLINIC_NAME,DATE_TIME,PERIOD) values ('23008','检验科窗口1',to_date('20-9月 -23','DD-MON-RR'),4);
Insert into TEST_ACCOUNT.CONSULTATION_INFO (DOCTOR_ID,CLINIC_NAME,DATE_TIME,PERIOD) values ('23008','检验科窗口1',to_date('20-9月 -23','DD-MON-RR'),5);
Insert into TEST_ACCOUNT.CONSULTATION_INFO (DOCTOR_ID,CLINIC_NAME,DATE_TIME,PERIOD) values ('23008','检验科窗口1',to_date('20-9月 -23','DD-MON-RR'),6);
Insert into TEST_ACCOUNT.CONSULTATION_INFO (DOCTOR_ID,CLINIC_NAME,DATE_TIME,PERIOD) values ('23008','检验科窗口1',to_date('20-9月 -23','DD-MON-RR'),7);
Insert into TEST_ACCOUNT.CONSULTATION_INFO (DOCTOR_ID,CLINIC_NAME,DATE_TIME,PERIOD) values ('23009','检验科窗口2',to_date('08-9月 -23','DD-MON-RR'),1);
Insert into TEST_ACCOUNT.CONSULTATION_INFO (DOCTOR_ID,CLINIC_NAME,DATE_TIME,PERIOD) values ('23009','检验科窗口2',to_date('08-9月 -23','DD-MON-RR'),2);
Insert into TEST_ACCOUNT.CONSULTATION_INFO (DOCTOR_ID,CLINIC_NAME,DATE_TIME,PERIOD) values ('23009','检验科窗口2',to_date('08-9月 -23','DD-MON-RR'),3);
Insert into TEST_ACCOUNT.CONSULTATION_INFO (DOCTOR_ID,CLINIC_NAME,DATE_TIME,PERIOD) values ('23009','检验科窗口2',to_date('08-9月 -23','DD-MON-RR'),4);
Insert into TEST_ACCOUNT.CONSULTATION_INFO (DOCTOR_ID,CLINIC_NAME,DATE_TIME,PERIOD) values ('23009','检验科窗口2',to_date('08-9月 -23','DD-MON-RR'),5);
Insert into TEST_ACCOUNT.CONSULTATION_INFO (DOCTOR_ID,CLINIC_NAME,DATE_TIME,PERIOD) values ('23009','检验科窗口2',to_date('08-9月 -23','DD-MON-RR'),6);
Insert into TEST_ACCOUNT.CONSULTATION_INFO (DOCTOR_ID,CLINIC_NAME,DATE_TIME,PERIOD) values ('23009','检验科窗口2',to_date('08-9月 -23','DD-MON-RR'),7);
Insert into TEST_ACCOUNT.CONSULTATION_INFO (DOCTOR_ID,CLINIC_NAME,DATE_TIME,PERIOD) values ('23009','检验科窗口2',to_date('09-9月 -23','DD-MON-RR'),1);
Insert into TEST_ACCOUNT.CONSULTATION_INFO (DOCTOR_ID,CLINIC_NAME,DATE_TIME,PERIOD) values ('23009','检验科窗口2',to_date('09-9月 -23','DD-MON-RR'),2);
Insert into TEST_ACCOUNT.CONSULTATION_INFO (DOCTOR_ID,CLINIC_NAME,DATE_TIME,PERIOD) values ('23009','检验科窗口2',to_date('09-9月 -23','DD-MON-RR'),3);
Insert into TEST_ACCOUNT.CONSULTATION_INFO (DOCTOR_ID,CLINIC_NAME,DATE_TIME,PERIOD) values ('23009','检验科窗口2',to_date('09-9月 -23','DD-MON-RR'),4);
Insert into TEST_ACCOUNT.CONSULTATION_INFO (DOCTOR_ID,CLINIC_NAME,DATE_TIME,PERIOD) values ('23009','检验科窗口2',to_date('09-9月 -23','DD-MON-RR'),5);
Insert into TEST_ACCOUNT.CONSULTATION_INFO (DOCTOR_ID,CLINIC_NAME,DATE_TIME,PERIOD) values ('23009','检验科窗口2',to_date('09-9月 -23','DD-MON-RR'),6);
Insert into TEST_ACCOUNT.CONSULTATION_INFO (DOCTOR_ID,CLINIC_NAME,DATE_TIME,PERIOD) values ('23009','检验科窗口2',to_date('09-9月 -23','DD-MON-RR'),7);
Insert into TEST_ACCOUNT.CONSULTATION_INFO (DOCTOR_ID,CLINIC_NAME,DATE_TIME,PERIOD) values ('23009','检验科窗口2',to_date('10-9月 -23','DD-MON-RR'),1);
Insert into TEST_ACCOUNT.CONSULTATION_INFO (DOCTOR_ID,CLINIC_NAME,DATE_TIME,PERIOD) values ('23009','检验科窗口2',to_date('10-9月 -23','DD-MON-RR'),2);
Insert into TEST_ACCOUNT.CONSULTATION_INFO (DOCTOR_ID,CLINIC_NAME,DATE_TIME,PERIOD) values ('23009','检验科窗口2',to_date('10-9月 -23','DD-MON-RR'),3);
Insert into TEST_ACCOUNT.CONSULTATION_INFO (DOCTOR_ID,CLINIC_NAME,DATE_TIME,PERIOD) values ('23009','检验科窗口2',to_date('10-9月 -23','DD-MON-RR'),4);
Insert into TEST_ACCOUNT.CONSULTATION_INFO (DOCTOR_ID,CLINIC_NAME,DATE_TIME,PERIOD) values ('23009','检验科窗口2',to_date('10-9月 -23','DD-MON-RR'),5);
Insert into TEST_ACCOUNT.CONSULTATION_INFO (DOCTOR_ID,CLINIC_NAME,DATE_TIME,PERIOD) values ('23009','检验科窗口2',to_date('10-9月 -23','DD-MON-RR'),6);
Insert into TEST_ACCOUNT.CONSULTATION_INFO (DOCTOR_ID,CLINIC_NAME,DATE_TIME,PERIOD) values ('23009','检验科窗口2',to_date('10-9月 -23','DD-MON-RR'),7);
Insert into TEST_ACCOUNT.CONSULTATION_INFO (DOCTOR_ID,CLINIC_NAME,DATE_TIME,PERIOD) values ('23009','检验科窗口2',to_date('11-9月 -23','DD-MON-RR'),1);
Insert into TEST_ACCOUNT.CONSULTATION_INFO (DOCTOR_ID,CLINIC_NAME,DATE_TIME,PERIOD) values ('23009','检验科窗口2',to_date('11-9月 -23','DD-MON-RR'),2);
Insert into TEST_ACCOUNT.CONSULTATION_INFO (DOCTOR_ID,CLINIC_NAME,DATE_TIME,PERIOD) values ('23009','检验科窗口2',to_date('11-9月 -23','DD-MON-RR'),3);
Insert into TEST_ACCOUNT.CONSULTATION_INFO (DOCTOR_ID,CLINIC_NAME,DATE_TIME,PERIOD) values ('23009','检验科窗口2',to_date('11-9月 -23','DD-MON-RR'),4);
Insert into TEST_ACCOUNT.CONSULTATION_INFO (DOCTOR_ID,CLINIC_NAME,DATE_TIME,PERIOD) values ('23009','检验科窗口2',to_date('11-9月 -23','DD-MON-RR'),5);
Insert into TEST_ACCOUNT.CONSULTATION_INFO (DOCTOR_ID,CLINIC_NAME,DATE_TIME,PERIOD) values ('23009','检验科窗口2',to_date('11-9月 -23','DD-MON-RR'),6);
Insert into TEST_ACCOUNT.CONSULTATION_INFO (DOCTOR_ID,CLINIC_NAME,DATE_TIME,PERIOD) values ('23009','检验科窗口2',to_date('11-9月 -23','DD-MON-RR'),7);
Insert into TEST_ACCOUNT.CONSULTATION_INFO (DOCTOR_ID,CLINIC_NAME,DATE_TIME,PERIOD) values ('23009','检验科窗口2',to_date('14-9月 -23','DD-MON-RR'),1);
Insert into TEST_ACCOUNT.CONSULTATION_INFO (DOCTOR_ID,CLINIC_NAME,DATE_TIME,PERIOD) values ('23009','检验科窗口2',to_date('14-9月 -23','DD-MON-RR'),2);
Insert into TEST_ACCOUNT.CONSULTATION_INFO (DOCTOR_ID,CLINIC_NAME,DATE_TIME,PERIOD) values ('23009','检验科窗口2',to_date('14-9月 -23','DD-MON-RR'),3);
Insert into TEST_ACCOUNT.CONSULTATION_INFO (DOCTOR_ID,CLINIC_NAME,DATE_TIME,PERIOD) values ('23009','检验科窗口2',to_date('14-9月 -23','DD-MON-RR'),4);
Insert into TEST_ACCOUNT.CONSULTATION_INFO (DOCTOR_ID,CLINIC_NAME,DATE_TIME,PERIOD) values ('23009','检验科窗口2',to_date('14-9月 -23','DD-MON-RR'),5);
Insert into TEST_ACCOUNT.CONSULTATION_INFO (DOCTOR_ID,CLINIC_NAME,DATE_TIME,PERIOD) values ('23009','检验科窗口2',to_date('14-9月 -23','DD-MON-RR'),6);
Insert into TEST_ACCOUNT.CONSULTATION_INFO (DOCTOR_ID,CLINIC_NAME,DATE_TIME,PERIOD) values ('23009','检验科窗口2',to_date('14-9月 -23','DD-MON-RR'),7);
Insert into TEST_ACCOUNT.CONSULTATION_INFO (DOCTOR_ID,CLINIC_NAME,DATE_TIME,PERIOD) values ('23009','检验科窗口2',to_date('15-9月 -23','DD-MON-RR'),1);
Insert into TEST_ACCOUNT.CONSULTATION_INFO (DOCTOR_ID,CLINIC_NAME,DATE_TIME,PERIOD) values ('23009','检验科窗口2',to_date('15-9月 -23','DD-MON-RR'),2);
Insert into TEST_ACCOUNT.CONSULTATION_INFO (DOCTOR_ID,CLINIC_NAME,DATE_TIME,PERIOD) values ('23009','检验科窗口2',to_date('15-9月 -23','DD-MON-RR'),3);
Insert into TEST_ACCOUNT.CONSULTATION_INFO (DOCTOR_ID,CLINIC_NAME,DATE_TIME,PERIOD) values ('23009','检验科窗口2',to_date('15-9月 -23','DD-MON-RR'),4);
Insert into TEST_ACCOUNT.CONSULTATION_INFO (DOCTOR_ID,CLINIC_NAME,DATE_TIME,PERIOD) values ('23009','检验科窗口2',to_date('15-9月 -23','DD-MON-RR'),5);
Insert into TEST_ACCOUNT.CONSULTATION_INFO (DOCTOR_ID,CLINIC_NAME,DATE_TIME,PERIOD) values ('23009','检验科窗口2',to_date('15-9月 -23','DD-MON-RR'),6);
Insert into TEST_ACCOUNT.CONSULTATION_INFO (DOCTOR_ID,CLINIC_NAME,DATE_TIME,PERIOD) values ('23009','检验科窗口2',to_date('15-9月 -23','DD-MON-RR'),7);
Insert into TEST_ACCOUNT.CONSULTATION_INFO (DOCTOR_ID,CLINIC_NAME,DATE_TIME,PERIOD) values ('23009','检验科窗口2',to_date('18-9月 -23','DD-MON-RR'),1);
Insert into TEST_ACCOUNT.CONSULTATION_INFO (DOCTOR_ID,CLINIC_NAME,DATE_TIME,PERIOD) values ('23009','检验科窗口2',to_date('18-9月 -23','DD-MON-RR'),2);
Insert into TEST_ACCOUNT.CONSULTATION_INFO (DOCTOR_ID,CLINIC_NAME,DATE_TIME,PERIOD) values ('23009','检验科窗口2',to_date('18-9月 -23','DD-MON-RR'),3);
Insert into TEST_ACCOUNT.CONSULTATION_INFO (DOCTOR_ID,CLINIC_NAME,DATE_TIME,PERIOD) values ('23009','检验科窗口2',to_date('18-9月 -23','DD-MON-RR'),4);
Insert into TEST_ACCOUNT.CONSULTATION_INFO (DOCTOR_ID,CLINIC_NAME,DATE_TIME,PERIOD) values ('23009','检验科窗口2',to_date('18-9月 -23','DD-MON-RR'),5);
Insert into TEST_ACCOUNT.CONSULTATION_INFO (DOCTOR_ID,CLINIC_NAME,DATE_TIME,PERIOD) values ('23009','检验科窗口2',to_date('18-9月 -23','DD-MON-RR'),6);
Insert into TEST_ACCOUNT.CONSULTATION_INFO (DOCTOR_ID,CLINIC_NAME,DATE_TIME,PERIOD) values ('23009','检验科窗口2',to_date('18-9月 -23','DD-MON-RR'),7);
Insert into TEST_ACCOUNT.CONSULTATION_INFO (DOCTOR_ID,CLINIC_NAME,DATE_TIME,PERIOD) values ('23001','心血管内科诊室',to_date('08-9月 -23','DD-MON-RR'),1);
Insert into TEST_ACCOUNT.CONSULTATION_INFO (DOCTOR_ID,CLINIC_NAME,DATE_TIME,PERIOD) values ('23001','心血管内科诊室',to_date('08-9月 -23','DD-MON-RR'),2);
Insert into TEST_ACCOUNT.CONSULTATION_INFO (DOCTOR_ID,CLINIC_NAME,DATE_TIME,PERIOD) values ('23001','心血管内科诊室',to_date('08-9月 -23','DD-MON-RR'),3);
Insert into TEST_ACCOUNT.CONSULTATION_INFO (DOCTOR_ID,CLINIC_NAME,DATE_TIME,PERIOD) values ('23001','心血管内科诊室',to_date('08-9月 -23','DD-MON-RR'),4);
Insert into TEST_ACCOUNT.CONSULTATION_INFO (DOCTOR_ID,CLINIC_NAME,DATE_TIME,PERIOD) values ('23001','心血管内科诊室',to_date('08-9月 -23','DD-MON-RR'),5);
Insert into TEST_ACCOUNT.CONSULTATION_INFO (DOCTOR_ID,CLINIC_NAME,DATE_TIME,PERIOD) values ('23001','心血管内科诊室',to_date('08-9月 -23','DD-MON-RR'),6);
Insert into TEST_ACCOUNT.CONSULTATION_INFO (DOCTOR_ID,CLINIC_NAME,DATE_TIME,PERIOD) values ('23001','心血管内科诊室',to_date('08-9月 -23','DD-MON-RR'),7);
Insert into TEST_ACCOUNT.CONSULTATION_INFO (DOCTOR_ID,CLINIC_NAME,DATE_TIME,PERIOD) values ('23001','心血管内科诊室',to_date('09-9月 -23','DD-MON-RR'),1);
Insert into TEST_ACCOUNT.CONSULTATION_INFO (DOCTOR_ID,CLINIC_NAME,DATE_TIME,PERIOD) values ('23001','心血管内科诊室',to_date('09-9月 -23','DD-MON-RR'),2);
Insert into TEST_ACCOUNT.CONSULTATION_INFO (DOCTOR_ID,CLINIC_NAME,DATE_TIME,PERIOD) values ('23001','心血管内科诊室',to_date('09-9月 -23','DD-MON-RR'),3);
Insert into TEST_ACCOUNT.CONSULTATION_INFO (DOCTOR_ID,CLINIC_NAME,DATE_TIME,PERIOD) values ('23001','心血管内科诊室',to_date('09-9月 -23','DD-MON-RR'),4);
Insert into TEST_ACCOUNT.CONSULTATION_INFO (DOCTOR_ID,CLINIC_NAME,DATE_TIME,PERIOD) values ('23001','心血管内科诊室',to_date('09-9月 -23','DD-MON-RR'),5);
Insert into TEST_ACCOUNT.CONSULTATION_INFO (DOCTOR_ID,CLINIC_NAME,DATE_TIME,PERIOD) values ('23001','心血管内科诊室',to_date('09-9月 -23','DD-MON-RR'),6);
Insert into TEST_ACCOUNT.CONSULTATION_INFO (DOCTOR_ID,CLINIC_NAME,DATE_TIME,PERIOD) values ('23001','心血管内科诊室',to_date('09-9月 -23','DD-MON-RR'),7);
Insert into TEST_ACCOUNT.CONSULTATION_INFO (DOCTOR_ID,CLINIC_NAME,DATE_TIME,PERIOD) values ('23001','心血管内科诊室',to_date('10-9月 -23','DD-MON-RR'),1);
Insert into TEST_ACCOUNT.CONSULTATION_INFO (DOCTOR_ID,CLINIC_NAME,DATE_TIME,PERIOD) values ('23001','心血管内科诊室',to_date('10-9月 -23','DD-MON-RR'),2);
Insert into TEST_ACCOUNT.CONSULTATION_INFO (DOCTOR_ID,CLINIC_NAME,DATE_TIME,PERIOD) values ('23001','心血管内科诊室',to_date('10-9月 -23','DD-MON-RR'),3);
Insert into TEST_ACCOUNT.CONSULTATION_INFO (DOCTOR_ID,CLINIC_NAME,DATE_TIME,PERIOD) values ('23001','心血管内科诊室',to_date('10-9月 -23','DD-MON-RR'),4);
Insert into TEST_ACCOUNT.CONSULTATION_INFO (DOCTOR_ID,CLINIC_NAME,DATE_TIME,PERIOD) values ('23001','心血管内科诊室',to_date('10-9月 -23','DD-MON-RR'),5);
Insert into TEST_ACCOUNT.CONSULTATION_INFO (DOCTOR_ID,CLINIC_NAME,DATE_TIME,PERIOD) values ('23001','心血管内科诊室',to_date('10-9月 -23','DD-MON-RR'),6);
Insert into TEST_ACCOUNT.CONSULTATION_INFO (DOCTOR_ID,CLINIC_NAME,DATE_TIME,PERIOD) values ('23001','心血管内科诊室',to_date('10-9月 -23','DD-MON-RR'),7);
Insert into TEST_ACCOUNT.CONSULTATION_INFO (DOCTOR_ID,CLINIC_NAME,DATE_TIME,PERIOD) values ('23001','心血管内科诊室',to_date('11-9月 -23','DD-MON-RR'),1);
Insert into TEST_ACCOUNT.CONSULTATION_INFO (DOCTOR_ID,CLINIC_NAME,DATE_TIME,PERIOD) values ('23001','心血管内科诊室',to_date('11-9月 -23','DD-MON-RR'),2);
Insert into TEST_ACCOUNT.CONSULTATION_INFO (DOCTOR_ID,CLINIC_NAME,DATE_TIME,PERIOD) values ('23001','心血管内科诊室',to_date('11-9月 -23','DD-MON-RR'),3);
Insert into TEST_ACCOUNT.CONSULTATION_INFO (DOCTOR_ID,CLINIC_NAME,DATE_TIME,PERIOD) values ('23001','心血管内科诊室',to_date('11-9月 -23','DD-MON-RR'),4);
Insert into TEST_ACCOUNT.CONSULTATION_INFO (DOCTOR_ID,CLINIC_NAME,DATE_TIME,PERIOD) values ('23001','心血管内科诊室',to_date('11-9月 -23','DD-MON-RR'),5);
Insert into TEST_ACCOUNT.CONSULTATION_INFO (DOCTOR_ID,CLINIC_NAME,DATE_TIME,PERIOD) values ('23001','心血管内科诊室',to_date('11-9月 -23','DD-MON-RR'),6);
Insert into TEST_ACCOUNT.CONSULTATION_INFO (DOCTOR_ID,CLINIC_NAME,DATE_TIME,PERIOD) values ('23001','心血管内科诊室',to_date('11-9月 -23','DD-MON-RR'),7);
Insert into TEST_ACCOUNT.CONSULTATION_INFO (DOCTOR_ID,CLINIC_NAME,DATE_TIME,PERIOD) values ('23001','心血管内科诊室',to_date('14-9月 -23','DD-MON-RR'),1);
Insert into TEST_ACCOUNT.CONSULTATION_INFO (DOCTOR_ID,CLINIC_NAME,DATE_TIME,PERIOD) values ('23001','心血管内科诊室',to_date('14-9月 -23','DD-MON-RR'),2);
Insert into TEST_ACCOUNT.CONSULTATION_INFO (DOCTOR_ID,CLINIC_NAME,DATE_TIME,PERIOD) values ('23001','心血管内科诊室',to_date('14-9月 -23','DD-MON-RR'),3);
Insert into TEST_ACCOUNT.CONSULTATION_INFO (DOCTOR_ID,CLINIC_NAME,DATE_TIME,PERIOD) values ('23001','心血管内科诊室',to_date('14-9月 -23','DD-MON-RR'),4);
Insert into TEST_ACCOUNT.CONSULTATION_INFO (DOCTOR_ID,CLINIC_NAME,DATE_TIME,PERIOD) values ('23001','心血管内科诊室',to_date('14-9月 -23','DD-MON-RR'),5);
Insert into TEST_ACCOUNT.CONSULTATION_INFO (DOCTOR_ID,CLINIC_NAME,DATE_TIME,PERIOD) values ('23001','心血管内科诊室',to_date('14-9月 -23','DD-MON-RR'),6);
Insert into TEST_ACCOUNT.CONSULTATION_INFO (DOCTOR_ID,CLINIC_NAME,DATE_TIME,PERIOD) values ('23001','心血管内科诊室',to_date('14-9月 -23','DD-MON-RR'),7);
Insert into TEST_ACCOUNT.CONSULTATION_INFO (DOCTOR_ID,CLINIC_NAME,DATE_TIME,PERIOD) values ('23001','心血管内科诊室',to_date('15-9月 -23','DD-MON-RR'),1);
Insert into TEST_ACCOUNT.CONSULTATION_INFO (DOCTOR_ID,CLINIC_NAME,DATE_TIME,PERIOD) values ('23001','心血管内科诊室',to_date('15-9月 -23','DD-MON-RR'),2);
Insert into TEST_ACCOUNT.CONSULTATION_INFO (DOCTOR_ID,CLINIC_NAME,DATE_TIME,PERIOD) values ('23001','心血管内科诊室',to_date('15-9月 -23','DD-MON-RR'),3);
Insert into TEST_ACCOUNT.CONSULTATION_INFO (DOCTOR_ID,CLINIC_NAME,DATE_TIME,PERIOD) values ('23001','心血管内科诊室',to_date('15-9月 -23','DD-MON-RR'),4);
Insert into TEST_ACCOUNT.CONSULTATION_INFO (DOCTOR_ID,CLINIC_NAME,DATE_TIME,PERIOD) values ('23001','心血管内科诊室',to_date('15-9月 -23','DD-MON-RR'),5);
Insert into TEST_ACCOUNT.CONSULTATION_INFO (DOCTOR_ID,CLINIC_NAME,DATE_TIME,PERIOD) values ('23001','心血管内科诊室',to_date('15-9月 -23','DD-MON-RR'),6);
Insert into TEST_ACCOUNT.CONSULTATION_INFO (DOCTOR_ID,CLINIC_NAME,DATE_TIME,PERIOD) values ('23001','心血管内科诊室',to_date('15-9月 -23','DD-MON-RR'),7);
Insert into TEST_ACCOUNT.CONSULTATION_INFO (DOCTOR_ID,CLINIC_NAME,DATE_TIME,PERIOD) values ('23001','心血管内科诊室',to_date('18-9月 -23','DD-MON-RR'),1);
Insert into TEST_ACCOUNT.CONSULTATION_INFO (DOCTOR_ID,CLINIC_NAME,DATE_TIME,PERIOD) values ('23001','心血管内科诊室',to_date('18-9月 -23','DD-MON-RR'),2);
Insert into TEST_ACCOUNT.CONSULTATION_INFO (DOCTOR_ID,CLINIC_NAME,DATE_TIME,PERIOD) values ('23001','心血管内科诊室',to_date('18-9月 -23','DD-MON-RR'),3);
Insert into TEST_ACCOUNT.CONSULTATION_INFO (DOCTOR_ID,CLINIC_NAME,DATE_TIME,PERIOD) values ('23001','心血管内科诊室',to_date('18-9月 -23','DD-MON-RR'),4);
Insert into TEST_ACCOUNT.CONSULTATION_INFO (DOCTOR_ID,CLINIC_NAME,DATE_TIME,PERIOD) values ('23001','心血管内科诊室',to_date('18-9月 -23','DD-MON-RR'),5);
Insert into TEST_ACCOUNT.CONSULTATION_INFO (DOCTOR_ID,CLINIC_NAME,DATE_TIME,PERIOD) values ('23001','心血管内科诊室',to_date('18-9月 -23','DD-MON-RR'),6);
Insert into TEST_ACCOUNT.CONSULTATION_INFO (DOCTOR_ID,CLINIC_NAME,DATE_TIME,PERIOD) values ('23001','心血管内科诊室',to_date('18-9月 -23','DD-MON-RR'),7);
Insert into TEST_ACCOUNT.CONSULTATION_INFO (DOCTOR_ID,CLINIC_NAME,DATE_TIME,PERIOD) values ('23001','心血管内科诊室',to_date('19-9月 -23','DD-MON-RR'),1);
Insert into TEST_ACCOUNT.CONSULTATION_INFO (DOCTOR_ID,CLINIC_NAME,DATE_TIME,PERIOD) values ('23001','心血管内科诊室',to_date('19-9月 -23','DD-MON-RR'),2);
Insert into TEST_ACCOUNT.CONSULTATION_INFO (DOCTOR_ID,CLINIC_NAME,DATE_TIME,PERIOD) values ('23001','心血管内科诊室',to_date('19-9月 -23','DD-MON-RR'),3);
Insert into TEST_ACCOUNT.CONSULTATION_INFO (DOCTOR_ID,CLINIC_NAME,DATE_TIME,PERIOD) values ('23001','心血管内科诊室',to_date('19-9月 -23','DD-MON-RR'),4);
Insert into TEST_ACCOUNT.CONSULTATION_INFO (DOCTOR_ID,CLINIC_NAME,DATE_TIME,PERIOD) values ('23001','心血管内科诊室',to_date('19-9月 -23','DD-MON-RR'),5);
Insert into TEST_ACCOUNT.CONSULTATION_INFO (DOCTOR_ID,CLINIC_NAME,DATE_TIME,PERIOD) values ('23001','心血管内科诊室',to_date('19-9月 -23','DD-MON-RR'),6);
Insert into TEST_ACCOUNT.CONSULTATION_INFO (DOCTOR_ID,CLINIC_NAME,DATE_TIME,PERIOD) values ('23001','心血管内科诊室',to_date('19-9月 -23','DD-MON-RR'),7);
Insert into TEST_ACCOUNT.CONSULTATION_INFO (DOCTOR_ID,CLINIC_NAME,DATE_TIME,PERIOD) values ('23001','心血管内科诊室',to_date('20-9月 -23','DD-MON-RR'),1);
Insert into TEST_ACCOUNT.CONSULTATION_INFO (DOCTOR_ID,CLINIC_NAME,DATE_TIME,PERIOD) values ('23001','心血管内科诊室',to_date('20-9月 -23','DD-MON-RR'),2);
Insert into TEST_ACCOUNT.CONSULTATION_INFO (DOCTOR_ID,CLINIC_NAME,DATE_TIME,PERIOD) values ('23001','心血管内科诊室',to_date('20-9月 -23','DD-MON-RR'),3);
Insert into TEST_ACCOUNT.CONSULTATION_INFO (DOCTOR_ID,CLINIC_NAME,DATE_TIME,PERIOD) values ('23001','心血管内科诊室',to_date('20-9月 -23','DD-MON-RR'),4);
Insert into TEST_ACCOUNT.CONSULTATION_INFO (DOCTOR_ID,CLINIC_NAME,DATE_TIME,PERIOD) values ('23001','心血管内科诊室',to_date('20-9月 -23','DD-MON-RR'),5);
Insert into TEST_ACCOUNT.CONSULTATION_INFO (DOCTOR_ID,CLINIC_NAME,DATE_TIME,PERIOD) values ('23001','心血管内科诊室',to_date('20-9月 -23','DD-MON-RR'),6);
Insert into TEST_ACCOUNT.CONSULTATION_INFO (DOCTOR_ID,CLINIC_NAME,DATE_TIME,PERIOD) values ('23001','心血管内科诊室',to_date('20-9月 -23','DD-MON-RR'),7);
Insert into TEST_ACCOUNT.CONSULTATION_INFO (DOCTOR_ID,CLINIC_NAME,DATE_TIME,PERIOD) values ('23002','泌尿外科诊室',to_date('08-9月 -23','DD-MON-RR'),1);
Insert into TEST_ACCOUNT.CONSULTATION_INFO (DOCTOR_ID,CLINIC_NAME,DATE_TIME,PERIOD) values ('23002','泌尿外科诊室',to_date('08-9月 -23','DD-MON-RR'),2);
Insert into TEST_ACCOUNT.CONSULTATION_INFO (DOCTOR_ID,CLINIC_NAME,DATE_TIME,PERIOD) values ('23002','泌尿外科诊室',to_date('08-9月 -23','DD-MON-RR'),3);
Insert into TEST_ACCOUNT.CONSULTATION_INFO (DOCTOR_ID,CLINIC_NAME,DATE_TIME,PERIOD) values ('23002','泌尿外科诊室',to_date('08-9月 -23','DD-MON-RR'),4);
Insert into TEST_ACCOUNT.CONSULTATION_INFO (DOCTOR_ID,CLINIC_NAME,DATE_TIME,PERIOD) values ('23002','泌尿外科诊室',to_date('08-9月 -23','DD-MON-RR'),5);
Insert into TEST_ACCOUNT.CONSULTATION_INFO (DOCTOR_ID,CLINIC_NAME,DATE_TIME,PERIOD) values ('23002','泌尿外科诊室',to_date('08-9月 -23','DD-MON-RR'),6);
Insert into TEST_ACCOUNT.CONSULTATION_INFO (DOCTOR_ID,CLINIC_NAME,DATE_TIME,PERIOD) values ('23002','泌尿外科诊室',to_date('08-9月 -23','DD-MON-RR'),7);
Insert into TEST_ACCOUNT.CONSULTATION_INFO (DOCTOR_ID,CLINIC_NAME,DATE_TIME,PERIOD) values ('23002','泌尿外科诊室',to_date('09-9月 -23','DD-MON-RR'),1);
Insert into TEST_ACCOUNT.CONSULTATION_INFO (DOCTOR_ID,CLINIC_NAME,DATE_TIME,PERIOD) values ('23002','泌尿外科诊室',to_date('09-9月 -23','DD-MON-RR'),2);
Insert into TEST_ACCOUNT.CONSULTATION_INFO (DOCTOR_ID,CLINIC_NAME,DATE_TIME,PERIOD) values ('23002','泌尿外科诊室',to_date('09-9月 -23','DD-MON-RR'),3);
Insert into TEST_ACCOUNT.CONSULTATION_INFO (DOCTOR_ID,CLINIC_NAME,DATE_TIME,PERIOD) values ('23002','泌尿外科诊室',to_date('09-9月 -23','DD-MON-RR'),4);
Insert into TEST_ACCOUNT.CONSULTATION_INFO (DOCTOR_ID,CLINIC_NAME,DATE_TIME,PERIOD) values ('23002','泌尿外科诊室',to_date('09-9月 -23','DD-MON-RR'),5);
Insert into TEST_ACCOUNT.CONSULTATION_INFO (DOCTOR_ID,CLINIC_NAME,DATE_TIME,PERIOD) values ('23002','泌尿外科诊室',to_date('09-9月 -23','DD-MON-RR'),6);
Insert into TEST_ACCOUNT.CONSULTATION_INFO (DOCTOR_ID,CLINIC_NAME,DATE_TIME,PERIOD) values ('23002','泌尿外科诊室',to_date('09-9月 -23','DD-MON-RR'),7);
Insert into TEST_ACCOUNT.CONSULTATION_INFO (DOCTOR_ID,CLINIC_NAME,DATE_TIME,PERIOD) values ('23002','泌尿外科诊室',to_date('10-9月 -23','DD-MON-RR'),1);
Insert into TEST_ACCOUNT.CONSULTATION_INFO (DOCTOR_ID,CLINIC_NAME,DATE_TIME,PERIOD) values ('23002','泌尿外科诊室',to_date('10-9月 -23','DD-MON-RR'),2);
Insert into TEST_ACCOUNT.CONSULTATION_INFO (DOCTOR_ID,CLINIC_NAME,DATE_TIME,PERIOD) values ('23002','泌尿外科诊室',to_date('10-9月 -23','DD-MON-RR'),3);
Insert into TEST_ACCOUNT.CONSULTATION_INFO (DOCTOR_ID,CLINIC_NAME,DATE_TIME,PERIOD) values ('23002','泌尿外科诊室',to_date('10-9月 -23','DD-MON-RR'),4);
Insert into TEST_ACCOUNT.CONSULTATION_INFO (DOCTOR_ID,CLINIC_NAME,DATE_TIME,PERIOD) values ('23002','泌尿外科诊室',to_date('10-9月 -23','DD-MON-RR'),5);
Insert into TEST_ACCOUNT.CONSULTATION_INFO (DOCTOR_ID,CLINIC_NAME,DATE_TIME,PERIOD) values ('23002','泌尿外科诊室',to_date('10-9月 -23','DD-MON-RR'),6);
Insert into TEST_ACCOUNT.CONSULTATION_INFO (DOCTOR_ID,CLINIC_NAME,DATE_TIME,PERIOD) values ('23002','泌尿外科诊室',to_date('10-9月 -23','DD-MON-RR'),7);
Insert into TEST_ACCOUNT.CONSULTATION_INFO (DOCTOR_ID,CLINIC_NAME,DATE_TIME,PERIOD) values ('23002','泌尿外科诊室',to_date('11-9月 -23','DD-MON-RR'),1);
Insert into TEST_ACCOUNT.CONSULTATION_INFO (DOCTOR_ID,CLINIC_NAME,DATE_TIME,PERIOD) values ('23002','泌尿外科诊室',to_date('11-9月 -23','DD-MON-RR'),2);
Insert into TEST_ACCOUNT.CONSULTATION_INFO (DOCTOR_ID,CLINIC_NAME,DATE_TIME,PERIOD) values ('23002','泌尿外科诊室',to_date('11-9月 -23','DD-MON-RR'),3);
Insert into TEST_ACCOUNT.CONSULTATION_INFO (DOCTOR_ID,CLINIC_NAME,DATE_TIME,PERIOD) values ('23002','泌尿外科诊室',to_date('11-9月 -23','DD-MON-RR'),4);
Insert into TEST_ACCOUNT.CONSULTATION_INFO (DOCTOR_ID,CLINIC_NAME,DATE_TIME,PERIOD) values ('23002','泌尿外科诊室',to_date('11-9月 -23','DD-MON-RR'),5);
Insert into TEST_ACCOUNT.CONSULTATION_INFO (DOCTOR_ID,CLINIC_NAME,DATE_TIME,PERIOD) values ('23002','泌尿外科诊室',to_date('11-9月 -23','DD-MON-RR'),6);
Insert into TEST_ACCOUNT.CONSULTATION_INFO (DOCTOR_ID,CLINIC_NAME,DATE_TIME,PERIOD) values ('23002','泌尿外科诊室',to_date('11-9月 -23','DD-MON-RR'),7);
Insert into TEST_ACCOUNT.CONSULTATION_INFO (DOCTOR_ID,CLINIC_NAME,DATE_TIME,PERIOD) values ('23017','神经内科诊室',to_date('12-9月 -23','DD-MON-RR'),1);
Insert into TEST_ACCOUNT.CONSULTATION_INFO (DOCTOR_ID,CLINIC_NAME,DATE_TIME,PERIOD) values ('23017','神经内科诊室',to_date('12-9月 -23','DD-MON-RR'),2);
Insert into TEST_ACCOUNT.CONSULTATION_INFO (DOCTOR_ID,CLINIC_NAME,DATE_TIME,PERIOD) values ('23017','神经内科诊室',to_date('12-9月 -23','DD-MON-RR'),3);
Insert into TEST_ACCOUNT.CONSULTATION_INFO (DOCTOR_ID,CLINIC_NAME,DATE_TIME,PERIOD) values ('23017','神经内科诊室',to_date('12-9月 -23','DD-MON-RR'),4);
Insert into TEST_ACCOUNT.CONSULTATION_INFO (DOCTOR_ID,CLINIC_NAME,DATE_TIME,PERIOD) values ('23017','神经内科诊室',to_date('12-9月 -23','DD-MON-RR'),5);
Insert into TEST_ACCOUNT.CONSULTATION_INFO (DOCTOR_ID,CLINIC_NAME,DATE_TIME,PERIOD) values ('23017','神经内科诊室',to_date('13-9月 -23','DD-MON-RR'),1);
Insert into TEST_ACCOUNT.CONSULTATION_INFO (DOCTOR_ID,CLINIC_NAME,DATE_TIME,PERIOD) values ('23017','神经内科诊室',to_date('13-9月 -23','DD-MON-RR'),2);
Insert into TEST_ACCOUNT.CONSULTATION_INFO (DOCTOR_ID,CLINIC_NAME,DATE_TIME,PERIOD) values ('23017','神经内科诊室',to_date('13-9月 -23','DD-MON-RR'),3);
Insert into TEST_ACCOUNT.CONSULTATION_INFO (DOCTOR_ID,CLINIC_NAME,DATE_TIME,PERIOD) values ('23017','神经内科诊室',to_date('13-9月 -23','DD-MON-RR'),4);
Insert into TEST_ACCOUNT.CONSULTATION_INFO (DOCTOR_ID,CLINIC_NAME,DATE_TIME,PERIOD) values ('23017','神经内科诊室',to_date('13-9月 -23','DD-MON-RR'),5);
Insert into TEST_ACCOUNT.CONSULTATION_INFO (DOCTOR_ID,CLINIC_NAME,DATE_TIME,PERIOD) values ('23017','神经内科诊室',to_date('13-9月 -23','DD-MON-RR'),6);
Insert into TEST_ACCOUNT.CONSULTATION_INFO (DOCTOR_ID,CLINIC_NAME,DATE_TIME,PERIOD) values ('23017','神经内科诊室',to_date('14-9月 -23','DD-MON-RR'),1);
Insert into TEST_ACCOUNT.CONSULTATION_INFO (DOCTOR_ID,CLINIC_NAME,DATE_TIME,PERIOD) values ('23017','神经内科诊室',to_date('14-9月 -23','DD-MON-RR'),2);
Insert into TEST_ACCOUNT.CONSULTATION_INFO (DOCTOR_ID,CLINIC_NAME,DATE_TIME,PERIOD) values ('23017','神经内科诊室',to_date('14-9月 -23','DD-MON-RR'),3);
Insert into TEST_ACCOUNT.CONSULTATION_INFO (DOCTOR_ID,CLINIC_NAME,DATE_TIME,PERIOD) values ('23017','神经内科诊室',to_date('14-9月 -23','DD-MON-RR'),4);
Insert into TEST_ACCOUNT.CONSULTATION_INFO (DOCTOR_ID,CLINIC_NAME,DATE_TIME,PERIOD) values ('23017','神经内科诊室',to_date('14-9月 -23','DD-MON-RR'),5);
Insert into TEST_ACCOUNT.CONSULTATION_INFO (DOCTOR_ID,CLINIC_NAME,DATE_TIME,PERIOD) values ('23017','神经内科诊室',to_date('14-9月 -23','DD-MON-RR'),6);
Insert into TEST_ACCOUNT.CONSULTATION_INFO (DOCTOR_ID,CLINIC_NAME,DATE_TIME,PERIOD) values ('23017','神经内科诊室',to_date('14-9月 -23','DD-MON-RR'),7);
Insert into TEST_ACCOUNT.CONSULTATION_INFO (DOCTOR_ID,CLINIC_NAME,DATE_TIME,PERIOD) values ('23017','神经内科诊室',to_date('15-9月 -23','DD-MON-RR'),1);
Insert into TEST_ACCOUNT.CONSULTATION_INFO (DOCTOR_ID,CLINIC_NAME,DATE_TIME,PERIOD) values ('23017','神经内科诊室',to_date('15-9月 -23','DD-MON-RR'),2);
Insert into TEST_ACCOUNT.CONSULTATION_INFO (DOCTOR_ID,CLINIC_NAME,DATE_TIME,PERIOD) values ('23017','神经内科诊室',to_date('15-9月 -23','DD-MON-RR'),3);
Insert into TEST_ACCOUNT.CONSULTATION_INFO (DOCTOR_ID,CLINIC_NAME,DATE_TIME,PERIOD) values ('23017','神经内科诊室',to_date('15-9月 -23','DD-MON-RR'),4);
Insert into TEST_ACCOUNT.CONSULTATION_INFO (DOCTOR_ID,CLINIC_NAME,DATE_TIME,PERIOD) values ('23017','神经内科诊室',to_date('15-9月 -23','DD-MON-RR'),5);
Insert into TEST_ACCOUNT.CONSULTATION_INFO (DOCTOR_ID,CLINIC_NAME,DATE_TIME,PERIOD) values ('23017','神经内科诊室',to_date('15-9月 -23','DD-MON-RR'),6);
Insert into TEST_ACCOUNT.CONSULTATION_INFO (DOCTOR_ID,CLINIC_NAME,DATE_TIME,PERIOD) values ('23017','神经内科诊室',to_date('15-9月 -23','DD-MON-RR'),7);
Insert into TEST_ACCOUNT.CONSULTATION_INFO (DOCTOR_ID,CLINIC_NAME,DATE_TIME,PERIOD) values ('23017','神经内科诊室',to_date('16-9月 -23','DD-MON-RR'),1);
Insert into TEST_ACCOUNT.CONSULTATION_INFO (DOCTOR_ID,CLINIC_NAME,DATE_TIME,PERIOD) values ('23017','神经内科诊室',to_date('16-9月 -23','DD-MON-RR'),2);
Insert into TEST_ACCOUNT.CONSULTATION_INFO (DOCTOR_ID,CLINIC_NAME,DATE_TIME,PERIOD) values ('23017','神经内科诊室',to_date('16-9月 -23','DD-MON-RR'),3);
Insert into TEST_ACCOUNT.CONSULTATION_INFO (DOCTOR_ID,CLINIC_NAME,DATE_TIME,PERIOD) values ('23017','神经内科诊室',to_date('16-9月 -23','DD-MON-RR'),4);
Insert into TEST_ACCOUNT.CONSULTATION_INFO (DOCTOR_ID,CLINIC_NAME,DATE_TIME,PERIOD) values ('23017','神经内科诊室',to_date('16-9月 -23','DD-MON-RR'),5);
Insert into TEST_ACCOUNT.CONSULTATION_INFO (DOCTOR_ID,CLINIC_NAME,DATE_TIME,PERIOD) values ('23017','神经内科诊室',to_date('16-9月 -23','DD-MON-RR'),6);
Insert into TEST_ACCOUNT.CONSULTATION_INFO (DOCTOR_ID,CLINIC_NAME,DATE_TIME,PERIOD) values ('23017','神经内科诊室',to_date('16-9月 -23','DD-MON-RR'),7);
Insert into TEST_ACCOUNT.CONSULTATION_INFO (DOCTOR_ID,CLINIC_NAME,DATE_TIME,PERIOD) values ('23017','神经内科诊室',to_date('17-9月 -23','DD-MON-RR'),1);
Insert into TEST_ACCOUNT.CONSULTATION_INFO (DOCTOR_ID,CLINIC_NAME,DATE_TIME,PERIOD) values ('23017','神经内科诊室',to_date('17-9月 -23','DD-MON-RR'),2);
Insert into TEST_ACCOUNT.CONSULTATION_INFO (DOCTOR_ID,CLINIC_NAME,DATE_TIME,PERIOD) values ('23017','神经内科诊室',to_date('17-9月 -23','DD-MON-RR'),3);
Insert into TEST_ACCOUNT.CONSULTATION_INFO (DOCTOR_ID,CLINIC_NAME,DATE_TIME,PERIOD) values ('23017','神经内科诊室',to_date('17-9月 -23','DD-MON-RR'),4);
Insert into TEST_ACCOUNT.CONSULTATION_INFO (DOCTOR_ID,CLINIC_NAME,DATE_TIME,PERIOD) values ('23017','神经内科诊室',to_date('17-9月 -23','DD-MON-RR'),5);
Insert into TEST_ACCOUNT.CONSULTATION_INFO (DOCTOR_ID,CLINIC_NAME,DATE_TIME,PERIOD) values ('23017','神经内科诊室',to_date('17-9月 -23','DD-MON-RR'),6);
Insert into TEST_ACCOUNT.CONSULTATION_INFO (DOCTOR_ID,CLINIC_NAME,DATE_TIME,PERIOD) values ('23017','神经内科诊室',to_date('17-9月 -23','DD-MON-RR'),7);
Insert into TEST_ACCOUNT.CONSULTATION_INFO (DOCTOR_ID,CLINIC_NAME,DATE_TIME,PERIOD) values ('23017','神经内科诊室',to_date('18-9月 -23','DD-MON-RR'),1);
Insert into TEST_ACCOUNT.CONSULTATION_INFO (DOCTOR_ID,CLINIC_NAME,DATE_TIME,PERIOD) values ('23017','神经内科诊室',to_date('18-9月 -23','DD-MON-RR'),2);
Insert into TEST_ACCOUNT.CONSULTATION_INFO (DOCTOR_ID,CLINIC_NAME,DATE_TIME,PERIOD) values ('23017','神经内科诊室',to_date('18-9月 -23','DD-MON-RR'),3);
Insert into TEST_ACCOUNT.CONSULTATION_INFO (DOCTOR_ID,CLINIC_NAME,DATE_TIME,PERIOD) values ('23017','神经内科诊室',to_date('18-9月 -23','DD-MON-RR'),4);
Insert into TEST_ACCOUNT.CONSULTATION_INFO (DOCTOR_ID,CLINIC_NAME,DATE_TIME,PERIOD) values ('23017','神经内科诊室',to_date('18-9月 -23','DD-MON-RR'),5);
Insert into TEST_ACCOUNT.CONSULTATION_INFO (DOCTOR_ID,CLINIC_NAME,DATE_TIME,PERIOD) values ('23017','神经内科诊室',to_date('18-9月 -23','DD-MON-RR'),6);
Insert into TEST_ACCOUNT.CONSULTATION_INFO (DOCTOR_ID,CLINIC_NAME,DATE_TIME,PERIOD) values ('23017','神经内科诊室',to_date('18-9月 -23','DD-MON-RR'),7);
Insert into TEST_ACCOUNT.CONSULTATION_INFO (DOCTOR_ID,CLINIC_NAME,DATE_TIME,PERIOD) values ('23017','神经内科诊室',to_date('19-9月 -23','DD-MON-RR'),2);
Insert into TEST_ACCOUNT.CONSULTATION_INFO (DOCTOR_ID,CLINIC_NAME,DATE_TIME,PERIOD) values ('23017','神经内科诊室',to_date('19-9月 -23','DD-MON-RR'),3);
Insert into TEST_ACCOUNT.CONSULTATION_INFO (DOCTOR_ID,CLINIC_NAME,DATE_TIME,PERIOD) values ('23017','神经内科诊室',to_date('19-9月 -23','DD-MON-RR'),4);
Insert into TEST_ACCOUNT.CONSULTATION_INFO (DOCTOR_ID,CLINIC_NAME,DATE_TIME,PERIOD) values ('23017','神经内科诊室',to_date('19-9月 -23','DD-MON-RR'),5);
Insert into TEST_ACCOUNT.CONSULTATION_INFO (DOCTOR_ID,CLINIC_NAME,DATE_TIME,PERIOD) values ('23017','神经内科诊室',to_date('19-9月 -23','DD-MON-RR'),6);
Insert into TEST_ACCOUNT.CONSULTATION_INFO (DOCTOR_ID,CLINIC_NAME,DATE_TIME,PERIOD) values ('23017','神经内科诊室',to_date('19-9月 -23','DD-MON-RR'),7);
Insert into TEST_ACCOUNT.CONSULTATION_INFO (DOCTOR_ID,CLINIC_NAME,DATE_TIME,PERIOD) values ('23017','神经内科诊室',to_date('20-9月 -23','DD-MON-RR'),3);
Insert into TEST_ACCOUNT.CONSULTATION_INFO (DOCTOR_ID,CLINIC_NAME,DATE_TIME,PERIOD) values ('23017','神经内科诊室',to_date('20-9月 -23','DD-MON-RR'),4);
Insert into TEST_ACCOUNT.CONSULTATION_INFO (DOCTOR_ID,CLINIC_NAME,DATE_TIME,PERIOD) values ('23017','神经内科诊室',to_date('20-9月 -23','DD-MON-RR'),5);
Insert into TEST_ACCOUNT.CONSULTATION_INFO (DOCTOR_ID,CLINIC_NAME,DATE_TIME,PERIOD) values ('23017','神经内科诊室',to_date('20-9月 -23','DD-MON-RR'),6);
Insert into TEST_ACCOUNT.CONSULTATION_INFO (DOCTOR_ID,CLINIC_NAME,DATE_TIME,PERIOD) values ('23017','神经内科诊室',to_date('20-9月 -23','DD-MON-RR'),7);
Insert into TEST_ACCOUNT.CONSULTATION_INFO (DOCTOR_ID,CLINIC_NAME,DATE_TIME,PERIOD) values ('23017','神经内科诊室',to_date('21-9月 -23','DD-MON-RR'),4);
Insert into TEST_ACCOUNT.CONSULTATION_INFO (DOCTOR_ID,CLINIC_NAME,DATE_TIME,PERIOD) values ('23017','神经内科诊室',to_date('21-9月 -23','DD-MON-RR'),5);
Insert into TEST_ACCOUNT.CONSULTATION_INFO (DOCTOR_ID,CLINIC_NAME,DATE_TIME,PERIOD) values ('23017','神经内科诊室',to_date('21-9月 -23','DD-MON-RR'),6);
Insert into TEST_ACCOUNT.CONSULTATION_INFO (DOCTOR_ID,CLINIC_NAME,DATE_TIME,PERIOD) values ('23017','神经内科诊室',to_date('21-9月 -23','DD-MON-RR'),7);
Insert into TEST_ACCOUNT.CONSULTATION_INFO (DOCTOR_ID,CLINIC_NAME,DATE_TIME,PERIOD) values ('23017','神经内科诊室',to_date('22-9月 -23','DD-MON-RR'),5);
Insert into TEST_ACCOUNT.CONSULTATION_INFO (DOCTOR_ID,CLINIC_NAME,DATE_TIME,PERIOD) values ('23017','神经内科诊室',to_date('22-9月 -23','DD-MON-RR'),6);
Insert into TEST_ACCOUNT.CONSULTATION_INFO (DOCTOR_ID,CLINIC_NAME,DATE_TIME,PERIOD) values ('23017','神经内科诊室',to_date('22-9月 -23','DD-MON-RR'),7);
Insert into TEST_ACCOUNT.CONSULTATION_INFO (DOCTOR_ID,CLINIC_NAME,DATE_TIME,PERIOD) values ('23017','神经内科诊室',to_date('23-9月 -23','DD-MON-RR'),6);
Insert into TEST_ACCOUNT.CONSULTATION_INFO (DOCTOR_ID,CLINIC_NAME,DATE_TIME,PERIOD) values ('23017','神经内科诊室',to_date('23-9月 -23','DD-MON-RR'),7);
Insert into TEST_ACCOUNT.CONSULTATION_INFO (DOCTOR_ID,CLINIC_NAME,DATE_TIME,PERIOD) values ('23017','神经内科诊室',to_date('24-9月 -23','DD-MON-RR'),7);
Insert into TEST_ACCOUNT.CONSULTATION_INFO (DOCTOR_ID,CLINIC_NAME,DATE_TIME,PERIOD) values ('23018','呼吸科诊室1',to_date('08-9月 -23','DD-MON-RR'),1);
Insert into TEST_ACCOUNT.CONSULTATION_INFO (DOCTOR_ID,CLINIC_NAME,DATE_TIME,PERIOD) values ('23018','呼吸科诊室1',to_date('09-9月 -23','DD-MON-RR'),1);
Insert into TEST_ACCOUNT.CONSULTATION_INFO (DOCTOR_ID,CLINIC_NAME,DATE_TIME,PERIOD) values ('23018','呼吸科诊室1',to_date('09-9月 -23','DD-MON-RR'),2);
Insert into TEST_ACCOUNT.CONSULTATION_INFO (DOCTOR_ID,CLINIC_NAME,DATE_TIME,PERIOD) values ('23018','呼吸科诊室1',to_date('10-9月 -23','DD-MON-RR'),1);
Insert into TEST_ACCOUNT.CONSULTATION_INFO (DOCTOR_ID,CLINIC_NAME,DATE_TIME,PERIOD) values ('23018','呼吸科诊室1',to_date('10-9月 -23','DD-MON-RR'),2);
Insert into TEST_ACCOUNT.CONSULTATION_INFO (DOCTOR_ID,CLINIC_NAME,DATE_TIME,PERIOD) values ('23018','呼吸科诊室1',to_date('10-9月 -23','DD-MON-RR'),3);
Insert into TEST_ACCOUNT.CONSULTATION_INFO (DOCTOR_ID,CLINIC_NAME,DATE_TIME,PERIOD) values ('23018','呼吸科诊室1',to_date('11-9月 -23','DD-MON-RR'),1);
Insert into TEST_ACCOUNT.CONSULTATION_INFO (DOCTOR_ID,CLINIC_NAME,DATE_TIME,PERIOD) values ('23018','呼吸科诊室1',to_date('11-9月 -23','DD-MON-RR'),2);
Insert into TEST_ACCOUNT.CONSULTATION_INFO (DOCTOR_ID,CLINIC_NAME,DATE_TIME,PERIOD) values ('23018','呼吸科诊室1',to_date('11-9月 -23','DD-MON-RR'),3);
Insert into TEST_ACCOUNT.CONSULTATION_INFO (DOCTOR_ID,CLINIC_NAME,DATE_TIME,PERIOD) values ('23018','呼吸科诊室1',to_date('11-9月 -23','DD-MON-RR'),4);
Insert into TEST_ACCOUNT.CONSULTATION_INFO (DOCTOR_ID,CLINIC_NAME,DATE_TIME,PERIOD) values ('23018','呼吸科诊室1',to_date('12-9月 -23','DD-MON-RR'),1);
Insert into TEST_ACCOUNT.CONSULTATION_INFO (DOCTOR_ID,CLINIC_NAME,DATE_TIME,PERIOD) values ('23018','呼吸科诊室1',to_date('12-9月 -23','DD-MON-RR'),2);
Insert into TEST_ACCOUNT.CONSULTATION_INFO (DOCTOR_ID,CLINIC_NAME,DATE_TIME,PERIOD) values ('23018','呼吸科诊室1',to_date('12-9月 -23','DD-MON-RR'),3);
Insert into TEST_ACCOUNT.CONSULTATION_INFO (DOCTOR_ID,CLINIC_NAME,DATE_TIME,PERIOD) values ('23018','呼吸科诊室1',to_date('12-9月 -23','DD-MON-RR'),4);
Insert into TEST_ACCOUNT.CONSULTATION_INFO (DOCTOR_ID,CLINIC_NAME,DATE_TIME,PERIOD) values ('23018','呼吸科诊室1',to_date('12-9月 -23','DD-MON-RR'),5);
Insert into TEST_ACCOUNT.CONSULTATION_INFO (DOCTOR_ID,CLINIC_NAME,DATE_TIME,PERIOD) values ('23018','呼吸科诊室1',to_date('13-9月 -23','DD-MON-RR'),1);
Insert into TEST_ACCOUNT.CONSULTATION_INFO (DOCTOR_ID,CLINIC_NAME,DATE_TIME,PERIOD) values ('23018','呼吸科诊室1',to_date('13-9月 -23','DD-MON-RR'),2);
Insert into TEST_ACCOUNT.CONSULTATION_INFO (DOCTOR_ID,CLINIC_NAME,DATE_TIME,PERIOD) values ('23018','呼吸科诊室1',to_date('13-9月 -23','DD-MON-RR'),3);
Insert into TEST_ACCOUNT.CONSULTATION_INFO (DOCTOR_ID,CLINIC_NAME,DATE_TIME,PERIOD) values ('23018','呼吸科诊室1',to_date('13-9月 -23','DD-MON-RR'),4);
Insert into TEST_ACCOUNT.CONSULTATION_INFO (DOCTOR_ID,CLINIC_NAME,DATE_TIME,PERIOD) values ('23018','呼吸科诊室1',to_date('13-9月 -23','DD-MON-RR'),5);
Insert into TEST_ACCOUNT.CONSULTATION_INFO (DOCTOR_ID,CLINIC_NAME,DATE_TIME,PERIOD) values ('23018','呼吸科诊室1',to_date('13-9月 -23','DD-MON-RR'),6);
Insert into TEST_ACCOUNT.CONSULTATION_INFO (DOCTOR_ID,CLINIC_NAME,DATE_TIME,PERIOD) values ('23018','呼吸科诊室1',to_date('14-9月 -23','DD-MON-RR'),1);
Insert into TEST_ACCOUNT.CONSULTATION_INFO (DOCTOR_ID,CLINIC_NAME,DATE_TIME,PERIOD) values ('23018','呼吸科诊室1',to_date('14-9月 -23','DD-MON-RR'),2);
Insert into TEST_ACCOUNT.CONSULTATION_INFO (DOCTOR_ID,CLINIC_NAME,DATE_TIME,PERIOD) values ('23018','呼吸科诊室1',to_date('14-9月 -23','DD-MON-RR'),3);
Insert into TEST_ACCOUNT.CONSULTATION_INFO (DOCTOR_ID,CLINIC_NAME,DATE_TIME,PERIOD) values ('23018','呼吸科诊室1',to_date('14-9月 -23','DD-MON-RR'),4);
Insert into TEST_ACCOUNT.CONSULTATION_INFO (DOCTOR_ID,CLINIC_NAME,DATE_TIME,PERIOD) values ('23018','呼吸科诊室1',to_date('14-9月 -23','DD-MON-RR'),5);
Insert into TEST_ACCOUNT.CONSULTATION_INFO (DOCTOR_ID,CLINIC_NAME,DATE_TIME,PERIOD) values ('23018','呼吸科诊室1',to_date('14-9月 -23','DD-MON-RR'),6);
Insert into TEST_ACCOUNT.CONSULTATION_INFO (DOCTOR_ID,CLINIC_NAME,DATE_TIME,PERIOD) values ('23018','呼吸科诊室1',to_date('14-9月 -23','DD-MON-RR'),7);
Insert into TEST_ACCOUNT.CONSULTATION_INFO (DOCTOR_ID,CLINIC_NAME,DATE_TIME,PERIOD) values ('23018','呼吸科诊室1',to_date('15-9月 -23','DD-MON-RR'),1);
Insert into TEST_ACCOUNT.CONSULTATION_INFO (DOCTOR_ID,CLINIC_NAME,DATE_TIME,PERIOD) values ('23018','呼吸科诊室1',to_date('15-9月 -23','DD-MON-RR'),2);
Insert into TEST_ACCOUNT.CONSULTATION_INFO (DOCTOR_ID,CLINIC_NAME,DATE_TIME,PERIOD) values ('23018','呼吸科诊室1',to_date('15-9月 -23','DD-MON-RR'),3);
Insert into TEST_ACCOUNT.CONSULTATION_INFO (DOCTOR_ID,CLINIC_NAME,DATE_TIME,PERIOD) values ('23018','呼吸科诊室1',to_date('15-9月 -23','DD-MON-RR'),4);
Insert into TEST_ACCOUNT.CONSULTATION_INFO (DOCTOR_ID,CLINIC_NAME,DATE_TIME,PERIOD) values ('23018','呼吸科诊室1',to_date('15-9月 -23','DD-MON-RR'),5);
Insert into TEST_ACCOUNT.CONSULTATION_INFO (DOCTOR_ID,CLINIC_NAME,DATE_TIME,PERIOD) values ('23018','呼吸科诊室1',to_date('15-9月 -23','DD-MON-RR'),6);
Insert into TEST_ACCOUNT.CONSULTATION_INFO (DOCTOR_ID,CLINIC_NAME,DATE_TIME,PERIOD) values ('23018','呼吸科诊室1',to_date('15-9月 -23','DD-MON-RR'),7);
Insert into TEST_ACCOUNT.CONSULTATION_INFO (DOCTOR_ID,CLINIC_NAME,DATE_TIME,PERIOD) values ('23018','呼吸科诊室1',to_date('16-9月 -23','DD-MON-RR'),1);
Insert into TEST_ACCOUNT.CONSULTATION_INFO (DOCTOR_ID,CLINIC_NAME,DATE_TIME,PERIOD) values ('23018','呼吸科诊室1',to_date('16-9月 -23','DD-MON-RR'),2);
Insert into TEST_ACCOUNT.CONSULTATION_INFO (DOCTOR_ID,CLINIC_NAME,DATE_TIME,PERIOD) values ('23018','呼吸科诊室1',to_date('16-9月 -23','DD-MON-RR'),3);
Insert into TEST_ACCOUNT.CONSULTATION_INFO (DOCTOR_ID,CLINIC_NAME,DATE_TIME,PERIOD) values ('23018','呼吸科诊室1',to_date('16-9月 -23','DD-MON-RR'),4);
Insert into TEST_ACCOUNT.CONSULTATION_INFO (DOCTOR_ID,CLINIC_NAME,DATE_TIME,PERIOD) values ('23018','呼吸科诊室1',to_date('16-9月 -23','DD-MON-RR'),5);
Insert into TEST_ACCOUNT.CONSULTATION_INFO (DOCTOR_ID,CLINIC_NAME,DATE_TIME,PERIOD) values ('23018','呼吸科诊室1',to_date('16-9月 -23','DD-MON-RR'),6);
Insert into TEST_ACCOUNT.CONSULTATION_INFO (DOCTOR_ID,CLINIC_NAME,DATE_TIME,PERIOD) values ('23018','呼吸科诊室1',to_date('16-9月 -23','DD-MON-RR'),7);
Insert into TEST_ACCOUNT.CONSULTATION_INFO (DOCTOR_ID,CLINIC_NAME,DATE_TIME,PERIOD) values ('23018','呼吸科诊室1',to_date('17-9月 -23','DD-MON-RR'),1);
Insert into TEST_ACCOUNT.CONSULTATION_INFO (DOCTOR_ID,CLINIC_NAME,DATE_TIME,PERIOD) values ('23018','呼吸科诊室1',to_date('17-9月 -23','DD-MON-RR'),2);
Insert into TEST_ACCOUNT.CONSULTATION_INFO (DOCTOR_ID,CLINIC_NAME,DATE_TIME,PERIOD) values ('23018','呼吸科诊室1',to_date('17-9月 -23','DD-MON-RR'),3);
Insert into TEST_ACCOUNT.CONSULTATION_INFO (DOCTOR_ID,CLINIC_NAME,DATE_TIME,PERIOD) values ('23018','呼吸科诊室1',to_date('17-9月 -23','DD-MON-RR'),4);
Insert into TEST_ACCOUNT.CONSULTATION_INFO (DOCTOR_ID,CLINIC_NAME,DATE_TIME,PERIOD) values ('23018','呼吸科诊室1',to_date('17-9月 -23','DD-MON-RR'),5);
Insert into TEST_ACCOUNT.CONSULTATION_INFO (DOCTOR_ID,CLINIC_NAME,DATE_TIME,PERIOD) values ('23018','呼吸科诊室1',to_date('17-9月 -23','DD-MON-RR'),6);
Insert into TEST_ACCOUNT.CONSULTATION_INFO (DOCTOR_ID,CLINIC_NAME,DATE_TIME,PERIOD) values ('23018','呼吸科诊室1',to_date('17-9月 -23','DD-MON-RR'),7);
Insert into TEST_ACCOUNT.CONSULTATION_INFO (DOCTOR_ID,CLINIC_NAME,DATE_TIME,PERIOD) values ('23018','呼吸科诊室1',to_date('18-9月 -23','DD-MON-RR'),1);
Insert into TEST_ACCOUNT.CONSULTATION_INFO (DOCTOR_ID,CLINIC_NAME,DATE_TIME,PERIOD) values ('23018','呼吸科诊室1',to_date('18-9月 -23','DD-MON-RR'),2);
Insert into TEST_ACCOUNT.CONSULTATION_INFO (DOCTOR_ID,CLINIC_NAME,DATE_TIME,PERIOD) values ('23018','呼吸科诊室1',to_date('18-9月 -23','DD-MON-RR'),3);
Insert into TEST_ACCOUNT.CONSULTATION_INFO (DOCTOR_ID,CLINIC_NAME,DATE_TIME,PERIOD) values ('23018','呼吸科诊室1',to_date('18-9月 -23','DD-MON-RR'),4);
Insert into TEST_ACCOUNT.CONSULTATION_INFO (DOCTOR_ID,CLINIC_NAME,DATE_TIME,PERIOD) values ('23018','呼吸科诊室1',to_date('18-9月 -23','DD-MON-RR'),5);
Insert into TEST_ACCOUNT.CONSULTATION_INFO (DOCTOR_ID,CLINIC_NAME,DATE_TIME,PERIOD) values ('23018','呼吸科诊室1',to_date('18-9月 -23','DD-MON-RR'),6);
Insert into TEST_ACCOUNT.CONSULTATION_INFO (DOCTOR_ID,CLINIC_NAME,DATE_TIME,PERIOD) values ('23018','呼吸科诊室1',to_date('18-9月 -23','DD-MON-RR'),7);
Insert into TEST_ACCOUNT.CONSULTATION_INFO (DOCTOR_ID,CLINIC_NAME,DATE_TIME,PERIOD) values ('23018','呼吸科诊室1',to_date('19-9月 -23','DD-MON-RR'),2);
Insert into TEST_ACCOUNT.CONSULTATION_INFO (DOCTOR_ID,CLINIC_NAME,DATE_TIME,PERIOD) values ('23018','呼吸科诊室1',to_date('19-9月 -23','DD-MON-RR'),3);
Insert into TEST_ACCOUNT.CONSULTATION_INFO (DOCTOR_ID,CLINIC_NAME,DATE_TIME,PERIOD) values ('23018','呼吸科诊室1',to_date('19-9月 -23','DD-MON-RR'),4);
Insert into TEST_ACCOUNT.CONSULTATION_INFO (DOCTOR_ID,CLINIC_NAME,DATE_TIME,PERIOD) values ('23018','呼吸科诊室1',to_date('19-9月 -23','DD-MON-RR'),5);
Insert into TEST_ACCOUNT.CONSULTATION_INFO (DOCTOR_ID,CLINIC_NAME,DATE_TIME,PERIOD) values ('23018','呼吸科诊室1',to_date('19-9月 -23','DD-MON-RR'),6);
Insert into TEST_ACCOUNT.CONSULTATION_INFO (DOCTOR_ID,CLINIC_NAME,DATE_TIME,PERIOD) values ('23018','呼吸科诊室1',to_date('19-9月 -23','DD-MON-RR'),7);
Insert into TEST_ACCOUNT.CONSULTATION_INFO (DOCTOR_ID,CLINIC_NAME,DATE_TIME,PERIOD) values ('23018','呼吸科诊室1',to_date('20-9月 -23','DD-MON-RR'),3);
Insert into TEST_ACCOUNT.CONSULTATION_INFO (DOCTOR_ID,CLINIC_NAME,DATE_TIME,PERIOD) values ('23018','呼吸科诊室1',to_date('20-9月 -23','DD-MON-RR'),4);
Insert into TEST_ACCOUNT.CONSULTATION_INFO (DOCTOR_ID,CLINIC_NAME,DATE_TIME,PERIOD) values ('23018','呼吸科诊室1',to_date('20-9月 -23','DD-MON-RR'),5);
Insert into TEST_ACCOUNT.CONSULTATION_INFO (DOCTOR_ID,CLINIC_NAME,DATE_TIME,PERIOD) values ('23018','呼吸科诊室1',to_date('20-9月 -23','DD-MON-RR'),6);
Insert into TEST_ACCOUNT.CONSULTATION_INFO (DOCTOR_ID,CLINIC_NAME,DATE_TIME,PERIOD) values ('23018','呼吸科诊室1',to_date('20-9月 -23','DD-MON-RR'),7);
Insert into TEST_ACCOUNT.CONSULTATION_INFO (DOCTOR_ID,CLINIC_NAME,DATE_TIME,PERIOD) values ('23018','呼吸科诊室1',to_date('21-9月 -23','DD-MON-RR'),4);
Insert into TEST_ACCOUNT.CONSULTATION_INFO (DOCTOR_ID,CLINIC_NAME,DATE_TIME,PERIOD) values ('23018','呼吸科诊室1',to_date('21-9月 -23','DD-MON-RR'),5);
Insert into TEST_ACCOUNT.CONSULTATION_INFO (DOCTOR_ID,CLINIC_NAME,DATE_TIME,PERIOD) values ('23018','呼吸科诊室1',to_date('21-9月 -23','DD-MON-RR'),6);
Insert into TEST_ACCOUNT.CONSULTATION_INFO (DOCTOR_ID,CLINIC_NAME,DATE_TIME,PERIOD) values ('23018','呼吸科诊室1',to_date('21-9月 -23','DD-MON-RR'),7);
Insert into TEST_ACCOUNT.CONSULTATION_INFO (DOCTOR_ID,CLINIC_NAME,DATE_TIME,PERIOD) values ('23018','呼吸科诊室1',to_date('22-9月 -23','DD-MON-RR'),5);
Insert into TEST_ACCOUNT.CONSULTATION_INFO (DOCTOR_ID,CLINIC_NAME,DATE_TIME,PERIOD) values ('23018','呼吸科诊室1',to_date('22-9月 -23','DD-MON-RR'),6);
Insert into TEST_ACCOUNT.CONSULTATION_INFO (DOCTOR_ID,CLINIC_NAME,DATE_TIME,PERIOD) values ('23018','呼吸科诊室1',to_date('22-9月 -23','DD-MON-RR'),7);
Insert into TEST_ACCOUNT.CONSULTATION_INFO (DOCTOR_ID,CLINIC_NAME,DATE_TIME,PERIOD) values ('23018','呼吸科诊室1',to_date('23-9月 -23','DD-MON-RR'),6);
Insert into TEST_ACCOUNT.CONSULTATION_INFO (DOCTOR_ID,CLINIC_NAME,DATE_TIME,PERIOD) values ('23018','呼吸科诊室1',to_date('23-9月 -23','DD-MON-RR'),7);
Insert into TEST_ACCOUNT.CONSULTATION_INFO (DOCTOR_ID,CLINIC_NAME,DATE_TIME,PERIOD) values ('23018','呼吸科诊室1',to_date('24-9月 -23','DD-MON-RR'),7);
Insert into TEST_ACCOUNT.CONSULTATION_INFO (DOCTOR_ID,CLINIC_NAME,DATE_TIME,PERIOD) values ('23019','急诊科诊室',to_date('08-9月 -23','DD-MON-RR'),1);
Insert into TEST_ACCOUNT.CONSULTATION_INFO (DOCTOR_ID,CLINIC_NAME,DATE_TIME,PERIOD) values ('23019','急诊科诊室',to_date('09-9月 -23','DD-MON-RR'),1);
Insert into TEST_ACCOUNT.CONSULTATION_INFO (DOCTOR_ID,CLINIC_NAME,DATE_TIME,PERIOD) values ('23019','急诊科诊室',to_date('09-9月 -23','DD-MON-RR'),2);
Insert into TEST_ACCOUNT.CONSULTATION_INFO (DOCTOR_ID,CLINIC_NAME,DATE_TIME,PERIOD) values ('23019','急诊科诊室',to_date('10-9月 -23','DD-MON-RR'),1);
Insert into TEST_ACCOUNT.CONSULTATION_INFO (DOCTOR_ID,CLINIC_NAME,DATE_TIME,PERIOD) values ('23019','急诊科诊室',to_date('10-9月 -23','DD-MON-RR'),2);
Insert into TEST_ACCOUNT.CONSULTATION_INFO (DOCTOR_ID,CLINIC_NAME,DATE_TIME,PERIOD) values ('23019','急诊科诊室',to_date('10-9月 -23','DD-MON-RR'),3);
Insert into TEST_ACCOUNT.CONSULTATION_INFO (DOCTOR_ID,CLINIC_NAME,DATE_TIME,PERIOD) values ('23019','急诊科诊室',to_date('11-9月 -23','DD-MON-RR'),1);
Insert into TEST_ACCOUNT.CONSULTATION_INFO (DOCTOR_ID,CLINIC_NAME,DATE_TIME,PERIOD) values ('23019','急诊科诊室',to_date('11-9月 -23','DD-MON-RR'),2);
Insert into TEST_ACCOUNT.CONSULTATION_INFO (DOCTOR_ID,CLINIC_NAME,DATE_TIME,PERIOD) values ('23019','急诊科诊室',to_date('11-9月 -23','DD-MON-RR'),3);
Insert into TEST_ACCOUNT.CONSULTATION_INFO (DOCTOR_ID,CLINIC_NAME,DATE_TIME,PERIOD) values ('23019','急诊科诊室',to_date('11-9月 -23','DD-MON-RR'),4);
Insert into TEST_ACCOUNT.CONSULTATION_INFO (DOCTOR_ID,CLINIC_NAME,DATE_TIME,PERIOD) values ('23019','急诊科诊室',to_date('12-9月 -23','DD-MON-RR'),1);
Insert into TEST_ACCOUNT.CONSULTATION_INFO (DOCTOR_ID,CLINIC_NAME,DATE_TIME,PERIOD) values ('23019','急诊科诊室',to_date('12-9月 -23','DD-MON-RR'),2);
Insert into TEST_ACCOUNT.CONSULTATION_INFO (DOCTOR_ID,CLINIC_NAME,DATE_TIME,PERIOD) values ('23019','急诊科诊室',to_date('12-9月 -23','DD-MON-RR'),3);
Insert into TEST_ACCOUNT.CONSULTATION_INFO (DOCTOR_ID,CLINIC_NAME,DATE_TIME,PERIOD) values ('23019','急诊科诊室',to_date('12-9月 -23','DD-MON-RR'),4);
Insert into TEST_ACCOUNT.CONSULTATION_INFO (DOCTOR_ID,CLINIC_NAME,DATE_TIME,PERIOD) values ('23019','急诊科诊室',to_date('12-9月 -23','DD-MON-RR'),5);
Insert into TEST_ACCOUNT.CONSULTATION_INFO (DOCTOR_ID,CLINIC_NAME,DATE_TIME,PERIOD) values ('23019','急诊科诊室',to_date('13-9月 -23','DD-MON-RR'),1);
Insert into TEST_ACCOUNT.CONSULTATION_INFO (DOCTOR_ID,CLINIC_NAME,DATE_TIME,PERIOD) values ('23019','急诊科诊室',to_date('13-9月 -23','DD-MON-RR'),2);
Insert into TEST_ACCOUNT.CONSULTATION_INFO (DOCTOR_ID,CLINIC_NAME,DATE_TIME,PERIOD) values ('23019','急诊科诊室',to_date('13-9月 -23','DD-MON-RR'),3);
Insert into TEST_ACCOUNT.CONSULTATION_INFO (DOCTOR_ID,CLINIC_NAME,DATE_TIME,PERIOD) values ('23019','急诊科诊室',to_date('13-9月 -23','DD-MON-RR'),4);
Insert into TEST_ACCOUNT.CONSULTATION_INFO (DOCTOR_ID,CLINIC_NAME,DATE_TIME,PERIOD) values ('23019','急诊科诊室',to_date('13-9月 -23','DD-MON-RR'),5);
Insert into TEST_ACCOUNT.CONSULTATION_INFO (DOCTOR_ID,CLINIC_NAME,DATE_TIME,PERIOD) values ('23019','急诊科诊室',to_date('13-9月 -23','DD-MON-RR'),6);
Insert into TEST_ACCOUNT.CONSULTATION_INFO (DOCTOR_ID,CLINIC_NAME,DATE_TIME,PERIOD) values ('23019','急诊科诊室',to_date('14-9月 -23','DD-MON-RR'),1);
Insert into TEST_ACCOUNT.CONSULTATION_INFO (DOCTOR_ID,CLINIC_NAME,DATE_TIME,PERIOD) values ('23019','急诊科诊室',to_date('14-9月 -23','DD-MON-RR'),2);
Insert into TEST_ACCOUNT.CONSULTATION_INFO (DOCTOR_ID,CLINIC_NAME,DATE_TIME,PERIOD) values ('23019','急诊科诊室',to_date('14-9月 -23','DD-MON-RR'),3);
Insert into TEST_ACCOUNT.CONSULTATION_INFO (DOCTOR_ID,CLINIC_NAME,DATE_TIME,PERIOD) values ('23019','急诊科诊室',to_date('14-9月 -23','DD-MON-RR'),4);
Insert into TEST_ACCOUNT.CONSULTATION_INFO (DOCTOR_ID,CLINIC_NAME,DATE_TIME,PERIOD) values ('23019','急诊科诊室',to_date('14-9月 -23','DD-MON-RR'),5);
Insert into TEST_ACCOUNT.CONSULTATION_INFO (DOCTOR_ID,CLINIC_NAME,DATE_TIME,PERIOD) values ('23019','急诊科诊室',to_date('14-9月 -23','DD-MON-RR'),6);
Insert into TEST_ACCOUNT.CONSULTATION_INFO (DOCTOR_ID,CLINIC_NAME,DATE_TIME,PERIOD) values ('23019','急诊科诊室',to_date('14-9月 -23','DD-MON-RR'),7);
Insert into TEST_ACCOUNT.CONSULTATION_INFO (DOCTOR_ID,CLINIC_NAME,DATE_TIME,PERIOD) values ('23019','急诊科诊室',to_date('15-9月 -23','DD-MON-RR'),1);
Insert into TEST_ACCOUNT.CONSULTATION_INFO (DOCTOR_ID,CLINIC_NAME,DATE_TIME,PERIOD) values ('23019','急诊科诊室',to_date('15-9月 -23','DD-MON-RR'),2);
Insert into TEST_ACCOUNT.CONSULTATION_INFO (DOCTOR_ID,CLINIC_NAME,DATE_TIME,PERIOD) values ('23019','急诊科诊室',to_date('15-9月 -23','DD-MON-RR'),3);
Insert into TEST_ACCOUNT.CONSULTATION_INFO (DOCTOR_ID,CLINIC_NAME,DATE_TIME,PERIOD) values ('23019','急诊科诊室',to_date('15-9月 -23','DD-MON-RR'),4);
Insert into TEST_ACCOUNT.CONSULTATION_INFO (DOCTOR_ID,CLINIC_NAME,DATE_TIME,PERIOD) values ('23019','急诊科诊室',to_date('15-9月 -23','DD-MON-RR'),5);
Insert into TEST_ACCOUNT.CONSULTATION_INFO (DOCTOR_ID,CLINIC_NAME,DATE_TIME,PERIOD) values ('23019','急诊科诊室',to_date('15-9月 -23','DD-MON-RR'),6);
Insert into TEST_ACCOUNT.CONSULTATION_INFO (DOCTOR_ID,CLINIC_NAME,DATE_TIME,PERIOD) values ('23019','急诊科诊室',to_date('15-9月 -23','DD-MON-RR'),7);
Insert into TEST_ACCOUNT.CONSULTATION_INFO (DOCTOR_ID,CLINIC_NAME,DATE_TIME,PERIOD) values ('23019','急诊科诊室',to_date('16-9月 -23','DD-MON-RR'),1);
Insert into TEST_ACCOUNT.CONSULTATION_INFO (DOCTOR_ID,CLINIC_NAME,DATE_TIME,PERIOD) values ('23019','急诊科诊室',to_date('16-9月 -23','DD-MON-RR'),2);
Insert into TEST_ACCOUNT.CONSULTATION_INFO (DOCTOR_ID,CLINIC_NAME,DATE_TIME,PERIOD) values ('23019','急诊科诊室',to_date('16-9月 -23','DD-MON-RR'),3);
Insert into TEST_ACCOUNT.CONSULTATION_INFO (DOCTOR_ID,CLINIC_NAME,DATE_TIME,PERIOD) values ('23019','急诊科诊室',to_date('16-9月 -23','DD-MON-RR'),4);
Insert into TEST_ACCOUNT.CONSULTATION_INFO (DOCTOR_ID,CLINIC_NAME,DATE_TIME,PERIOD) values ('23019','急诊科诊室',to_date('16-9月 -23','DD-MON-RR'),5);
Insert into TEST_ACCOUNT.CONSULTATION_INFO (DOCTOR_ID,CLINIC_NAME,DATE_TIME,PERIOD) values ('23019','急诊科诊室',to_date('16-9月 -23','DD-MON-RR'),6);
Insert into TEST_ACCOUNT.CONSULTATION_INFO (DOCTOR_ID,CLINIC_NAME,DATE_TIME,PERIOD) values ('23019','急诊科诊室',to_date('16-9月 -23','DD-MON-RR'),7);
Insert into TEST_ACCOUNT.CONSULTATION_INFO (DOCTOR_ID,CLINIC_NAME,DATE_TIME,PERIOD) values ('23019','急诊科诊室',to_date('17-9月 -23','DD-MON-RR'),1);
Insert into TEST_ACCOUNT.CONSULTATION_INFO (DOCTOR_ID,CLINIC_NAME,DATE_TIME,PERIOD) values ('23019','急诊科诊室',to_date('17-9月 -23','DD-MON-RR'),2);
Insert into TEST_ACCOUNT.CONSULTATION_INFO (DOCTOR_ID,CLINIC_NAME,DATE_TIME,PERIOD) values ('23019','急诊科诊室',to_date('17-9月 -23','DD-MON-RR'),3);
Insert into TEST_ACCOUNT.CONSULTATION_INFO (DOCTOR_ID,CLINIC_NAME,DATE_TIME,PERIOD) values ('23019','急诊科诊室',to_date('17-9月 -23','DD-MON-RR'),4);
Insert into TEST_ACCOUNT.CONSULTATION_INFO (DOCTOR_ID,CLINIC_NAME,DATE_TIME,PERIOD) values ('23019','急诊科诊室',to_date('17-9月 -23','DD-MON-RR'),5);
Insert into TEST_ACCOUNT.CONSULTATION_INFO (DOCTOR_ID,CLINIC_NAME,DATE_TIME,PERIOD) values ('23019','急诊科诊室',to_date('17-9月 -23','DD-MON-RR'),6);
Insert into TEST_ACCOUNT.CONSULTATION_INFO (DOCTOR_ID,CLINIC_NAME,DATE_TIME,PERIOD) values ('23019','急诊科诊室',to_date('17-9月 -23','DD-MON-RR'),7);
Insert into TEST_ACCOUNT.CONSULTATION_INFO (DOCTOR_ID,CLINIC_NAME,DATE_TIME,PERIOD) values ('23019','急诊科诊室',to_date('18-9月 -23','DD-MON-RR'),1);
Insert into TEST_ACCOUNT.CONSULTATION_INFO (DOCTOR_ID,CLINIC_NAME,DATE_TIME,PERIOD) values ('23019','急诊科诊室',to_date('18-9月 -23','DD-MON-RR'),2);
Insert into TEST_ACCOUNT.CONSULTATION_INFO (DOCTOR_ID,CLINIC_NAME,DATE_TIME,PERIOD) values ('23019','急诊科诊室',to_date('18-9月 -23','DD-MON-RR'),3);
Insert into TEST_ACCOUNT.CONSULTATION_INFO (DOCTOR_ID,CLINIC_NAME,DATE_TIME,PERIOD) values ('23019','急诊科诊室',to_date('18-9月 -23','DD-MON-RR'),4);
Insert into TEST_ACCOUNT.CONSULTATION_INFO (DOCTOR_ID,CLINIC_NAME,DATE_TIME,PERIOD) values ('23019','急诊科诊室',to_date('18-9月 -23','DD-MON-RR'),5);
Insert into TEST_ACCOUNT.CONSULTATION_INFO (DOCTOR_ID,CLINIC_NAME,DATE_TIME,PERIOD) values ('23019','急诊科诊室',to_date('18-9月 -23','DD-MON-RR'),6);
Insert into TEST_ACCOUNT.CONSULTATION_INFO (DOCTOR_ID,CLINIC_NAME,DATE_TIME,PERIOD) values ('23019','急诊科诊室',to_date('18-9月 -23','DD-MON-RR'),7);
Insert into TEST_ACCOUNT.CONSULTATION_INFO (DOCTOR_ID,CLINIC_NAME,DATE_TIME,PERIOD) values ('23019','急诊科诊室',to_date('19-9月 -23','DD-MON-RR'),2);
Insert into TEST_ACCOUNT.CONSULTATION_INFO (DOCTOR_ID,CLINIC_NAME,DATE_TIME,PERIOD) values ('23019','急诊科诊室',to_date('19-9月 -23','DD-MON-RR'),3);
Insert into TEST_ACCOUNT.CONSULTATION_INFO (DOCTOR_ID,CLINIC_NAME,DATE_TIME,PERIOD) values ('23019','急诊科诊室',to_date('19-9月 -23','DD-MON-RR'),4);
Insert into TEST_ACCOUNT.CONSULTATION_INFO (DOCTOR_ID,CLINIC_NAME,DATE_TIME,PERIOD) values ('23019','急诊科诊室',to_date('19-9月 -23','DD-MON-RR'),5);
Insert into TEST_ACCOUNT.CONSULTATION_INFO (DOCTOR_ID,CLINIC_NAME,DATE_TIME,PERIOD) values ('23019','急诊科诊室',to_date('19-9月 -23','DD-MON-RR'),6);
Insert into TEST_ACCOUNT.CONSULTATION_INFO (DOCTOR_ID,CLINIC_NAME,DATE_TIME,PERIOD) values ('23019','急诊科诊室',to_date('19-9月 -23','DD-MON-RR'),7);
Insert into TEST_ACCOUNT.CONSULTATION_INFO (DOCTOR_ID,CLINIC_NAME,DATE_TIME,PERIOD) values ('23019','急诊科诊室',to_date('20-9月 -23','DD-MON-RR'),3);
Insert into TEST_ACCOUNT.CONSULTATION_INFO (DOCTOR_ID,CLINIC_NAME,DATE_TIME,PERIOD) values ('23019','急诊科诊室',to_date('20-9月 -23','DD-MON-RR'),4);
Insert into TEST_ACCOUNT.CONSULTATION_INFO (DOCTOR_ID,CLINIC_NAME,DATE_TIME,PERIOD) values ('23019','急诊科诊室',to_date('20-9月 -23','DD-MON-RR'),5);
Insert into TEST_ACCOUNT.CONSULTATION_INFO (DOCTOR_ID,CLINIC_NAME,DATE_TIME,PERIOD) values ('23019','急诊科诊室',to_date('20-9月 -23','DD-MON-RR'),6);
Insert into TEST_ACCOUNT.CONSULTATION_INFO (DOCTOR_ID,CLINIC_NAME,DATE_TIME,PERIOD) values ('23019','急诊科诊室',to_date('20-9月 -23','DD-MON-RR'),7);
Insert into TEST_ACCOUNT.CONSULTATION_INFO (DOCTOR_ID,CLINIC_NAME,DATE_TIME,PERIOD) values ('23019','急诊科诊室',to_date('21-9月 -23','DD-MON-RR'),4);
Insert into TEST_ACCOUNT.CONSULTATION_INFO (DOCTOR_ID,CLINIC_NAME,DATE_TIME,PERIOD) values ('23019','急诊科诊室',to_date('21-9月 -23','DD-MON-RR'),5);
Insert into TEST_ACCOUNT.CONSULTATION_INFO (DOCTOR_ID,CLINIC_NAME,DATE_TIME,PERIOD) values ('23019','急诊科诊室',to_date('21-9月 -23','DD-MON-RR'),6);
Insert into TEST_ACCOUNT.CONSULTATION_INFO (DOCTOR_ID,CLINIC_NAME,DATE_TIME,PERIOD) values ('23019','急诊科诊室',to_date('21-9月 -23','DD-MON-RR'),7);
Insert into TEST_ACCOUNT.CONSULTATION_INFO (DOCTOR_ID,CLINIC_NAME,DATE_TIME,PERIOD) values ('23019','急诊科诊室',to_date('22-9月 -23','DD-MON-RR'),5);
Insert into TEST_ACCOUNT.CONSULTATION_INFO (DOCTOR_ID,CLINIC_NAME,DATE_TIME,PERIOD) values ('23019','急诊科诊室',to_date('22-9月 -23','DD-MON-RR'),6);
Insert into TEST_ACCOUNT.CONSULTATION_INFO (DOCTOR_ID,CLINIC_NAME,DATE_TIME,PERIOD) values ('23019','急诊科诊室',to_date('22-9月 -23','DD-MON-RR'),7);
Insert into TEST_ACCOUNT.CONSULTATION_INFO (DOCTOR_ID,CLINIC_NAME,DATE_TIME,PERIOD) values ('23019','急诊科诊室',to_date('23-9月 -23','DD-MON-RR'),6);
Insert into TEST_ACCOUNT.CONSULTATION_INFO (DOCTOR_ID,CLINIC_NAME,DATE_TIME,PERIOD) values ('23019','急诊科诊室',to_date('23-9月 -23','DD-MON-RR'),7);
Insert into TEST_ACCOUNT.CONSULTATION_INFO (DOCTOR_ID,CLINIC_NAME,DATE_TIME,PERIOD) values ('23019','急诊科诊室',to_date('24-9月 -23','DD-MON-RR'),7);
Insert into TEST_ACCOUNT.CONSULTATION_INFO (DOCTOR_ID,CLINIC_NAME,DATE_TIME,PERIOD) values ('23020','急诊科诊室',to_date('08-9月 -23','DD-MON-RR'),1);
Insert into TEST_ACCOUNT.CONSULTATION_INFO (DOCTOR_ID,CLINIC_NAME,DATE_TIME,PERIOD) values ('23020','急诊科诊室',to_date('09-9月 -23','DD-MON-RR'),1);
Insert into TEST_ACCOUNT.CONSULTATION_INFO (DOCTOR_ID,CLINIC_NAME,DATE_TIME,PERIOD) values ('23020','急诊科诊室',to_date('09-9月 -23','DD-MON-RR'),2);
Insert into TEST_ACCOUNT.CONSULTATION_INFO (DOCTOR_ID,CLINIC_NAME,DATE_TIME,PERIOD) values ('23020','急诊科诊室',to_date('10-9月 -23','DD-MON-RR'),1);
Insert into TEST_ACCOUNT.CONSULTATION_INFO (DOCTOR_ID,CLINIC_NAME,DATE_TIME,PERIOD) values ('23020','急诊科诊室',to_date('10-9月 -23','DD-MON-RR'),2);
Insert into TEST_ACCOUNT.CONSULTATION_INFO (DOCTOR_ID,CLINIC_NAME,DATE_TIME,PERIOD) values ('23020','急诊科诊室',to_date('10-9月 -23','DD-MON-RR'),3);
Insert into TEST_ACCOUNT.CONSULTATION_INFO (DOCTOR_ID,CLINIC_NAME,DATE_TIME,PERIOD) values ('23020','急诊科诊室',to_date('11-9月 -23','DD-MON-RR'),1);
Insert into TEST_ACCOUNT.CONSULTATION_INFO (DOCTOR_ID,CLINIC_NAME,DATE_TIME,PERIOD) values ('23020','急诊科诊室',to_date('11-9月 -23','DD-MON-RR'),2);
Insert into TEST_ACCOUNT.CONSULTATION_INFO (DOCTOR_ID,CLINIC_NAME,DATE_TIME,PERIOD) values ('23020','急诊科诊室',to_date('11-9月 -23','DD-MON-RR'),3);
Insert into TEST_ACCOUNT.CONSULTATION_INFO (DOCTOR_ID,CLINIC_NAME,DATE_TIME,PERIOD) values ('23020','急诊科诊室',to_date('11-9月 -23','DD-MON-RR'),4);
Insert into TEST_ACCOUNT.CONSULTATION_INFO (DOCTOR_ID,CLINIC_NAME,DATE_TIME,PERIOD) values ('23020','急诊科诊室',to_date('12-9月 -23','DD-MON-RR'),1);
Insert into TEST_ACCOUNT.CONSULTATION_INFO (DOCTOR_ID,CLINIC_NAME,DATE_TIME,PERIOD) values ('23020','急诊科诊室',to_date('12-9月 -23','DD-MON-RR'),2);
Insert into TEST_ACCOUNT.CONSULTATION_INFO (DOCTOR_ID,CLINIC_NAME,DATE_TIME,PERIOD) values ('23020','急诊科诊室',to_date('12-9月 -23','DD-MON-RR'),3);
Insert into TEST_ACCOUNT.CONSULTATION_INFO (DOCTOR_ID,CLINIC_NAME,DATE_TIME,PERIOD) values ('23020','急诊科诊室',to_date('12-9月 -23','DD-MON-RR'),4);
Insert into TEST_ACCOUNT.CONSULTATION_INFO (DOCTOR_ID,CLINIC_NAME,DATE_TIME,PERIOD) values ('23020','急诊科诊室',to_date('12-9月 -23','DD-MON-RR'),5);
Insert into TEST_ACCOUNT.CONSULTATION_INFO (DOCTOR_ID,CLINIC_NAME,DATE_TIME,PERIOD) values ('23020','急诊科诊室',to_date('13-9月 -23','DD-MON-RR'),1);
Insert into TEST_ACCOUNT.CONSULTATION_INFO (DOCTOR_ID,CLINIC_NAME,DATE_TIME,PERIOD) values ('23020','急诊科诊室',to_date('13-9月 -23','DD-MON-RR'),2);
Insert into TEST_ACCOUNT.CONSULTATION_INFO (DOCTOR_ID,CLINIC_NAME,DATE_TIME,PERIOD) values ('23020','急诊科诊室',to_date('13-9月 -23','DD-MON-RR'),3);
Insert into TEST_ACCOUNT.CONSULTATION_INFO (DOCTOR_ID,CLINIC_NAME,DATE_TIME,PERIOD) values ('23020','急诊科诊室',to_date('13-9月 -23','DD-MON-RR'),4);
Insert into TEST_ACCOUNT.CONSULTATION_INFO (DOCTOR_ID,CLINIC_NAME,DATE_TIME,PERIOD) values ('23020','急诊科诊室',to_date('13-9月 -23','DD-MON-RR'),5);
Insert into TEST_ACCOUNT.CONSULTATION_INFO (DOCTOR_ID,CLINIC_NAME,DATE_TIME,PERIOD) values ('23020','急诊科诊室',to_date('13-9月 -23','DD-MON-RR'),6);
Insert into TEST_ACCOUNT.CONSULTATION_INFO (DOCTOR_ID,CLINIC_NAME,DATE_TIME,PERIOD) values ('23020','急诊科诊室',to_date('14-9月 -23','DD-MON-RR'),1);
Insert into TEST_ACCOUNT.CONSULTATION_INFO (DOCTOR_ID,CLINIC_NAME,DATE_TIME,PERIOD) values ('23020','急诊科诊室',to_date('14-9月 -23','DD-MON-RR'),2);
Insert into TEST_ACCOUNT.CONSULTATION_INFO (DOCTOR_ID,CLINIC_NAME,DATE_TIME,PERIOD) values ('23020','急诊科诊室',to_date('14-9月 -23','DD-MON-RR'),3);
Insert into TEST_ACCOUNT.CONSULTATION_INFO (DOCTOR_ID,CLINIC_NAME,DATE_TIME,PERIOD) values ('23020','急诊科诊室',to_date('14-9月 -23','DD-MON-RR'),4);
Insert into TEST_ACCOUNT.CONSULTATION_INFO (DOCTOR_ID,CLINIC_NAME,DATE_TIME,PERIOD) values ('23020','急诊科诊室',to_date('14-9月 -23','DD-MON-RR'),5);
Insert into TEST_ACCOUNT.CONSULTATION_INFO (DOCTOR_ID,CLINIC_NAME,DATE_TIME,PERIOD) values ('23020','急诊科诊室',to_date('14-9月 -23','DD-MON-RR'),6);
Insert into TEST_ACCOUNT.CONSULTATION_INFO (DOCTOR_ID,CLINIC_NAME,DATE_TIME,PERIOD) values ('23020','急诊科诊室',to_date('14-9月 -23','DD-MON-RR'),7);
Insert into TEST_ACCOUNT.CONSULTATION_INFO (DOCTOR_ID,CLINIC_NAME,DATE_TIME,PERIOD) values ('23020','急诊科诊室',to_date('15-9月 -23','DD-MON-RR'),1);
Insert into TEST_ACCOUNT.CONSULTATION_INFO (DOCTOR_ID,CLINIC_NAME,DATE_TIME,PERIOD) values ('23020','急诊科诊室',to_date('15-9月 -23','DD-MON-RR'),2);
Insert into TEST_ACCOUNT.CONSULTATION_INFO (DOCTOR_ID,CLINIC_NAME,DATE_TIME,PERIOD) values ('23020','急诊科诊室',to_date('15-9月 -23','DD-MON-RR'),3);
Insert into TEST_ACCOUNT.CONSULTATION_INFO (DOCTOR_ID,CLINIC_NAME,DATE_TIME,PERIOD) values ('23020','急诊科诊室',to_date('15-9月 -23','DD-MON-RR'),4);
Insert into TEST_ACCOUNT.CONSULTATION_INFO (DOCTOR_ID,CLINIC_NAME,DATE_TIME,PERIOD) values ('23020','急诊科诊室',to_date('15-9月 -23','DD-MON-RR'),5);
Insert into TEST_ACCOUNT.CONSULTATION_INFO (DOCTOR_ID,CLINIC_NAME,DATE_TIME,PERIOD) values ('23020','急诊科诊室',to_date('15-9月 -23','DD-MON-RR'),6);
Insert into TEST_ACCOUNT.CONSULTATION_INFO (DOCTOR_ID,CLINIC_NAME,DATE_TIME,PERIOD) values ('23020','急诊科诊室',to_date('15-9月 -23','DD-MON-RR'),7);
Insert into TEST_ACCOUNT.CONSULTATION_INFO (DOCTOR_ID,CLINIC_NAME,DATE_TIME,PERIOD) values ('23020','急诊科诊室',to_date('16-9月 -23','DD-MON-RR'),1);
Insert into TEST_ACCOUNT.CONSULTATION_INFO (DOCTOR_ID,CLINIC_NAME,DATE_TIME,PERIOD) values ('23020','急诊科诊室',to_date('16-9月 -23','DD-MON-RR'),2);
Insert into TEST_ACCOUNT.CONSULTATION_INFO (DOCTOR_ID,CLINIC_NAME,DATE_TIME,PERIOD) values ('23020','急诊科诊室',to_date('16-9月 -23','DD-MON-RR'),3);
Insert into TEST_ACCOUNT.CONSULTATION_INFO (DOCTOR_ID,CLINIC_NAME,DATE_TIME,PERIOD) values ('23020','急诊科诊室',to_date('16-9月 -23','DD-MON-RR'),4);
Insert into TEST_ACCOUNT.CONSULTATION_INFO (DOCTOR_ID,CLINIC_NAME,DATE_TIME,PERIOD) values ('23020','急诊科诊室',to_date('16-9月 -23','DD-MON-RR'),5);
Insert into TEST_ACCOUNT.CONSULTATION_INFO (DOCTOR_ID,CLINIC_NAME,DATE_TIME,PERIOD) values ('23020','急诊科诊室',to_date('16-9月 -23','DD-MON-RR'),6);
Insert into TEST_ACCOUNT.CONSULTATION_INFO (DOCTOR_ID,CLINIC_NAME,DATE_TIME,PERIOD) values ('23020','急诊科诊室',to_date('16-9月 -23','DD-MON-RR'),7);
Insert into TEST_ACCOUNT.CONSULTATION_INFO (DOCTOR_ID,CLINIC_NAME,DATE_TIME,PERIOD) values ('23015','呼吸科诊室2',to_date('12-9月 -23','DD-MON-RR'),1);
Insert into TEST_ACCOUNT.CONSULTATION_INFO (DOCTOR_ID,CLINIC_NAME,DATE_TIME,PERIOD) values ('23015','呼吸科诊室2',to_date('12-9月 -23','DD-MON-RR'),2);
Insert into TEST_ACCOUNT.CONSULTATION_INFO (DOCTOR_ID,CLINIC_NAME,DATE_TIME,PERIOD) values ('23015','呼吸科诊室2',to_date('12-9月 -23','DD-MON-RR'),3);
Insert into TEST_ACCOUNT.CONSULTATION_INFO (DOCTOR_ID,CLINIC_NAME,DATE_TIME,PERIOD) values ('23015','呼吸科诊室2',to_date('12-9月 -23','DD-MON-RR'),4);
Insert into TEST_ACCOUNT.CONSULTATION_INFO (DOCTOR_ID,CLINIC_NAME,DATE_TIME,PERIOD) values ('23015','呼吸科诊室2',to_date('12-9月 -23','DD-MON-RR'),5);
Insert into TEST_ACCOUNT.CONSULTATION_INFO (DOCTOR_ID,CLINIC_NAME,DATE_TIME,PERIOD) values ('23015','呼吸科诊室2',to_date('13-9月 -23','DD-MON-RR'),1);
Insert into TEST_ACCOUNT.CONSULTATION_INFO (DOCTOR_ID,CLINIC_NAME,DATE_TIME,PERIOD) values ('23015','呼吸科诊室2',to_date('13-9月 -23','DD-MON-RR'),2);
Insert into TEST_ACCOUNT.CONSULTATION_INFO (DOCTOR_ID,CLINIC_NAME,DATE_TIME,PERIOD) values ('23015','呼吸科诊室2',to_date('13-9月 -23','DD-MON-RR'),3);
Insert into TEST_ACCOUNT.CONSULTATION_INFO (DOCTOR_ID,CLINIC_NAME,DATE_TIME,PERIOD) values ('23015','呼吸科诊室2',to_date('13-9月 -23','DD-MON-RR'),4);
Insert into TEST_ACCOUNT.CONSULTATION_INFO (DOCTOR_ID,CLINIC_NAME,DATE_TIME,PERIOD) values ('23015','呼吸科诊室2',to_date('13-9月 -23','DD-MON-RR'),5);
Insert into TEST_ACCOUNT.CONSULTATION_INFO (DOCTOR_ID,CLINIC_NAME,DATE_TIME,PERIOD) values ('23015','呼吸科诊室2',to_date('13-9月 -23','DD-MON-RR'),6);
Insert into TEST_ACCOUNT.CONSULTATION_INFO (DOCTOR_ID,CLINIC_NAME,DATE_TIME,PERIOD) values ('23015','呼吸科诊室2',to_date('14-9月 -23','DD-MON-RR'),1);
Insert into TEST_ACCOUNT.CONSULTATION_INFO (DOCTOR_ID,CLINIC_NAME,DATE_TIME,PERIOD) values ('23015','呼吸科诊室2',to_date('14-9月 -23','DD-MON-RR'),2);
Insert into TEST_ACCOUNT.CONSULTATION_INFO (DOCTOR_ID,CLINIC_NAME,DATE_TIME,PERIOD) values ('23015','呼吸科诊室2',to_date('14-9月 -23','DD-MON-RR'),3);
Insert into TEST_ACCOUNT.CONSULTATION_INFO (DOCTOR_ID,CLINIC_NAME,DATE_TIME,PERIOD) values ('23015','呼吸科诊室2',to_date('14-9月 -23','DD-MON-RR'),4);
Insert into TEST_ACCOUNT.CONSULTATION_INFO (DOCTOR_ID,CLINIC_NAME,DATE_TIME,PERIOD) values ('23015','呼吸科诊室2',to_date('14-9月 -23','DD-MON-RR'),5);
Insert into TEST_ACCOUNT.CONSULTATION_INFO (DOCTOR_ID,CLINIC_NAME,DATE_TIME,PERIOD) values ('23015','呼吸科诊室2',to_date('14-9月 -23','DD-MON-RR'),6);
Insert into TEST_ACCOUNT.CONSULTATION_INFO (DOCTOR_ID,CLINIC_NAME,DATE_TIME,PERIOD) values ('23015','呼吸科诊室2',to_date('14-9月 -23','DD-MON-RR'),7);
Insert into TEST_ACCOUNT.CONSULTATION_INFO (DOCTOR_ID,CLINIC_NAME,DATE_TIME,PERIOD) values ('23015','呼吸科诊室2',to_date('15-9月 -23','DD-MON-RR'),1);
Insert into TEST_ACCOUNT.CONSULTATION_INFO (DOCTOR_ID,CLINIC_NAME,DATE_TIME,PERIOD) values ('23015','呼吸科诊室2',to_date('15-9月 -23','DD-MON-RR'),2);
Insert into TEST_ACCOUNT.CONSULTATION_INFO (DOCTOR_ID,CLINIC_NAME,DATE_TIME,PERIOD) values ('23015','呼吸科诊室2',to_date('15-9月 -23','DD-MON-RR'),3);
Insert into TEST_ACCOUNT.CONSULTATION_INFO (DOCTOR_ID,CLINIC_NAME,DATE_TIME,PERIOD) values ('23015','呼吸科诊室2',to_date('15-9月 -23','DD-MON-RR'),4);
Insert into TEST_ACCOUNT.CONSULTATION_INFO (DOCTOR_ID,CLINIC_NAME,DATE_TIME,PERIOD) values ('23015','呼吸科诊室2',to_date('15-9月 -23','DD-MON-RR'),5);
Insert into TEST_ACCOUNT.CONSULTATION_INFO (DOCTOR_ID,CLINIC_NAME,DATE_TIME,PERIOD) values ('23015','呼吸科诊室2',to_date('15-9月 -23','DD-MON-RR'),6);
Insert into TEST_ACCOUNT.CONSULTATION_INFO (DOCTOR_ID,CLINIC_NAME,DATE_TIME,PERIOD) values ('23015','呼吸科诊室2',to_date('15-9月 -23','DD-MON-RR'),7);
Insert into TEST_ACCOUNT.CONSULTATION_INFO (DOCTOR_ID,CLINIC_NAME,DATE_TIME,PERIOD) values ('23015','呼吸科诊室2',to_date('16-9月 -23','DD-MON-RR'),1);
Insert into TEST_ACCOUNT.CONSULTATION_INFO (DOCTOR_ID,CLINIC_NAME,DATE_TIME,PERIOD) values ('23015','呼吸科诊室2',to_date('16-9月 -23','DD-MON-RR'),2);
Insert into TEST_ACCOUNT.CONSULTATION_INFO (DOCTOR_ID,CLINIC_NAME,DATE_TIME,PERIOD) values ('23015','呼吸科诊室2',to_date('16-9月 -23','DD-MON-RR'),3);
Insert into TEST_ACCOUNT.CONSULTATION_INFO (DOCTOR_ID,CLINIC_NAME,DATE_TIME,PERIOD) values ('23015','呼吸科诊室2',to_date('16-9月 -23','DD-MON-RR'),4);
Insert into TEST_ACCOUNT.CONSULTATION_INFO (DOCTOR_ID,CLINIC_NAME,DATE_TIME,PERIOD) values ('23015','呼吸科诊室2',to_date('16-9月 -23','DD-MON-RR'),5);
Insert into TEST_ACCOUNT.CONSULTATION_INFO (DOCTOR_ID,CLINIC_NAME,DATE_TIME,PERIOD) values ('23015','呼吸科诊室2',to_date('16-9月 -23','DD-MON-RR'),6);
Insert into TEST_ACCOUNT.CONSULTATION_INFO (DOCTOR_ID,CLINIC_NAME,DATE_TIME,PERIOD) values ('23015','呼吸科诊室2',to_date('16-9月 -23','DD-MON-RR'),7);
Insert into TEST_ACCOUNT.CONSULTATION_INFO (DOCTOR_ID,CLINIC_NAME,DATE_TIME,PERIOD) values ('23015','呼吸科诊室2',to_date('17-9月 -23','DD-MON-RR'),1);
Insert into TEST_ACCOUNT.CONSULTATION_INFO (DOCTOR_ID,CLINIC_NAME,DATE_TIME,PERIOD) values ('23015','呼吸科诊室2',to_date('17-9月 -23','DD-MON-RR'),2);
Insert into TEST_ACCOUNT.CONSULTATION_INFO (DOCTOR_ID,CLINIC_NAME,DATE_TIME,PERIOD) values ('23015','呼吸科诊室2',to_date('17-9月 -23','DD-MON-RR'),3);
Insert into TEST_ACCOUNT.CONSULTATION_INFO (DOCTOR_ID,CLINIC_NAME,DATE_TIME,PERIOD) values ('23015','呼吸科诊室2',to_date('17-9月 -23','DD-MON-RR'),4);
Insert into TEST_ACCOUNT.CONSULTATION_INFO (DOCTOR_ID,CLINIC_NAME,DATE_TIME,PERIOD) values ('23015','呼吸科诊室2',to_date('17-9月 -23','DD-MON-RR'),5);
Insert into TEST_ACCOUNT.CONSULTATION_INFO (DOCTOR_ID,CLINIC_NAME,DATE_TIME,PERIOD) values ('23015','呼吸科诊室2',to_date('17-9月 -23','DD-MON-RR'),6);
Insert into TEST_ACCOUNT.CONSULTATION_INFO (DOCTOR_ID,CLINIC_NAME,DATE_TIME,PERIOD) values ('23015','呼吸科诊室2',to_date('17-9月 -23','DD-MON-RR'),7);
Insert into TEST_ACCOUNT.CONSULTATION_INFO (DOCTOR_ID,CLINIC_NAME,DATE_TIME,PERIOD) values ('23015','呼吸科诊室2',to_date('18-9月 -23','DD-MON-RR'),1);
Insert into TEST_ACCOUNT.CONSULTATION_INFO (DOCTOR_ID,CLINIC_NAME,DATE_TIME,PERIOD) values ('23015','呼吸科诊室2',to_date('18-9月 -23','DD-MON-RR'),2);
Insert into TEST_ACCOUNT.CONSULTATION_INFO (DOCTOR_ID,CLINIC_NAME,DATE_TIME,PERIOD) values ('23015','呼吸科诊室2',to_date('18-9月 -23','DD-MON-RR'),3);
Insert into TEST_ACCOUNT.CONSULTATION_INFO (DOCTOR_ID,CLINIC_NAME,DATE_TIME,PERIOD) values ('23015','呼吸科诊室2',to_date('18-9月 -23','DD-MON-RR'),4);
Insert into TEST_ACCOUNT.CONSULTATION_INFO (DOCTOR_ID,CLINIC_NAME,DATE_TIME,PERIOD) values ('23015','呼吸科诊室2',to_date('18-9月 -23','DD-MON-RR'),5);
Insert into TEST_ACCOUNT.CONSULTATION_INFO (DOCTOR_ID,CLINIC_NAME,DATE_TIME,PERIOD) values ('23015','呼吸科诊室2',to_date('18-9月 -23','DD-MON-RR'),6);
Insert into TEST_ACCOUNT.CONSULTATION_INFO (DOCTOR_ID,CLINIC_NAME,DATE_TIME,PERIOD) values ('23015','呼吸科诊室2',to_date('18-9月 -23','DD-MON-RR'),7);
Insert into TEST_ACCOUNT.CONSULTATION_INFO (DOCTOR_ID,CLINIC_NAME,DATE_TIME,PERIOD) values ('23015','呼吸科诊室2',to_date('19-9月 -23','DD-MON-RR'),2);
Insert into TEST_ACCOUNT.CONSULTATION_INFO (DOCTOR_ID,CLINIC_NAME,DATE_TIME,PERIOD) values ('23015','呼吸科诊室2',to_date('19-9月 -23','DD-MON-RR'),3);
Insert into TEST_ACCOUNT.CONSULTATION_INFO (DOCTOR_ID,CLINIC_NAME,DATE_TIME,PERIOD) values ('23015','呼吸科诊室2',to_date('19-9月 -23','DD-MON-RR'),4);
Insert into TEST_ACCOUNT.CONSULTATION_INFO (DOCTOR_ID,CLINIC_NAME,DATE_TIME,PERIOD) values ('23015','呼吸科诊室2',to_date('19-9月 -23','DD-MON-RR'),5);
Insert into TEST_ACCOUNT.CONSULTATION_INFO (DOCTOR_ID,CLINIC_NAME,DATE_TIME,PERIOD) values ('23015','呼吸科诊室2',to_date('19-9月 -23','DD-MON-RR'),6);
Insert into TEST_ACCOUNT.CONSULTATION_INFO (DOCTOR_ID,CLINIC_NAME,DATE_TIME,PERIOD) values ('23015','呼吸科诊室2',to_date('19-9月 -23','DD-MON-RR'),7);
Insert into TEST_ACCOUNT.CONSULTATION_INFO (DOCTOR_ID,CLINIC_NAME,DATE_TIME,PERIOD) values ('23015','呼吸科诊室2',to_date('20-9月 -23','DD-MON-RR'),3);
Insert into TEST_ACCOUNT.CONSULTATION_INFO (DOCTOR_ID,CLINIC_NAME,DATE_TIME,PERIOD) values ('23015','呼吸科诊室2',to_date('20-9月 -23','DD-MON-RR'),4);
Insert into TEST_ACCOUNT.CONSULTATION_INFO (DOCTOR_ID,CLINIC_NAME,DATE_TIME,PERIOD) values ('23015','呼吸科诊室2',to_date('20-9月 -23','DD-MON-RR'),5);
Insert into TEST_ACCOUNT.CONSULTATION_INFO (DOCTOR_ID,CLINIC_NAME,DATE_TIME,PERIOD) values ('23015','呼吸科诊室2',to_date('20-9月 -23','DD-MON-RR'),6);
Insert into TEST_ACCOUNT.CONSULTATION_INFO (DOCTOR_ID,CLINIC_NAME,DATE_TIME,PERIOD) values ('23015','呼吸科诊室2',to_date('20-9月 -23','DD-MON-RR'),7);
Insert into TEST_ACCOUNT.CONSULTATION_INFO (DOCTOR_ID,CLINIC_NAME,DATE_TIME,PERIOD) values ('23015','呼吸科诊室2',to_date('21-9月 -23','DD-MON-RR'),4);
Insert into TEST_ACCOUNT.CONSULTATION_INFO (DOCTOR_ID,CLINIC_NAME,DATE_TIME,PERIOD) values ('23015','呼吸科诊室2',to_date('21-9月 -23','DD-MON-RR'),5);
Insert into TEST_ACCOUNT.CONSULTATION_INFO (DOCTOR_ID,CLINIC_NAME,DATE_TIME,PERIOD) values ('23015','呼吸科诊室2',to_date('21-9月 -23','DD-MON-RR'),6);
Insert into TEST_ACCOUNT.CONSULTATION_INFO (DOCTOR_ID,CLINIC_NAME,DATE_TIME,PERIOD) values ('23015','呼吸科诊室2',to_date('21-9月 -23','DD-MON-RR'),7);
Insert into TEST_ACCOUNT.CONSULTATION_INFO (DOCTOR_ID,CLINIC_NAME,DATE_TIME,PERIOD) values ('23015','呼吸科诊室2',to_date('22-9月 -23','DD-MON-RR'),5);
Insert into TEST_ACCOUNT.CONSULTATION_INFO (DOCTOR_ID,CLINIC_NAME,DATE_TIME,PERIOD) values ('23015','呼吸科诊室2',to_date('22-9月 -23','DD-MON-RR'),6);
Insert into TEST_ACCOUNT.CONSULTATION_INFO (DOCTOR_ID,CLINIC_NAME,DATE_TIME,PERIOD) values ('23015','呼吸科诊室2',to_date('22-9月 -23','DD-MON-RR'),7);
Insert into TEST_ACCOUNT.CONSULTATION_INFO (DOCTOR_ID,CLINIC_NAME,DATE_TIME,PERIOD) values ('23015','呼吸科诊室2',to_date('23-9月 -23','DD-MON-RR'),6);
Insert into TEST_ACCOUNT.CONSULTATION_INFO (DOCTOR_ID,CLINIC_NAME,DATE_TIME,PERIOD) values ('23015','呼吸科诊室2',to_date('23-9月 -23','DD-MON-RR'),7);
Insert into TEST_ACCOUNT.CONSULTATION_INFO (DOCTOR_ID,CLINIC_NAME,DATE_TIME,PERIOD) values ('23015','呼吸科诊室2',to_date('24-9月 -23','DD-MON-RR'),7);
Insert into TEST_ACCOUNT.CONSULTATION_INFO (DOCTOR_ID,CLINIC_NAME,DATE_TIME,PERIOD) values ('23016','内分泌科诊室',to_date('08-9月 -23','DD-MON-RR'),1);
Insert into TEST_ACCOUNT.CONSULTATION_INFO (DOCTOR_ID,CLINIC_NAME,DATE_TIME,PERIOD) values ('23016','内分泌科诊室',to_date('09-9月 -23','DD-MON-RR'),1);
Insert into TEST_ACCOUNT.CONSULTATION_INFO (DOCTOR_ID,CLINIC_NAME,DATE_TIME,PERIOD) values ('23016','内分泌科诊室',to_date('09-9月 -23','DD-MON-RR'),2);
Insert into TEST_ACCOUNT.CONSULTATION_INFO (DOCTOR_ID,CLINIC_NAME,DATE_TIME,PERIOD) values ('23016','内分泌科诊室',to_date('10-9月 -23','DD-MON-RR'),1);
Insert into TEST_ACCOUNT.CONSULTATION_INFO (DOCTOR_ID,CLINIC_NAME,DATE_TIME,PERIOD) values ('23016','内分泌科诊室',to_date('10-9月 -23','DD-MON-RR'),2);
Insert into TEST_ACCOUNT.CONSULTATION_INFO (DOCTOR_ID,CLINIC_NAME,DATE_TIME,PERIOD) values ('23016','内分泌科诊室',to_date('10-9月 -23','DD-MON-RR'),3);
Insert into TEST_ACCOUNT.CONSULTATION_INFO (DOCTOR_ID,CLINIC_NAME,DATE_TIME,PERIOD) values ('23016','内分泌科诊室',to_date('11-9月 -23','DD-MON-RR'),1);
Insert into TEST_ACCOUNT.CONSULTATION_INFO (DOCTOR_ID,CLINIC_NAME,DATE_TIME,PERIOD) values ('23016','内分泌科诊室',to_date('11-9月 -23','DD-MON-RR'),2);
Insert into TEST_ACCOUNT.CONSULTATION_INFO (DOCTOR_ID,CLINIC_NAME,DATE_TIME,PERIOD) values ('23016','内分泌科诊室',to_date('11-9月 -23','DD-MON-RR'),3);
Insert into TEST_ACCOUNT.CONSULTATION_INFO (DOCTOR_ID,CLINIC_NAME,DATE_TIME,PERIOD) values ('23016','内分泌科诊室',to_date('11-9月 -23','DD-MON-RR'),4);
Insert into TEST_ACCOUNT.CONSULTATION_INFO (DOCTOR_ID,CLINIC_NAME,DATE_TIME,PERIOD) values ('23016','内分泌科诊室',to_date('12-9月 -23','DD-MON-RR'),1);
Insert into TEST_ACCOUNT.CONSULTATION_INFO (DOCTOR_ID,CLINIC_NAME,DATE_TIME,PERIOD) values ('23016','内分泌科诊室',to_date('12-9月 -23','DD-MON-RR'),2);
Insert into TEST_ACCOUNT.CONSULTATION_INFO (DOCTOR_ID,CLINIC_NAME,DATE_TIME,PERIOD) values ('23016','内分泌科诊室',to_date('12-9月 -23','DD-MON-RR'),3);
Insert into TEST_ACCOUNT.CONSULTATION_INFO (DOCTOR_ID,CLINIC_NAME,DATE_TIME,PERIOD) values ('23016','内分泌科诊室',to_date('12-9月 -23','DD-MON-RR'),4);
Insert into TEST_ACCOUNT.CONSULTATION_INFO (DOCTOR_ID,CLINIC_NAME,DATE_TIME,PERIOD) values ('23016','内分泌科诊室',to_date('12-9月 -23','DD-MON-RR'),5);
Insert into TEST_ACCOUNT.CONSULTATION_INFO (DOCTOR_ID,CLINIC_NAME,DATE_TIME,PERIOD) values ('23016','内分泌科诊室',to_date('13-9月 -23','DD-MON-RR'),1);
Insert into TEST_ACCOUNT.CONSULTATION_INFO (DOCTOR_ID,CLINIC_NAME,DATE_TIME,PERIOD) values ('23016','内分泌科诊室',to_date('13-9月 -23','DD-MON-RR'),2);
Insert into TEST_ACCOUNT.CONSULTATION_INFO (DOCTOR_ID,CLINIC_NAME,DATE_TIME,PERIOD) values ('23016','内分泌科诊室',to_date('13-9月 -23','DD-MON-RR'),3);
Insert into TEST_ACCOUNT.CONSULTATION_INFO (DOCTOR_ID,CLINIC_NAME,DATE_TIME,PERIOD) values ('23016','内分泌科诊室',to_date('13-9月 -23','DD-MON-RR'),4);
Insert into TEST_ACCOUNT.CONSULTATION_INFO (DOCTOR_ID,CLINIC_NAME,DATE_TIME,PERIOD) values ('23016','内分泌科诊室',to_date('13-9月 -23','DD-MON-RR'),5);
Insert into TEST_ACCOUNT.CONSULTATION_INFO (DOCTOR_ID,CLINIC_NAME,DATE_TIME,PERIOD) values ('23016','内分泌科诊室',to_date('13-9月 -23','DD-MON-RR'),6);
Insert into TEST_ACCOUNT.CONSULTATION_INFO (DOCTOR_ID,CLINIC_NAME,DATE_TIME,PERIOD) values ('23016','内分泌科诊室',to_date('14-9月 -23','DD-MON-RR'),1);
Insert into TEST_ACCOUNT.CONSULTATION_INFO (DOCTOR_ID,CLINIC_NAME,DATE_TIME,PERIOD) values ('23016','内分泌科诊室',to_date('14-9月 -23','DD-MON-RR'),2);
Insert into TEST_ACCOUNT.CONSULTATION_INFO (DOCTOR_ID,CLINIC_NAME,DATE_TIME,PERIOD) values ('23016','内分泌科诊室',to_date('14-9月 -23','DD-MON-RR'),3);
Insert into TEST_ACCOUNT.CONSULTATION_INFO (DOCTOR_ID,CLINIC_NAME,DATE_TIME,PERIOD) values ('23016','内分泌科诊室',to_date('14-9月 -23','DD-MON-RR'),4);
Insert into TEST_ACCOUNT.CONSULTATION_INFO (DOCTOR_ID,CLINIC_NAME,DATE_TIME,PERIOD) values ('23016','内分泌科诊室',to_date('14-9月 -23','DD-MON-RR'),5);
Insert into TEST_ACCOUNT.CONSULTATION_INFO (DOCTOR_ID,CLINIC_NAME,DATE_TIME,PERIOD) values ('23016','内分泌科诊室',to_date('14-9月 -23','DD-MON-RR'),6);
Insert into TEST_ACCOUNT.CONSULTATION_INFO (DOCTOR_ID,CLINIC_NAME,DATE_TIME,PERIOD) values ('23016','内分泌科诊室',to_date('14-9月 -23','DD-MON-RR'),7);
Insert into TEST_ACCOUNT.CONSULTATION_INFO (DOCTOR_ID,CLINIC_NAME,DATE_TIME,PERIOD) values ('23016','内分泌科诊室',to_date('15-9月 -23','DD-MON-RR'),1);
Insert into TEST_ACCOUNT.CONSULTATION_INFO (DOCTOR_ID,CLINIC_NAME,DATE_TIME,PERIOD) values ('23016','内分泌科诊室',to_date('15-9月 -23','DD-MON-RR'),2);
Insert into TEST_ACCOUNT.CONSULTATION_INFO (DOCTOR_ID,CLINIC_NAME,DATE_TIME,PERIOD) values ('23016','内分泌科诊室',to_date('15-9月 -23','DD-MON-RR'),3);
Insert into TEST_ACCOUNT.CONSULTATION_INFO (DOCTOR_ID,CLINIC_NAME,DATE_TIME,PERIOD) values ('23016','内分泌科诊室',to_date('15-9月 -23','DD-MON-RR'),4);
Insert into TEST_ACCOUNT.CONSULTATION_INFO (DOCTOR_ID,CLINIC_NAME,DATE_TIME,PERIOD) values ('23016','内分泌科诊室',to_date('15-9月 -23','DD-MON-RR'),5);
Insert into TEST_ACCOUNT.CONSULTATION_INFO (DOCTOR_ID,CLINIC_NAME,DATE_TIME,PERIOD) values ('23016','内分泌科诊室',to_date('15-9月 -23','DD-MON-RR'),6);
Insert into TEST_ACCOUNT.CONSULTATION_INFO (DOCTOR_ID,CLINIC_NAME,DATE_TIME,PERIOD) values ('23016','内分泌科诊室',to_date('15-9月 -23','DD-MON-RR'),7);
Insert into TEST_ACCOUNT.CONSULTATION_INFO (DOCTOR_ID,CLINIC_NAME,DATE_TIME,PERIOD) values ('23016','内分泌科诊室',to_date('16-9月 -23','DD-MON-RR'),1);
Insert into TEST_ACCOUNT.CONSULTATION_INFO (DOCTOR_ID,CLINIC_NAME,DATE_TIME,PERIOD) values ('23016','内分泌科诊室',to_date('16-9月 -23','DD-MON-RR'),2);
Insert into TEST_ACCOUNT.CONSULTATION_INFO (DOCTOR_ID,CLINIC_NAME,DATE_TIME,PERIOD) values ('23016','内分泌科诊室',to_date('16-9月 -23','DD-MON-RR'),3);
Insert into TEST_ACCOUNT.CONSULTATION_INFO (DOCTOR_ID,CLINIC_NAME,DATE_TIME,PERIOD) values ('23016','内分泌科诊室',to_date('16-9月 -23','DD-MON-RR'),4);
Insert into TEST_ACCOUNT.CONSULTATION_INFO (DOCTOR_ID,CLINIC_NAME,DATE_TIME,PERIOD) values ('23016','内分泌科诊室',to_date('16-9月 -23','DD-MON-RR'),5);
Insert into TEST_ACCOUNT.CONSULTATION_INFO (DOCTOR_ID,CLINIC_NAME,DATE_TIME,PERIOD) values ('23016','内分泌科诊室',to_date('16-9月 -23','DD-MON-RR'),6);
Insert into TEST_ACCOUNT.CONSULTATION_INFO (DOCTOR_ID,CLINIC_NAME,DATE_TIME,PERIOD) values ('23016','内分泌科诊室',to_date('16-9月 -23','DD-MON-RR'),7);
Insert into TEST_ACCOUNT.CONSULTATION_INFO (DOCTOR_ID,CLINIC_NAME,DATE_TIME,PERIOD) values ('23016','内分泌科诊室',to_date('17-9月 -23','DD-MON-RR'),1);
Insert into TEST_ACCOUNT.CONSULTATION_INFO (DOCTOR_ID,CLINIC_NAME,DATE_TIME,PERIOD) values ('23016','内分泌科诊室',to_date('17-9月 -23','DD-MON-RR'),2);
Insert into TEST_ACCOUNT.CONSULTATION_INFO (DOCTOR_ID,CLINIC_NAME,DATE_TIME,PERIOD) values ('23016','内分泌科诊室',to_date('17-9月 -23','DD-MON-RR'),3);
Insert into TEST_ACCOUNT.CONSULTATION_INFO (DOCTOR_ID,CLINIC_NAME,DATE_TIME,PERIOD) values ('23016','内分泌科诊室',to_date('17-9月 -23','DD-MON-RR'),4);
Insert into TEST_ACCOUNT.CONSULTATION_INFO (DOCTOR_ID,CLINIC_NAME,DATE_TIME,PERIOD) values ('23016','内分泌科诊室',to_date('17-9月 -23','DD-MON-RR'),5);
Insert into TEST_ACCOUNT.CONSULTATION_INFO (DOCTOR_ID,CLINIC_NAME,DATE_TIME,PERIOD) values ('23016','内分泌科诊室',to_date('17-9月 -23','DD-MON-RR'),6);
Insert into TEST_ACCOUNT.CONSULTATION_INFO (DOCTOR_ID,CLINIC_NAME,DATE_TIME,PERIOD) values ('23016','内分泌科诊室',to_date('17-9月 -23','DD-MON-RR'),7);
Insert into TEST_ACCOUNT.CONSULTATION_INFO (DOCTOR_ID,CLINIC_NAME,DATE_TIME,PERIOD) values ('23016','内分泌科诊室',to_date('18-9月 -23','DD-MON-RR'),1);
Insert into TEST_ACCOUNT.CONSULTATION_INFO (DOCTOR_ID,CLINIC_NAME,DATE_TIME,PERIOD) values ('23016','内分泌科诊室',to_date('18-9月 -23','DD-MON-RR'),2);
Insert into TEST_ACCOUNT.CONSULTATION_INFO (DOCTOR_ID,CLINIC_NAME,DATE_TIME,PERIOD) values ('23016','内分泌科诊室',to_date('18-9月 -23','DD-MON-RR'),3);
Insert into TEST_ACCOUNT.CONSULTATION_INFO (DOCTOR_ID,CLINIC_NAME,DATE_TIME,PERIOD) values ('23016','内分泌科诊室',to_date('18-9月 -23','DD-MON-RR'),4);
Insert into TEST_ACCOUNT.CONSULTATION_INFO (DOCTOR_ID,CLINIC_NAME,DATE_TIME,PERIOD) values ('23016','内分泌科诊室',to_date('18-9月 -23','DD-MON-RR'),5);
Insert into TEST_ACCOUNT.CONSULTATION_INFO (DOCTOR_ID,CLINIC_NAME,DATE_TIME,PERIOD) values ('23016','内分泌科诊室',to_date('18-9月 -23','DD-MON-RR'),6);
Insert into TEST_ACCOUNT.CONSULTATION_INFO (DOCTOR_ID,CLINIC_NAME,DATE_TIME,PERIOD) values ('23016','内分泌科诊室',to_date('18-9月 -23','DD-MON-RR'),7);
Insert into TEST_ACCOUNT.CONSULTATION_INFO (DOCTOR_ID,CLINIC_NAME,DATE_TIME,PERIOD) values ('23016','内分泌科诊室',to_date('19-9月 -23','DD-MON-RR'),2);
Insert into TEST_ACCOUNT.CONSULTATION_INFO (DOCTOR_ID,CLINIC_NAME,DATE_TIME,PERIOD) values ('23016','内分泌科诊室',to_date('19-9月 -23','DD-MON-RR'),3);
Insert into TEST_ACCOUNT.CONSULTATION_INFO (DOCTOR_ID,CLINIC_NAME,DATE_TIME,PERIOD) values ('23016','内分泌科诊室',to_date('19-9月 -23','DD-MON-RR'),4);
Insert into TEST_ACCOUNT.CONSULTATION_INFO (DOCTOR_ID,CLINIC_NAME,DATE_TIME,PERIOD) values ('23016','内分泌科诊室',to_date('19-9月 -23','DD-MON-RR'),5);
Insert into TEST_ACCOUNT.CONSULTATION_INFO (DOCTOR_ID,CLINIC_NAME,DATE_TIME,PERIOD) values ('23016','内分泌科诊室',to_date('19-9月 -23','DD-MON-RR'),6);
Insert into TEST_ACCOUNT.CONSULTATION_INFO (DOCTOR_ID,CLINIC_NAME,DATE_TIME,PERIOD) values ('23016','内分泌科诊室',to_date('19-9月 -23','DD-MON-RR'),7);
Insert into TEST_ACCOUNT.CONSULTATION_INFO (DOCTOR_ID,CLINIC_NAME,DATE_TIME,PERIOD) values ('23016','内分泌科诊室',to_date('20-9月 -23','DD-MON-RR'),3);
Insert into TEST_ACCOUNT.CONSULTATION_INFO (DOCTOR_ID,CLINIC_NAME,DATE_TIME,PERIOD) values ('23016','内分泌科诊室',to_date('20-9月 -23','DD-MON-RR'),4);
Insert into TEST_ACCOUNT.CONSULTATION_INFO (DOCTOR_ID,CLINIC_NAME,DATE_TIME,PERIOD) values ('23016','内分泌科诊室',to_date('20-9月 -23','DD-MON-RR'),5);
Insert into TEST_ACCOUNT.CONSULTATION_INFO (DOCTOR_ID,CLINIC_NAME,DATE_TIME,PERIOD) values ('23016','内分泌科诊室',to_date('20-9月 -23','DD-MON-RR'),6);
Insert into TEST_ACCOUNT.CONSULTATION_INFO (DOCTOR_ID,CLINIC_NAME,DATE_TIME,PERIOD) values ('23016','内分泌科诊室',to_date('20-9月 -23','DD-MON-RR'),7);
Insert into TEST_ACCOUNT.CONSULTATION_INFO (DOCTOR_ID,CLINIC_NAME,DATE_TIME,PERIOD) values ('23016','内分泌科诊室',to_date('21-9月 -23','DD-MON-RR'),4);
Insert into TEST_ACCOUNT.CONSULTATION_INFO (DOCTOR_ID,CLINIC_NAME,DATE_TIME,PERIOD) values ('23016','内分泌科诊室',to_date('21-9月 -23','DD-MON-RR'),5);
Insert into TEST_ACCOUNT.CONSULTATION_INFO (DOCTOR_ID,CLINIC_NAME,DATE_TIME,PERIOD) values ('23016','内分泌科诊室',to_date('21-9月 -23','DD-MON-RR'),6);
Insert into TEST_ACCOUNT.CONSULTATION_INFO (DOCTOR_ID,CLINIC_NAME,DATE_TIME,PERIOD) values ('23016','内分泌科诊室',to_date('21-9月 -23','DD-MON-RR'),7);
Insert into TEST_ACCOUNT.CONSULTATION_INFO (DOCTOR_ID,CLINIC_NAME,DATE_TIME,PERIOD) values ('23016','内分泌科诊室',to_date('22-9月 -23','DD-MON-RR'),5);
Insert into TEST_ACCOUNT.CONSULTATION_INFO (DOCTOR_ID,CLINIC_NAME,DATE_TIME,PERIOD) values ('23016','内分泌科诊室',to_date('22-9月 -23','DD-MON-RR'),6);
Insert into TEST_ACCOUNT.CONSULTATION_INFO (DOCTOR_ID,CLINIC_NAME,DATE_TIME,PERIOD) values ('23016','内分泌科诊室',to_date('22-9月 -23','DD-MON-RR'),7);
Insert into TEST_ACCOUNT.CONSULTATION_INFO (DOCTOR_ID,CLINIC_NAME,DATE_TIME,PERIOD) values ('23016','内分泌科诊室',to_date('23-9月 -23','DD-MON-RR'),6);
Insert into TEST_ACCOUNT.CONSULTATION_INFO (DOCTOR_ID,CLINIC_NAME,DATE_TIME,PERIOD) values ('23016','内分泌科诊室',to_date('23-9月 -23','DD-MON-RR'),7);
Insert into TEST_ACCOUNT.CONSULTATION_INFO (DOCTOR_ID,CLINIC_NAME,DATE_TIME,PERIOD) values ('23016','内分泌科诊室',to_date('24-9月 -23','DD-MON-RR'),7);
Insert into TEST_ACCOUNT.CONSULTATION_INFO (DOCTOR_ID,CLINIC_NAME,DATE_TIME,PERIOD) values ('23017','神经内科诊室',to_date('08-9月 -23','DD-MON-RR'),1);
Insert into TEST_ACCOUNT.CONSULTATION_INFO (DOCTOR_ID,CLINIC_NAME,DATE_TIME,PERIOD) values ('23017','神经内科诊室',to_date('09-9月 -23','DD-MON-RR'),1);
Insert into TEST_ACCOUNT.CONSULTATION_INFO (DOCTOR_ID,CLINIC_NAME,DATE_TIME,PERIOD) values ('23017','神经内科诊室',to_date('09-9月 -23','DD-MON-RR'),2);
Insert into TEST_ACCOUNT.CONSULTATION_INFO (DOCTOR_ID,CLINIC_NAME,DATE_TIME,PERIOD) values ('23017','神经内科诊室',to_date('10-9月 -23','DD-MON-RR'),1);
Insert into TEST_ACCOUNT.CONSULTATION_INFO (DOCTOR_ID,CLINIC_NAME,DATE_TIME,PERIOD) values ('23017','神经内科诊室',to_date('10-9月 -23','DD-MON-RR'),2);
Insert into TEST_ACCOUNT.CONSULTATION_INFO (DOCTOR_ID,CLINIC_NAME,DATE_TIME,PERIOD) values ('23017','神经内科诊室',to_date('10-9月 -23','DD-MON-RR'),3);
Insert into TEST_ACCOUNT.CONSULTATION_INFO (DOCTOR_ID,CLINIC_NAME,DATE_TIME,PERIOD) values ('23017','神经内科诊室',to_date('11-9月 -23','DD-MON-RR'),1);
Insert into TEST_ACCOUNT.CONSULTATION_INFO (DOCTOR_ID,CLINIC_NAME,DATE_TIME,PERIOD) values ('23017','神经内科诊室',to_date('11-9月 -23','DD-MON-RR'),2);
Insert into TEST_ACCOUNT.CONSULTATION_INFO (DOCTOR_ID,CLINIC_NAME,DATE_TIME,PERIOD) values ('23017','神经内科诊室',to_date('11-9月 -23','DD-MON-RR'),3);
Insert into TEST_ACCOUNT.CONSULTATION_INFO (DOCTOR_ID,CLINIC_NAME,DATE_TIME,PERIOD) values ('23017','神经内科诊室',to_date('11-9月 -23','DD-MON-RR'),4);
Insert into TEST_ACCOUNT.CONSULTATION_INFO (DOCTOR_ID,CLINIC_NAME,DATE_TIME,PERIOD) values ('23020','急诊科诊室',to_date('17-9月 -23','DD-MON-RR'),1);
Insert into TEST_ACCOUNT.CONSULTATION_INFO (DOCTOR_ID,CLINIC_NAME,DATE_TIME,PERIOD) values ('23020','急诊科诊室',to_date('17-9月 -23','DD-MON-RR'),2);
Insert into TEST_ACCOUNT.CONSULTATION_INFO (DOCTOR_ID,CLINIC_NAME,DATE_TIME,PERIOD) values ('23020','急诊科诊室',to_date('17-9月 -23','DD-MON-RR'),3);
Insert into TEST_ACCOUNT.CONSULTATION_INFO (DOCTOR_ID,CLINIC_NAME,DATE_TIME,PERIOD) values ('23020','急诊科诊室',to_date('17-9月 -23','DD-MON-RR'),4);
Insert into TEST_ACCOUNT.CONSULTATION_INFO (DOCTOR_ID,CLINIC_NAME,DATE_TIME,PERIOD) values ('23020','急诊科诊室',to_date('17-9月 -23','DD-MON-RR'),5);
Insert into TEST_ACCOUNT.CONSULTATION_INFO (DOCTOR_ID,CLINIC_NAME,DATE_TIME,PERIOD) values ('23020','急诊科诊室',to_date('17-9月 -23','DD-MON-RR'),6);
Insert into TEST_ACCOUNT.CONSULTATION_INFO (DOCTOR_ID,CLINIC_NAME,DATE_TIME,PERIOD) values ('23020','急诊科诊室',to_date('17-9月 -23','DD-MON-RR'),7);
Insert into TEST_ACCOUNT.CONSULTATION_INFO (DOCTOR_ID,CLINIC_NAME,DATE_TIME,PERIOD) values ('23020','急诊科诊室',to_date('18-9月 -23','DD-MON-RR'),1);
Insert into TEST_ACCOUNT.CONSULTATION_INFO (DOCTOR_ID,CLINIC_NAME,DATE_TIME,PERIOD) values ('23020','急诊科诊室',to_date('18-9月 -23','DD-MON-RR'),2);
Insert into TEST_ACCOUNT.CONSULTATION_INFO (DOCTOR_ID,CLINIC_NAME,DATE_TIME,PERIOD) values ('23020','急诊科诊室',to_date('18-9月 -23','DD-MON-RR'),3);
Insert into TEST_ACCOUNT.CONSULTATION_INFO (DOCTOR_ID,CLINIC_NAME,DATE_TIME,PERIOD) values ('23020','急诊科诊室',to_date('18-9月 -23','DD-MON-RR'),4);
Insert into TEST_ACCOUNT.CONSULTATION_INFO (DOCTOR_ID,CLINIC_NAME,DATE_TIME,PERIOD) values ('23020','急诊科诊室',to_date('18-9月 -23','DD-MON-RR'),5);
Insert into TEST_ACCOUNT.CONSULTATION_INFO (DOCTOR_ID,CLINIC_NAME,DATE_TIME,PERIOD) values ('23020','急诊科诊室',to_date('18-9月 -23','DD-MON-RR'),6);
Insert into TEST_ACCOUNT.CONSULTATION_INFO (DOCTOR_ID,CLINIC_NAME,DATE_TIME,PERIOD) values ('23020','急诊科诊室',to_date('18-9月 -23','DD-MON-RR'),7);
Insert into TEST_ACCOUNT.CONSULTATION_INFO (DOCTOR_ID,CLINIC_NAME,DATE_TIME,PERIOD) values ('23020','急诊科诊室',to_date('19-9月 -23','DD-MON-RR'),2);
Insert into TEST_ACCOUNT.CONSULTATION_INFO (DOCTOR_ID,CLINIC_NAME,DATE_TIME,PERIOD) values ('23020','急诊科诊室',to_date('19-9月 -23','DD-MON-RR'),3);
Insert into TEST_ACCOUNT.CONSULTATION_INFO (DOCTOR_ID,CLINIC_NAME,DATE_TIME,PERIOD) values ('23020','急诊科诊室',to_date('19-9月 -23','DD-MON-RR'),4);
Insert into TEST_ACCOUNT.CONSULTATION_INFO (DOCTOR_ID,CLINIC_NAME,DATE_TIME,PERIOD) values ('23020','急诊科诊室',to_date('19-9月 -23','DD-MON-RR'),5);
Insert into TEST_ACCOUNT.CONSULTATION_INFO (DOCTOR_ID,CLINIC_NAME,DATE_TIME,PERIOD) values ('23020','急诊科诊室',to_date('19-9月 -23','DD-MON-RR'),6);
Insert into TEST_ACCOUNT.CONSULTATION_INFO (DOCTOR_ID,CLINIC_NAME,DATE_TIME,PERIOD) values ('23020','急诊科诊室',to_date('19-9月 -23','DD-MON-RR'),7);
Insert into TEST_ACCOUNT.CONSULTATION_INFO (DOCTOR_ID,CLINIC_NAME,DATE_TIME,PERIOD) values ('23020','急诊科诊室',to_date('20-9月 -23','DD-MON-RR'),3);
Insert into TEST_ACCOUNT.CONSULTATION_INFO (DOCTOR_ID,CLINIC_NAME,DATE_TIME,PERIOD) values ('23020','急诊科诊室',to_date('20-9月 -23','DD-MON-RR'),4);
Insert into TEST_ACCOUNT.CONSULTATION_INFO (DOCTOR_ID,CLINIC_NAME,DATE_TIME,PERIOD) values ('23020','急诊科诊室',to_date('20-9月 -23','DD-MON-RR'),5);
Insert into TEST_ACCOUNT.CONSULTATION_INFO (DOCTOR_ID,CLINIC_NAME,DATE_TIME,PERIOD) values ('23020','急诊科诊室',to_date('20-9月 -23','DD-MON-RR'),6);
Insert into TEST_ACCOUNT.CONSULTATION_INFO (DOCTOR_ID,CLINIC_NAME,DATE_TIME,PERIOD) values ('23020','急诊科诊室',to_date('20-9月 -23','DD-MON-RR'),7);
Insert into TEST_ACCOUNT.CONSULTATION_INFO (DOCTOR_ID,CLINIC_NAME,DATE_TIME,PERIOD) values ('23020','急诊科诊室',to_date('21-9月 -23','DD-MON-RR'),4);
Insert into TEST_ACCOUNT.CONSULTATION_INFO (DOCTOR_ID,CLINIC_NAME,DATE_TIME,PERIOD) values ('23020','急诊科诊室',to_date('21-9月 -23','DD-MON-RR'),5);
Insert into TEST_ACCOUNT.CONSULTATION_INFO (DOCTOR_ID,CLINIC_NAME,DATE_TIME,PERIOD) values ('23020','急诊科诊室',to_date('21-9月 -23','DD-MON-RR'),6);
Insert into TEST_ACCOUNT.CONSULTATION_INFO (DOCTOR_ID,CLINIC_NAME,DATE_TIME,PERIOD) values ('23020','急诊科诊室',to_date('21-9月 -23','DD-MON-RR'),7);
Insert into TEST_ACCOUNT.CONSULTATION_INFO (DOCTOR_ID,CLINIC_NAME,DATE_TIME,PERIOD) values ('23020','急诊科诊室',to_date('22-9月 -23','DD-MON-RR'),5);
Insert into TEST_ACCOUNT.CONSULTATION_INFO (DOCTOR_ID,CLINIC_NAME,DATE_TIME,PERIOD) values ('23020','急诊科诊室',to_date('22-9月 -23','DD-MON-RR'),6);
Insert into TEST_ACCOUNT.CONSULTATION_INFO (DOCTOR_ID,CLINIC_NAME,DATE_TIME,PERIOD) values ('23020','急诊科诊室',to_date('22-9月 -23','DD-MON-RR'),7);
Insert into TEST_ACCOUNT.CONSULTATION_INFO (DOCTOR_ID,CLINIC_NAME,DATE_TIME,PERIOD) values ('23020','急诊科诊室',to_date('23-9月 -23','DD-MON-RR'),6);
Insert into TEST_ACCOUNT.CONSULTATION_INFO (DOCTOR_ID,CLINIC_NAME,DATE_TIME,PERIOD) values ('23020','急诊科诊室',to_date('23-9月 -23','DD-MON-RR'),7);
Insert into TEST_ACCOUNT.CONSULTATION_INFO (DOCTOR_ID,CLINIC_NAME,DATE_TIME,PERIOD) values ('23020','急诊科诊室',to_date('24-9月 -23','DD-MON-RR'),7);
Insert into TEST_ACCOUNT.CONSULTATION_INFO (DOCTOR_ID,CLINIC_NAME,DATE_TIME,PERIOD) values ('23021','眼科诊室',to_date('09-9月 -23','DD-MON-RR'),1);
Insert into TEST_ACCOUNT.CONSULTATION_INFO (DOCTOR_ID,CLINIC_NAME,DATE_TIME,PERIOD) values ('23021','眼科诊室',to_date('10-9月 -23','DD-MON-RR'),1);
Insert into TEST_ACCOUNT.CONSULTATION_INFO (DOCTOR_ID,CLINIC_NAME,DATE_TIME,PERIOD) values ('23021','眼科诊室',to_date('10-9月 -23','DD-MON-RR'),2);
Insert into TEST_ACCOUNT.CONSULTATION_INFO (DOCTOR_ID,CLINIC_NAME,DATE_TIME,PERIOD) values ('23021','眼科诊室',to_date('11-9月 -23','DD-MON-RR'),1);
Insert into TEST_ACCOUNT.CONSULTATION_INFO (DOCTOR_ID,CLINIC_NAME,DATE_TIME,PERIOD) values ('23021','眼科诊室',to_date('11-9月 -23','DD-MON-RR'),2);
Insert into TEST_ACCOUNT.CONSULTATION_INFO (DOCTOR_ID,CLINIC_NAME,DATE_TIME,PERIOD) values ('23021','眼科诊室',to_date('11-9月 -23','DD-MON-RR'),3);
Insert into TEST_ACCOUNT.CONSULTATION_INFO (DOCTOR_ID,CLINIC_NAME,DATE_TIME,PERIOD) values ('23021','眼科诊室',to_date('12-9月 -23','DD-MON-RR'),1);
Insert into TEST_ACCOUNT.CONSULTATION_INFO (DOCTOR_ID,CLINIC_NAME,DATE_TIME,PERIOD) values ('23021','眼科诊室',to_date('12-9月 -23','DD-MON-RR'),2);
Insert into TEST_ACCOUNT.CONSULTATION_INFO (DOCTOR_ID,CLINIC_NAME,DATE_TIME,PERIOD) values ('23021','眼科诊室',to_date('12-9月 -23','DD-MON-RR'),3);
Insert into TEST_ACCOUNT.CONSULTATION_INFO (DOCTOR_ID,CLINIC_NAME,DATE_TIME,PERIOD) values ('23021','眼科诊室',to_date('12-9月 -23','DD-MON-RR'),4);
Insert into TEST_ACCOUNT.CONSULTATION_INFO (DOCTOR_ID,CLINIC_NAME,DATE_TIME,PERIOD) values ('23021','眼科诊室',to_date('13-9月 -23','DD-MON-RR'),1);
Insert into TEST_ACCOUNT.CONSULTATION_INFO (DOCTOR_ID,CLINIC_NAME,DATE_TIME,PERIOD) values ('23021','眼科诊室',to_date('13-9月 -23','DD-MON-RR'),2);
Insert into TEST_ACCOUNT.CONSULTATION_INFO (DOCTOR_ID,CLINIC_NAME,DATE_TIME,PERIOD) values ('23021','眼科诊室',to_date('13-9月 -23','DD-MON-RR'),3);
Insert into TEST_ACCOUNT.CONSULTATION_INFO (DOCTOR_ID,CLINIC_NAME,DATE_TIME,PERIOD) values ('23021','眼科诊室',to_date('13-9月 -23','DD-MON-RR'),4);
Insert into TEST_ACCOUNT.CONSULTATION_INFO (DOCTOR_ID,CLINIC_NAME,DATE_TIME,PERIOD) values ('23021','眼科诊室',to_date('13-9月 -23','DD-MON-RR'),5);
Insert into TEST_ACCOUNT.CONSULTATION_INFO (DOCTOR_ID,CLINIC_NAME,DATE_TIME,PERIOD) values ('23021','眼科诊室',to_date('14-9月 -23','DD-MON-RR'),1);
Insert into TEST_ACCOUNT.CONSULTATION_INFO (DOCTOR_ID,CLINIC_NAME,DATE_TIME,PERIOD) values ('23021','眼科诊室',to_date('14-9月 -23','DD-MON-RR'),2);
Insert into TEST_ACCOUNT.CONSULTATION_INFO (DOCTOR_ID,CLINIC_NAME,DATE_TIME,PERIOD) values ('23021','眼科诊室',to_date('14-9月 -23','DD-MON-RR'),3);
Insert into TEST_ACCOUNT.CONSULTATION_INFO (DOCTOR_ID,CLINIC_NAME,DATE_TIME,PERIOD) values ('23021','眼科诊室',to_date('14-9月 -23','DD-MON-RR'),4);
Insert into TEST_ACCOUNT.CONSULTATION_INFO (DOCTOR_ID,CLINIC_NAME,DATE_TIME,PERIOD) values ('23021','眼科诊室',to_date('14-9月 -23','DD-MON-RR'),5);
Insert into TEST_ACCOUNT.CONSULTATION_INFO (DOCTOR_ID,CLINIC_NAME,DATE_TIME,PERIOD) values ('23021','眼科诊室',to_date('14-9月 -23','DD-MON-RR'),6);
Insert into TEST_ACCOUNT.CONSULTATION_INFO (DOCTOR_ID,CLINIC_NAME,DATE_TIME,PERIOD) values ('23021','眼科诊室',to_date('15-9月 -23','DD-MON-RR'),1);
Insert into TEST_ACCOUNT.CONSULTATION_INFO (DOCTOR_ID,CLINIC_NAME,DATE_TIME,PERIOD) values ('23021','眼科诊室',to_date('15-9月 -23','DD-MON-RR'),2);
Insert into TEST_ACCOUNT.CONSULTATION_INFO (DOCTOR_ID,CLINIC_NAME,DATE_TIME,PERIOD) values ('23021','眼科诊室',to_date('15-9月 -23','DD-MON-RR'),3);
Insert into TEST_ACCOUNT.CONSULTATION_INFO (DOCTOR_ID,CLINIC_NAME,DATE_TIME,PERIOD) values ('23021','眼科诊室',to_date('15-9月 -23','DD-MON-RR'),4);
Insert into TEST_ACCOUNT.CONSULTATION_INFO (DOCTOR_ID,CLINIC_NAME,DATE_TIME,PERIOD) values ('23021','眼科诊室',to_date('15-9月 -23','DD-MON-RR'),5);
Insert into TEST_ACCOUNT.CONSULTATION_INFO (DOCTOR_ID,CLINIC_NAME,DATE_TIME,PERIOD) values ('23021','眼科诊室',to_date('15-9月 -23','DD-MON-RR'),6);
Insert into TEST_ACCOUNT.CONSULTATION_INFO (DOCTOR_ID,CLINIC_NAME,DATE_TIME,PERIOD) values ('23021','眼科诊室',to_date('15-9月 -23','DD-MON-RR'),7);
Insert into TEST_ACCOUNT.CONSULTATION_INFO (DOCTOR_ID,CLINIC_NAME,DATE_TIME,PERIOD) values ('23021','眼科诊室',to_date('16-9月 -23','DD-MON-RR'),1);
Insert into TEST_ACCOUNT.CONSULTATION_INFO (DOCTOR_ID,CLINIC_NAME,DATE_TIME,PERIOD) values ('23021','眼科诊室',to_date('16-9月 -23','DD-MON-RR'),2);
Insert into TEST_ACCOUNT.CONSULTATION_INFO (DOCTOR_ID,CLINIC_NAME,DATE_TIME,PERIOD) values ('23021','眼科诊室',to_date('16-9月 -23','DD-MON-RR'),3);
Insert into TEST_ACCOUNT.CONSULTATION_INFO (DOCTOR_ID,CLINIC_NAME,DATE_TIME,PERIOD) values ('23021','眼科诊室',to_date('16-9月 -23','DD-MON-RR'),4);
Insert into TEST_ACCOUNT.CONSULTATION_INFO (DOCTOR_ID,CLINIC_NAME,DATE_TIME,PERIOD) values ('23021','眼科诊室',to_date('16-9月 -23','DD-MON-RR'),5);
Insert into TEST_ACCOUNT.CONSULTATION_INFO (DOCTOR_ID,CLINIC_NAME,DATE_TIME,PERIOD) values ('23021','眼科诊室',to_date('16-9月 -23','DD-MON-RR'),6);
Insert into TEST_ACCOUNT.CONSULTATION_INFO (DOCTOR_ID,CLINIC_NAME,DATE_TIME,PERIOD) values ('23021','眼科诊室',to_date('16-9月 -23','DD-MON-RR'),7);
Insert into TEST_ACCOUNT.CONSULTATION_INFO (DOCTOR_ID,CLINIC_NAME,DATE_TIME,PERIOD) values ('23021','眼科诊室',to_date('17-9月 -23','DD-MON-RR'),1);
Insert into TEST_ACCOUNT.CONSULTATION_INFO (DOCTOR_ID,CLINIC_NAME,DATE_TIME,PERIOD) values ('23021','眼科诊室',to_date('17-9月 -23','DD-MON-RR'),2);
Insert into TEST_ACCOUNT.CONSULTATION_INFO (DOCTOR_ID,CLINIC_NAME,DATE_TIME,PERIOD) values ('23021','眼科诊室',to_date('17-9月 -23','DD-MON-RR'),3);
Insert into TEST_ACCOUNT.CONSULTATION_INFO (DOCTOR_ID,CLINIC_NAME,DATE_TIME,PERIOD) values ('23021','眼科诊室',to_date('17-9月 -23','DD-MON-RR'),4);
Insert into TEST_ACCOUNT.CONSULTATION_INFO (DOCTOR_ID,CLINIC_NAME,DATE_TIME,PERIOD) values ('23021','眼科诊室',to_date('17-9月 -23','DD-MON-RR'),5);
Insert into TEST_ACCOUNT.CONSULTATION_INFO (DOCTOR_ID,CLINIC_NAME,DATE_TIME,PERIOD) values ('23021','眼科诊室',to_date('17-9月 -23','DD-MON-RR'),6);
Insert into TEST_ACCOUNT.CONSULTATION_INFO (DOCTOR_ID,CLINIC_NAME,DATE_TIME,PERIOD) values ('23021','眼科诊室',to_date('17-9月 -23','DD-MON-RR'),7);
Insert into TEST_ACCOUNT.CONSULTATION_INFO (DOCTOR_ID,CLINIC_NAME,DATE_TIME,PERIOD) values ('23021','眼科诊室',to_date('18-9月 -23','DD-MON-RR'),1);
Insert into TEST_ACCOUNT.CONSULTATION_INFO (DOCTOR_ID,CLINIC_NAME,DATE_TIME,PERIOD) values ('23021','眼科诊室',to_date('18-9月 -23','DD-MON-RR'),2);
Insert into TEST_ACCOUNT.CONSULTATION_INFO (DOCTOR_ID,CLINIC_NAME,DATE_TIME,PERIOD) values ('23021','眼科诊室',to_date('18-9月 -23','DD-MON-RR'),3);
Insert into TEST_ACCOUNT.CONSULTATION_INFO (DOCTOR_ID,CLINIC_NAME,DATE_TIME,PERIOD) values ('23021','眼科诊室',to_date('18-9月 -23','DD-MON-RR'),4);
Insert into TEST_ACCOUNT.CONSULTATION_INFO (DOCTOR_ID,CLINIC_NAME,DATE_TIME,PERIOD) values ('23021','眼科诊室',to_date('18-9月 -23','DD-MON-RR'),5);
Insert into TEST_ACCOUNT.CONSULTATION_INFO (DOCTOR_ID,CLINIC_NAME,DATE_TIME,PERIOD) values ('23021','眼科诊室',to_date('18-9月 -23','DD-MON-RR'),6);
Insert into TEST_ACCOUNT.CONSULTATION_INFO (DOCTOR_ID,CLINIC_NAME,DATE_TIME,PERIOD) values ('23021','眼科诊室',to_date('18-9月 -23','DD-MON-RR'),7);
Insert into TEST_ACCOUNT.CONSULTATION_INFO (DOCTOR_ID,CLINIC_NAME,DATE_TIME,PERIOD) values ('23021','眼科诊室',to_date('19-9月 -23','DD-MON-RR'),2);
Insert into TEST_ACCOUNT.CONSULTATION_INFO (DOCTOR_ID,CLINIC_NAME,DATE_TIME,PERIOD) values ('23021','眼科诊室',to_date('19-9月 -23','DD-MON-RR'),3);
Insert into TEST_ACCOUNT.CONSULTATION_INFO (DOCTOR_ID,CLINIC_NAME,DATE_TIME,PERIOD) values ('23021','眼科诊室',to_date('19-9月 -23','DD-MON-RR'),4);
Insert into TEST_ACCOUNT.CONSULTATION_INFO (DOCTOR_ID,CLINIC_NAME,DATE_TIME,PERIOD) values ('23021','眼科诊室',to_date('19-9月 -23','DD-MON-RR'),5);
Insert into TEST_ACCOUNT.CONSULTATION_INFO (DOCTOR_ID,CLINIC_NAME,DATE_TIME,PERIOD) values ('23021','眼科诊室',to_date('19-9月 -23','DD-MON-RR'),6);
Insert into TEST_ACCOUNT.CONSULTATION_INFO (DOCTOR_ID,CLINIC_NAME,DATE_TIME,PERIOD) values ('23021','眼科诊室',to_date('19-9月 -23','DD-MON-RR'),7);
Insert into TEST_ACCOUNT.CONSULTATION_INFO (DOCTOR_ID,CLINIC_NAME,DATE_TIME,PERIOD) values ('23021','眼科诊室',to_date('20-9月 -23','DD-MON-RR'),3);
Insert into TEST_ACCOUNT.CONSULTATION_INFO (DOCTOR_ID,CLINIC_NAME,DATE_TIME,PERIOD) values ('23021','眼科诊室',to_date('20-9月 -23','DD-MON-RR'),4);
Insert into TEST_ACCOUNT.CONSULTATION_INFO (DOCTOR_ID,CLINIC_NAME,DATE_TIME,PERIOD) values ('23021','眼科诊室',to_date('20-9月 -23','DD-MON-RR'),5);
Insert into TEST_ACCOUNT.CONSULTATION_INFO (DOCTOR_ID,CLINIC_NAME,DATE_TIME,PERIOD) values ('23021','眼科诊室',to_date('20-9月 -23','DD-MON-RR'),6);
Insert into TEST_ACCOUNT.CONSULTATION_INFO (DOCTOR_ID,CLINIC_NAME,DATE_TIME,PERIOD) values ('23021','眼科诊室',to_date('20-9月 -23','DD-MON-RR'),7);
Insert into TEST_ACCOUNT.CONSULTATION_INFO (DOCTOR_ID,CLINIC_NAME,DATE_TIME,PERIOD) values ('23021','眼科诊室',to_date('21-9月 -23','DD-MON-RR'),4);
Insert into TEST_ACCOUNT.CONSULTATION_INFO (DOCTOR_ID,CLINIC_NAME,DATE_TIME,PERIOD) values ('23021','眼科诊室',to_date('21-9月 -23','DD-MON-RR'),5);
Insert into TEST_ACCOUNT.CONSULTATION_INFO (DOCTOR_ID,CLINIC_NAME,DATE_TIME,PERIOD) values ('23021','眼科诊室',to_date('21-9月 -23','DD-MON-RR'),6);
Insert into TEST_ACCOUNT.CONSULTATION_INFO (DOCTOR_ID,CLINIC_NAME,DATE_TIME,PERIOD) values ('23021','眼科诊室',to_date('21-9月 -23','DD-MON-RR'),7);
Insert into TEST_ACCOUNT.CONSULTATION_INFO (DOCTOR_ID,CLINIC_NAME,DATE_TIME,PERIOD) values ('23021','眼科诊室',to_date('22-9月 -23','DD-MON-RR'),5);
Insert into TEST_ACCOUNT.CONSULTATION_INFO (DOCTOR_ID,CLINIC_NAME,DATE_TIME,PERIOD) values ('23021','眼科诊室',to_date('22-9月 -23','DD-MON-RR'),6);
Insert into TEST_ACCOUNT.CONSULTATION_INFO (DOCTOR_ID,CLINIC_NAME,DATE_TIME,PERIOD) values ('23021','眼科诊室',to_date('22-9月 -23','DD-MON-RR'),7);
Insert into TEST_ACCOUNT.CONSULTATION_INFO (DOCTOR_ID,CLINIC_NAME,DATE_TIME,PERIOD) values ('23021','眼科诊室',to_date('23-9月 -23','DD-MON-RR'),6);
Insert into TEST_ACCOUNT.CONSULTATION_INFO (DOCTOR_ID,CLINIC_NAME,DATE_TIME,PERIOD) values ('23021','眼科诊室',to_date('23-9月 -23','DD-MON-RR'),7);
Insert into TEST_ACCOUNT.CONSULTATION_INFO (DOCTOR_ID,CLINIC_NAME,DATE_TIME,PERIOD) values ('23021','眼科诊室',to_date('24-9月 -23','DD-MON-RR'),7);
Insert into TEST_ACCOUNT.CONSULTATION_INFO (DOCTOR_ID,CLINIC_NAME,DATE_TIME,PERIOD) values ('23023','普通外科诊室',to_date('10-9月 -23','DD-MON-RR'),1);
Insert into TEST_ACCOUNT.CONSULTATION_INFO (DOCTOR_ID,CLINIC_NAME,DATE_TIME,PERIOD) values ('23023','普通外科诊室',to_date('11-9月 -23','DD-MON-RR'),2);
Insert into TEST_ACCOUNT.CONSULTATION_INFO (DOCTOR_ID,CLINIC_NAME,DATE_TIME,PERIOD) values ('23023','普通外科诊室',to_date('12-9月 -23','DD-MON-RR'),3);
Insert into TEST_ACCOUNT.CONSULTATION_INFO (DOCTOR_ID,CLINIC_NAME,DATE_TIME,PERIOD) values ('23023','普通外科诊室',to_date('13-9月 -23','DD-MON-RR'),4);
Insert into TEST_ACCOUNT.CONSULTATION_INFO (DOCTOR_ID,CLINIC_NAME,DATE_TIME,PERIOD) values ('23023','普通外科诊室',to_date('14-9月 -23','DD-MON-RR'),5);
Insert into TEST_ACCOUNT.CONSULTATION_INFO (DOCTOR_ID,CLINIC_NAME,DATE_TIME,PERIOD) values ('23023','普通外科诊室',to_date('15-9月 -23','DD-MON-RR'),6);
Insert into TEST_ACCOUNT.CONSULTATION_INFO (DOCTOR_ID,CLINIC_NAME,DATE_TIME,PERIOD) values ('23023','普通外科诊室',to_date('16-9月 -23','DD-MON-RR'),1);
Insert into TEST_ACCOUNT.CONSULTATION_INFO (DOCTOR_ID,CLINIC_NAME,DATE_TIME,PERIOD) values ('23023','普通外科诊室',to_date('16-9月 -23','DD-MON-RR'),7);
Insert into TEST_ACCOUNT.CONSULTATION_INFO (DOCTOR_ID,CLINIC_NAME,DATE_TIME,PERIOD) values ('23023','普通外科诊室',to_date('17-9月 -23','DD-MON-RR'),1);
Insert into TEST_ACCOUNT.CONSULTATION_INFO (DOCTOR_ID,CLINIC_NAME,DATE_TIME,PERIOD) values ('23023','普通外科诊室',to_date('17-9月 -23','DD-MON-RR'),2);
Insert into TEST_ACCOUNT.CONSULTATION_INFO (DOCTOR_ID,CLINIC_NAME,DATE_TIME,PERIOD) values ('23023','普通外科诊室',to_date('18-9月 -23','DD-MON-RR'),1);
Insert into TEST_ACCOUNT.CONSULTATION_INFO (DOCTOR_ID,CLINIC_NAME,DATE_TIME,PERIOD) values ('23023','普通外科诊室',to_date('18-9月 -23','DD-MON-RR'),2);
Insert into TEST_ACCOUNT.CONSULTATION_INFO (DOCTOR_ID,CLINIC_NAME,DATE_TIME,PERIOD) values ('23023','普通外科诊室',to_date('18-9月 -23','DD-MON-RR'),3);
Insert into TEST_ACCOUNT.CONSULTATION_INFO (DOCTOR_ID,CLINIC_NAME,DATE_TIME,PERIOD) values ('23023','普通外科诊室',to_date('19-9月 -23','DD-MON-RR'),1);
Insert into TEST_ACCOUNT.CONSULTATION_INFO (DOCTOR_ID,CLINIC_NAME,DATE_TIME,PERIOD) values ('23023','普通外科诊室',to_date('19-9月 -23','DD-MON-RR'),2);
Insert into TEST_ACCOUNT.CONSULTATION_INFO (DOCTOR_ID,CLINIC_NAME,DATE_TIME,PERIOD) values ('23023','普通外科诊室',to_date('19-9月 -23','DD-MON-RR'),3);
Insert into TEST_ACCOUNT.CONSULTATION_INFO (DOCTOR_ID,CLINIC_NAME,DATE_TIME,PERIOD) values ('23023','普通外科诊室',to_date('19-9月 -23','DD-MON-RR'),4);
Insert into TEST_ACCOUNT.CONSULTATION_INFO (DOCTOR_ID,CLINIC_NAME,DATE_TIME,PERIOD) values ('23023','普通外科诊室',to_date('20-9月 -23','DD-MON-RR'),2);
Insert into TEST_ACCOUNT.CONSULTATION_INFO (DOCTOR_ID,CLINIC_NAME,DATE_TIME,PERIOD) values ('23023','普通外科诊室',to_date('20-9月 -23','DD-MON-RR'),3);
Insert into TEST_ACCOUNT.CONSULTATION_INFO (DOCTOR_ID,CLINIC_NAME,DATE_TIME,PERIOD) values ('23023','普通外科诊室',to_date('20-9月 -23','DD-MON-RR'),4);
Insert into TEST_ACCOUNT.CONSULTATION_INFO (DOCTOR_ID,CLINIC_NAME,DATE_TIME,PERIOD) values ('23023','普通外科诊室',to_date('20-9月 -23','DD-MON-RR'),5);
Insert into TEST_ACCOUNT.CONSULTATION_INFO (DOCTOR_ID,CLINIC_NAME,DATE_TIME,PERIOD) values ('23023','普通外科诊室',to_date('21-9月 -23','DD-MON-RR'),3);
Insert into TEST_ACCOUNT.CONSULTATION_INFO (DOCTOR_ID,CLINIC_NAME,DATE_TIME,PERIOD) values ('23023','普通外科诊室',to_date('21-9月 -23','DD-MON-RR'),4);
Insert into TEST_ACCOUNT.CONSULTATION_INFO (DOCTOR_ID,CLINIC_NAME,DATE_TIME,PERIOD) values ('23023','普通外科诊室',to_date('21-9月 -23','DD-MON-RR'),5);
Insert into TEST_ACCOUNT.CONSULTATION_INFO (DOCTOR_ID,CLINIC_NAME,DATE_TIME,PERIOD) values ('23023','普通外科诊室',to_date('21-9月 -23','DD-MON-RR'),6);
Insert into TEST_ACCOUNT.CONSULTATION_INFO (DOCTOR_ID,CLINIC_NAME,DATE_TIME,PERIOD) values ('23023','普通外科诊室',to_date('22-9月 -23','DD-MON-RR'),4);
Insert into TEST_ACCOUNT.CONSULTATION_INFO (DOCTOR_ID,CLINIC_NAME,DATE_TIME,PERIOD) values ('23023','普通外科诊室',to_date('22-9月 -23','DD-MON-RR'),5);
Insert into TEST_ACCOUNT.CONSULTATION_INFO (DOCTOR_ID,CLINIC_NAME,DATE_TIME,PERIOD) values ('23023','普通外科诊室',to_date('22-9月 -23','DD-MON-RR'),6);
Insert into TEST_ACCOUNT.CONSULTATION_INFO (DOCTOR_ID,CLINIC_NAME,DATE_TIME,PERIOD) values ('23023','普通外科诊室',to_date('22-9月 -23','DD-MON-RR'),7);
Insert into TEST_ACCOUNT.CONSULTATION_INFO (DOCTOR_ID,CLINIC_NAME,DATE_TIME,PERIOD) values ('23023','普通外科诊室',to_date('23-9月 -23','DD-MON-RR'),5);
Insert into TEST_ACCOUNT.CONSULTATION_INFO (DOCTOR_ID,CLINIC_NAME,DATE_TIME,PERIOD) values ('23023','普通外科诊室',to_date('23-9月 -23','DD-MON-RR'),6);
Insert into TEST_ACCOUNT.CONSULTATION_INFO (DOCTOR_ID,CLINIC_NAME,DATE_TIME,PERIOD) values ('23023','普通外科诊室',to_date('23-9月 -23','DD-MON-RR'),7);
Insert into TEST_ACCOUNT.CONSULTATION_INFO (DOCTOR_ID,CLINIC_NAME,DATE_TIME,PERIOD) values ('23023','普通外科诊室',to_date('24-9月 -23','DD-MON-RR'),6);
Insert into TEST_ACCOUNT.CONSULTATION_INFO (DOCTOR_ID,CLINIC_NAME,DATE_TIME,PERIOD) values ('23023','普通外科诊室',to_date('24-9月 -23','DD-MON-RR'),7);
Insert into TEST_ACCOUNT.CONSULTATION_INFO (DOCTOR_ID,CLINIC_NAME,DATE_TIME,PERIOD) values ('23023','普通外科诊室',to_date('25-9月 -23','DD-MON-RR'),7);
Insert into TEST_ACCOUNT.CONSULTATION_INFO (DOCTOR_ID,CLINIC_NAME,DATE_TIME,PERIOD) values ('23011','呼吸科诊室1',to_date('14-9月 -23','DD-MON-RR'),1);
Insert into TEST_ACCOUNT.CONSULTATION_INFO (DOCTOR_ID,CLINIC_NAME,DATE_TIME,PERIOD) values ('23011','呼吸科诊室1',to_date('14-9月 -23','DD-MON-RR'),2);
Insert into TEST_ACCOUNT.CONSULTATION_INFO (DOCTOR_ID,CLINIC_NAME,DATE_TIME,PERIOD) values ('23011','呼吸科诊室1',to_date('14-9月 -23','DD-MON-RR'),3);
Insert into TEST_ACCOUNT.CONSULTATION_INFO (DOCTOR_ID,CLINIC_NAME,DATE_TIME,PERIOD) values ('23011','呼吸科诊室1',to_date('14-9月 -23','DD-MON-RR'),4);
Insert into TEST_ACCOUNT.CONSULTATION_INFO (DOCTOR_ID,CLINIC_NAME,DATE_TIME,PERIOD) values ('23011','呼吸科诊室1',to_date('14-9月 -23','DD-MON-RR'),5);
Insert into TEST_ACCOUNT.CONSULTATION_INFO (DOCTOR_ID,CLINIC_NAME,DATE_TIME,PERIOD) values ('23011','呼吸科诊室1',to_date('14-9月 -23','DD-MON-RR'),6);
Insert into TEST_ACCOUNT.CONSULTATION_INFO (DOCTOR_ID,CLINIC_NAME,DATE_TIME,PERIOD) values ('23011','呼吸科诊室1',to_date('14-9月 -23','DD-MON-RR'),7);
Insert into TEST_ACCOUNT.CONSULTATION_INFO (DOCTOR_ID,CLINIC_NAME,DATE_TIME,PERIOD) values ('23011','呼吸科诊室1',to_date('15-9月 -23','DD-MON-RR'),1);
Insert into TEST_ACCOUNT.CONSULTATION_INFO (DOCTOR_ID,CLINIC_NAME,DATE_TIME,PERIOD) values ('23011','呼吸科诊室1',to_date('15-9月 -23','DD-MON-RR'),2);
Insert into TEST_ACCOUNT.CONSULTATION_INFO (DOCTOR_ID,CLINIC_NAME,DATE_TIME,PERIOD) values ('23011','呼吸科诊室1',to_date('15-9月 -23','DD-MON-RR'),3);
Insert into TEST_ACCOUNT.CONSULTATION_INFO (DOCTOR_ID,CLINIC_NAME,DATE_TIME,PERIOD) values ('23011','呼吸科诊室1',to_date('15-9月 -23','DD-MON-RR'),4);
Insert into TEST_ACCOUNT.CONSULTATION_INFO (DOCTOR_ID,CLINIC_NAME,DATE_TIME,PERIOD) values ('23011','呼吸科诊室1',to_date('15-9月 -23','DD-MON-RR'),5);
Insert into TEST_ACCOUNT.CONSULTATION_INFO (DOCTOR_ID,CLINIC_NAME,DATE_TIME,PERIOD) values ('23011','呼吸科诊室1',to_date('15-9月 -23','DD-MON-RR'),6);
Insert into TEST_ACCOUNT.CONSULTATION_INFO (DOCTOR_ID,CLINIC_NAME,DATE_TIME,PERIOD) values ('23011','呼吸科诊室1',to_date('15-9月 -23','DD-MON-RR'),7);
Insert into TEST_ACCOUNT.CONSULTATION_INFO (DOCTOR_ID,CLINIC_NAME,DATE_TIME,PERIOD) values ('23011','呼吸科诊室1',to_date('16-9月 -23','DD-MON-RR'),1);
Insert into TEST_ACCOUNT.CONSULTATION_INFO (DOCTOR_ID,CLINIC_NAME,DATE_TIME,PERIOD) values ('23011','呼吸科诊室1',to_date('16-9月 -23','DD-MON-RR'),2);
Insert into TEST_ACCOUNT.CONSULTATION_INFO (DOCTOR_ID,CLINIC_NAME,DATE_TIME,PERIOD) values ('23011','呼吸科诊室1',to_date('16-9月 -23','DD-MON-RR'),3);
Insert into TEST_ACCOUNT.CONSULTATION_INFO (DOCTOR_ID,CLINIC_NAME,DATE_TIME,PERIOD) values ('23011','呼吸科诊室1',to_date('16-9月 -23','DD-MON-RR'),4);
Insert into TEST_ACCOUNT.CONSULTATION_INFO (DOCTOR_ID,CLINIC_NAME,DATE_TIME,PERIOD) values ('23011','呼吸科诊室1',to_date('16-9月 -23','DD-MON-RR'),5);
Insert into TEST_ACCOUNT.CONSULTATION_INFO (DOCTOR_ID,CLINIC_NAME,DATE_TIME,PERIOD) values ('23011','呼吸科诊室1',to_date('16-9月 -23','DD-MON-RR'),6);
Insert into TEST_ACCOUNT.CONSULTATION_INFO (DOCTOR_ID,CLINIC_NAME,DATE_TIME,PERIOD) values ('23011','呼吸科诊室1',to_date('16-9月 -23','DD-MON-RR'),7);
Insert into TEST_ACCOUNT.CONSULTATION_INFO (DOCTOR_ID,CLINIC_NAME,DATE_TIME,PERIOD) values ('23011','呼吸科诊室1',to_date('17-9月 -23','DD-MON-RR'),1);
Insert into TEST_ACCOUNT.CONSULTATION_INFO (DOCTOR_ID,CLINIC_NAME,DATE_TIME,PERIOD) values ('23011','呼吸科诊室1',to_date('17-9月 -23','DD-MON-RR'),2);
Insert into TEST_ACCOUNT.CONSULTATION_INFO (DOCTOR_ID,CLINIC_NAME,DATE_TIME,PERIOD) values ('23011','呼吸科诊室1',to_date('17-9月 -23','DD-MON-RR'),3);
Insert into TEST_ACCOUNT.CONSULTATION_INFO (DOCTOR_ID,CLINIC_NAME,DATE_TIME,PERIOD) values ('23011','呼吸科诊室1',to_date('17-9月 -23','DD-MON-RR'),4);
Insert into TEST_ACCOUNT.CONSULTATION_INFO (DOCTOR_ID,CLINIC_NAME,DATE_TIME,PERIOD) values ('23011','呼吸科诊室1',to_date('17-9月 -23','DD-MON-RR'),5);
Insert into TEST_ACCOUNT.CONSULTATION_INFO (DOCTOR_ID,CLINIC_NAME,DATE_TIME,PERIOD) values ('23011','呼吸科诊室1',to_date('17-9月 -23','DD-MON-RR'),6);
Insert into TEST_ACCOUNT.CONSULTATION_INFO (DOCTOR_ID,CLINIC_NAME,DATE_TIME,PERIOD) values ('23011','呼吸科诊室1',to_date('17-9月 -23','DD-MON-RR'),7);
Insert into TEST_ACCOUNT.CONSULTATION_INFO (DOCTOR_ID,CLINIC_NAME,DATE_TIME,PERIOD) values ('23011','呼吸科诊室1',to_date('18-9月 -23','DD-MON-RR'),1);
Insert into TEST_ACCOUNT.CONSULTATION_INFO (DOCTOR_ID,CLINIC_NAME,DATE_TIME,PERIOD) values ('23011','呼吸科诊室1',to_date('18-9月 -23','DD-MON-RR'),2);
Insert into TEST_ACCOUNT.CONSULTATION_INFO (DOCTOR_ID,CLINIC_NAME,DATE_TIME,PERIOD) values ('23011','呼吸科诊室1',to_date('18-9月 -23','DD-MON-RR'),3);
Insert into TEST_ACCOUNT.CONSULTATION_INFO (DOCTOR_ID,CLINIC_NAME,DATE_TIME,PERIOD) values ('23011','呼吸科诊室1',to_date('18-9月 -23','DD-MON-RR'),4);
Insert into TEST_ACCOUNT.CONSULTATION_INFO (DOCTOR_ID,CLINIC_NAME,DATE_TIME,PERIOD) values ('23011','呼吸科诊室1',to_date('18-9月 -23','DD-MON-RR'),5);
Insert into TEST_ACCOUNT.CONSULTATION_INFO (DOCTOR_ID,CLINIC_NAME,DATE_TIME,PERIOD) values ('23011','呼吸科诊室1',to_date('18-9月 -23','DD-MON-RR'),6);
Insert into TEST_ACCOUNT.CONSULTATION_INFO (DOCTOR_ID,CLINIC_NAME,DATE_TIME,PERIOD) values ('23011','呼吸科诊室1',to_date('18-9月 -23','DD-MON-RR'),7);
Insert into TEST_ACCOUNT.CONSULTATION_INFO (DOCTOR_ID,CLINIC_NAME,DATE_TIME,PERIOD) values ('23011','呼吸科诊室1',to_date('19-9月 -23','DD-MON-RR'),2);
Insert into TEST_ACCOUNT.CONSULTATION_INFO (DOCTOR_ID,CLINIC_NAME,DATE_TIME,PERIOD) values ('23011','呼吸科诊室1',to_date('19-9月 -23','DD-MON-RR'),3);
Insert into TEST_ACCOUNT.CONSULTATION_INFO (DOCTOR_ID,CLINIC_NAME,DATE_TIME,PERIOD) values ('23011','呼吸科诊室1',to_date('19-9月 -23','DD-MON-RR'),4);
Insert into TEST_ACCOUNT.CONSULTATION_INFO (DOCTOR_ID,CLINIC_NAME,DATE_TIME,PERIOD) values ('23011','呼吸科诊室1',to_date('19-9月 -23','DD-MON-RR'),5);
Insert into TEST_ACCOUNT.CONSULTATION_INFO (DOCTOR_ID,CLINIC_NAME,DATE_TIME,PERIOD) values ('23011','呼吸科诊室1',to_date('19-9月 -23','DD-MON-RR'),6);
Insert into TEST_ACCOUNT.CONSULTATION_INFO (DOCTOR_ID,CLINIC_NAME,DATE_TIME,PERIOD) values ('23011','呼吸科诊室1',to_date('19-9月 -23','DD-MON-RR'),7);
Insert into TEST_ACCOUNT.CONSULTATION_INFO (DOCTOR_ID,CLINIC_NAME,DATE_TIME,PERIOD) values ('23011','呼吸科诊室1',to_date('20-9月 -23','DD-MON-RR'),3);
Insert into TEST_ACCOUNT.CONSULTATION_INFO (DOCTOR_ID,CLINIC_NAME,DATE_TIME,PERIOD) values ('23011','呼吸科诊室1',to_date('20-9月 -23','DD-MON-RR'),4);
Insert into TEST_ACCOUNT.CONSULTATION_INFO (DOCTOR_ID,CLINIC_NAME,DATE_TIME,PERIOD) values ('23011','呼吸科诊室1',to_date('20-9月 -23','DD-MON-RR'),5);
Insert into TEST_ACCOUNT.CONSULTATION_INFO (DOCTOR_ID,CLINIC_NAME,DATE_TIME,PERIOD) values ('23011','呼吸科诊室1',to_date('20-9月 -23','DD-MON-RR'),6);
Insert into TEST_ACCOUNT.CONSULTATION_INFO (DOCTOR_ID,CLINIC_NAME,DATE_TIME,PERIOD) values ('23011','呼吸科诊室1',to_date('20-9月 -23','DD-MON-RR'),7);
Insert into TEST_ACCOUNT.CONSULTATION_INFO (DOCTOR_ID,CLINIC_NAME,DATE_TIME,PERIOD) values ('23011','呼吸科诊室1',to_date('21-9月 -23','DD-MON-RR'),4);
Insert into TEST_ACCOUNT.CONSULTATION_INFO (DOCTOR_ID,CLINIC_NAME,DATE_TIME,PERIOD) values ('23011','呼吸科诊室1',to_date('21-9月 -23','DD-MON-RR'),5);
Insert into TEST_ACCOUNT.CONSULTATION_INFO (DOCTOR_ID,CLINIC_NAME,DATE_TIME,PERIOD) values ('23011','呼吸科诊室1',to_date('21-9月 -23','DD-MON-RR'),6);
Insert into TEST_ACCOUNT.CONSULTATION_INFO (DOCTOR_ID,CLINIC_NAME,DATE_TIME,PERIOD) values ('23011','呼吸科诊室1',to_date('21-9月 -23','DD-MON-RR'),7);
Insert into TEST_ACCOUNT.CONSULTATION_INFO (DOCTOR_ID,CLINIC_NAME,DATE_TIME,PERIOD) values ('23011','呼吸科诊室1',to_date('22-9月 -23','DD-MON-RR'),5);
Insert into TEST_ACCOUNT.CONSULTATION_INFO (DOCTOR_ID,CLINIC_NAME,DATE_TIME,PERIOD) values ('23011','呼吸科诊室1',to_date('22-9月 -23','DD-MON-RR'),6);
Insert into TEST_ACCOUNT.CONSULTATION_INFO (DOCTOR_ID,CLINIC_NAME,DATE_TIME,PERIOD) values ('23011','呼吸科诊室1',to_date('22-9月 -23','DD-MON-RR'),7);
Insert into TEST_ACCOUNT.CONSULTATION_INFO (DOCTOR_ID,CLINIC_NAME,DATE_TIME,PERIOD) values ('23011','呼吸科诊室1',to_date('23-9月 -23','DD-MON-RR'),6);
Insert into TEST_ACCOUNT.CONSULTATION_INFO (DOCTOR_ID,CLINIC_NAME,DATE_TIME,PERIOD) values ('23011','呼吸科诊室1',to_date('23-9月 -23','DD-MON-RR'),7);
Insert into TEST_ACCOUNT.CONSULTATION_INFO (DOCTOR_ID,CLINIC_NAME,DATE_TIME,PERIOD) values ('23011','呼吸科诊室1',to_date('24-9月 -23','DD-MON-RR'),7);
Insert into TEST_ACCOUNT.CONSULTATION_INFO (DOCTOR_ID,CLINIC_NAME,DATE_TIME,PERIOD) values ('23011','呼吸科诊室1',to_date('30-9月 -23','DD-MON-RR'),4);
Insert into TEST_ACCOUNT.CONSULTATION_INFO (DOCTOR_ID,CLINIC_NAME,DATE_TIME,PERIOD) values ('23011','呼吸科诊室1',to_date('30-9月 -23','DD-MON-RR'),5);
Insert into TEST_ACCOUNT.CONSULTATION_INFO (DOCTOR_ID,CLINIC_NAME,DATE_TIME,PERIOD) values ('23011','呼吸科诊室1',to_date('30-9月 -23','DD-MON-RR'),6);
Insert into TEST_ACCOUNT.CONSULTATION_INFO (DOCTOR_ID,CLINIC_NAME,DATE_TIME,PERIOD) values ('23011','呼吸科诊室1',to_date('30-9月 -23','DD-MON-RR'),7);
Insert into TEST_ACCOUNT.CONSULTATION_INFO (DOCTOR_ID,CLINIC_NAME,DATE_TIME,PERIOD) values ('23011','呼吸科诊室2',to_date('13-9月 -23','DD-MON-RR'),1);
Insert into TEST_ACCOUNT.CONSULTATION_INFO (DOCTOR_ID,CLINIC_NAME,DATE_TIME,PERIOD) values ('23011','呼吸科诊室2',to_date('30-9月 -23','DD-MON-RR'),7);
Insert into TEST_ACCOUNT.CONSULTATION_INFO (DOCTOR_ID,CLINIC_NAME,DATE_TIME,PERIOD) values ('23012','口腔科诊室1',to_date('08-9月 -23','DD-MON-RR'),1);
Insert into TEST_ACCOUNT.CONSULTATION_INFO (DOCTOR_ID,CLINIC_NAME,DATE_TIME,PERIOD) values ('23012','口腔科诊室1',to_date('09-9月 -23','DD-MON-RR'),1);
Insert into TEST_ACCOUNT.CONSULTATION_INFO (DOCTOR_ID,CLINIC_NAME,DATE_TIME,PERIOD) values ('23012','口腔科诊室1',to_date('09-9月 -23','DD-MON-RR'),2);
Insert into TEST_ACCOUNT.CONSULTATION_INFO (DOCTOR_ID,CLINIC_NAME,DATE_TIME,PERIOD) values ('23012','口腔科诊室1',to_date('10-9月 -23','DD-MON-RR'),1);
Insert into TEST_ACCOUNT.CONSULTATION_INFO (DOCTOR_ID,CLINIC_NAME,DATE_TIME,PERIOD) values ('23012','口腔科诊室1',to_date('10-9月 -23','DD-MON-RR'),2);
Insert into TEST_ACCOUNT.CONSULTATION_INFO (DOCTOR_ID,CLINIC_NAME,DATE_TIME,PERIOD) values ('23012','口腔科诊室1',to_date('10-9月 -23','DD-MON-RR'),3);
Insert into TEST_ACCOUNT.CONSULTATION_INFO (DOCTOR_ID,CLINIC_NAME,DATE_TIME,PERIOD) values ('23012','口腔科诊室1',to_date('11-9月 -23','DD-MON-RR'),1);
Insert into TEST_ACCOUNT.CONSULTATION_INFO (DOCTOR_ID,CLINIC_NAME,DATE_TIME,PERIOD) values ('23012','口腔科诊室1',to_date('11-9月 -23','DD-MON-RR'),2);
Insert into TEST_ACCOUNT.CONSULTATION_INFO (DOCTOR_ID,CLINIC_NAME,DATE_TIME,PERIOD) values ('23012','口腔科诊室1',to_date('11-9月 -23','DD-MON-RR'),3);
Insert into TEST_ACCOUNT.CONSULTATION_INFO (DOCTOR_ID,CLINIC_NAME,DATE_TIME,PERIOD) values ('23012','口腔科诊室1',to_date('11-9月 -23','DD-MON-RR'),4);
Insert into TEST_ACCOUNT.CONSULTATION_INFO (DOCTOR_ID,CLINIC_NAME,DATE_TIME,PERIOD) values ('23012','口腔科诊室1',to_date('12-9月 -23','DD-MON-RR'),1);
Insert into TEST_ACCOUNT.CONSULTATION_INFO (DOCTOR_ID,CLINIC_NAME,DATE_TIME,PERIOD) values ('23012','口腔科诊室1',to_date('12-9月 -23','DD-MON-RR'),2);
Insert into TEST_ACCOUNT.CONSULTATION_INFO (DOCTOR_ID,CLINIC_NAME,DATE_TIME,PERIOD) values ('23012','口腔科诊室1',to_date('12-9月 -23','DD-MON-RR'),3);
Insert into TEST_ACCOUNT.CONSULTATION_INFO (DOCTOR_ID,CLINIC_NAME,DATE_TIME,PERIOD) values ('23012','口腔科诊室1',to_date('12-9月 -23','DD-MON-RR'),4);
Insert into TEST_ACCOUNT.CONSULTATION_INFO (DOCTOR_ID,CLINIC_NAME,DATE_TIME,PERIOD) values ('23012','口腔科诊室1',to_date('12-9月 -23','DD-MON-RR'),5);
Insert into TEST_ACCOUNT.CONSULTATION_INFO (DOCTOR_ID,CLINIC_NAME,DATE_TIME,PERIOD) values ('23012','口腔科诊室1',to_date('13-9月 -23','DD-MON-RR'),1);
Insert into TEST_ACCOUNT.CONSULTATION_INFO (DOCTOR_ID,CLINIC_NAME,DATE_TIME,PERIOD) values ('23012','口腔科诊室1',to_date('13-9月 -23','DD-MON-RR'),2);
Insert into TEST_ACCOUNT.CONSULTATION_INFO (DOCTOR_ID,CLINIC_NAME,DATE_TIME,PERIOD) values ('23012','口腔科诊室1',to_date('13-9月 -23','DD-MON-RR'),3);
Insert into TEST_ACCOUNT.CONSULTATION_INFO (DOCTOR_ID,CLINIC_NAME,DATE_TIME,PERIOD) values ('23012','口腔科诊室1',to_date('13-9月 -23','DD-MON-RR'),4);
Insert into TEST_ACCOUNT.CONSULTATION_INFO (DOCTOR_ID,CLINIC_NAME,DATE_TIME,PERIOD) values ('23012','口腔科诊室1',to_date('13-9月 -23','DD-MON-RR'),5);
Insert into TEST_ACCOUNT.CONSULTATION_INFO (DOCTOR_ID,CLINIC_NAME,DATE_TIME,PERIOD) values ('23012','口腔科诊室1',to_date('13-9月 -23','DD-MON-RR'),6);
Insert into TEST_ACCOUNT.CONSULTATION_INFO (DOCTOR_ID,CLINIC_NAME,DATE_TIME,PERIOD) values ('23012','口腔科诊室1',to_date('14-9月 -23','DD-MON-RR'),1);
Insert into TEST_ACCOUNT.CONSULTATION_INFO (DOCTOR_ID,CLINIC_NAME,DATE_TIME,PERIOD) values ('23012','口腔科诊室1',to_date('14-9月 -23','DD-MON-RR'),2);
Insert into TEST_ACCOUNT.CONSULTATION_INFO (DOCTOR_ID,CLINIC_NAME,DATE_TIME,PERIOD) values ('23012','口腔科诊室1',to_date('14-9月 -23','DD-MON-RR'),3);
Insert into TEST_ACCOUNT.CONSULTATION_INFO (DOCTOR_ID,CLINIC_NAME,DATE_TIME,PERIOD) values ('23012','口腔科诊室1',to_date('14-9月 -23','DD-MON-RR'),4);
Insert into TEST_ACCOUNT.CONSULTATION_INFO (DOCTOR_ID,CLINIC_NAME,DATE_TIME,PERIOD) values ('23012','口腔科诊室1',to_date('14-9月 -23','DD-MON-RR'),5);
Insert into TEST_ACCOUNT.CONSULTATION_INFO (DOCTOR_ID,CLINIC_NAME,DATE_TIME,PERIOD) values ('23012','口腔科诊室1',to_date('14-9月 -23','DD-MON-RR'),6);
Insert into TEST_ACCOUNT.CONSULTATION_INFO (DOCTOR_ID,CLINIC_NAME,DATE_TIME,PERIOD) values ('23012','口腔科诊室1',to_date('14-9月 -23','DD-MON-RR'),7);
Insert into TEST_ACCOUNT.CONSULTATION_INFO (DOCTOR_ID,CLINIC_NAME,DATE_TIME,PERIOD) values ('23012','口腔科诊室1',to_date('15-9月 -23','DD-MON-RR'),1);
Insert into TEST_ACCOUNT.CONSULTATION_INFO (DOCTOR_ID,CLINIC_NAME,DATE_TIME,PERIOD) values ('23012','口腔科诊室1',to_date('15-9月 -23','DD-MON-RR'),2);
Insert into TEST_ACCOUNT.CONSULTATION_INFO (DOCTOR_ID,CLINIC_NAME,DATE_TIME,PERIOD) values ('23012','口腔科诊室1',to_date('15-9月 -23','DD-MON-RR'),3);
Insert into TEST_ACCOUNT.CONSULTATION_INFO (DOCTOR_ID,CLINIC_NAME,DATE_TIME,PERIOD) values ('23012','口腔科诊室1',to_date('15-9月 -23','DD-MON-RR'),4);
Insert into TEST_ACCOUNT.CONSULTATION_INFO (DOCTOR_ID,CLINIC_NAME,DATE_TIME,PERIOD) values ('23012','口腔科诊室1',to_date('15-9月 -23','DD-MON-RR'),5);
Insert into TEST_ACCOUNT.CONSULTATION_INFO (DOCTOR_ID,CLINIC_NAME,DATE_TIME,PERIOD) values ('23012','口腔科诊室1',to_date('15-9月 -23','DD-MON-RR'),6);
Insert into TEST_ACCOUNT.CONSULTATION_INFO (DOCTOR_ID,CLINIC_NAME,DATE_TIME,PERIOD) values ('23012','口腔科诊室1',to_date('15-9月 -23','DD-MON-RR'),7);
Insert into TEST_ACCOUNT.CONSULTATION_INFO (DOCTOR_ID,CLINIC_NAME,DATE_TIME,PERIOD) values ('23012','口腔科诊室1',to_date('16-9月 -23','DD-MON-RR'),1);
Insert into TEST_ACCOUNT.CONSULTATION_INFO (DOCTOR_ID,CLINIC_NAME,DATE_TIME,PERIOD) values ('23012','口腔科诊室1',to_date('16-9月 -23','DD-MON-RR'),2);
Insert into TEST_ACCOUNT.CONSULTATION_INFO (DOCTOR_ID,CLINIC_NAME,DATE_TIME,PERIOD) values ('23012','口腔科诊室1',to_date('16-9月 -23','DD-MON-RR'),3);
Insert into TEST_ACCOUNT.CONSULTATION_INFO (DOCTOR_ID,CLINIC_NAME,DATE_TIME,PERIOD) values ('23012','口腔科诊室1',to_date('16-9月 -23','DD-MON-RR'),4);
Insert into TEST_ACCOUNT.CONSULTATION_INFO (DOCTOR_ID,CLINIC_NAME,DATE_TIME,PERIOD) values ('23012','口腔科诊室1',to_date('16-9月 -23','DD-MON-RR'),5);
Insert into TEST_ACCOUNT.CONSULTATION_INFO (DOCTOR_ID,CLINIC_NAME,DATE_TIME,PERIOD) values ('23012','口腔科诊室1',to_date('16-9月 -23','DD-MON-RR'),6);
Insert into TEST_ACCOUNT.CONSULTATION_INFO (DOCTOR_ID,CLINIC_NAME,DATE_TIME,PERIOD) values ('23012','口腔科诊室1',to_date('16-9月 -23','DD-MON-RR'),7);
Insert into TEST_ACCOUNT.CONSULTATION_INFO (DOCTOR_ID,CLINIC_NAME,DATE_TIME,PERIOD) values ('23012','口腔科诊室1',to_date('17-9月 -23','DD-MON-RR'),1);
Insert into TEST_ACCOUNT.CONSULTATION_INFO (DOCTOR_ID,CLINIC_NAME,DATE_TIME,PERIOD) values ('23012','口腔科诊室1',to_date('17-9月 -23','DD-MON-RR'),2);
Insert into TEST_ACCOUNT.CONSULTATION_INFO (DOCTOR_ID,CLINIC_NAME,DATE_TIME,PERIOD) values ('23012','口腔科诊室1',to_date('17-9月 -23','DD-MON-RR'),3);
Insert into TEST_ACCOUNT.CONSULTATION_INFO (DOCTOR_ID,CLINIC_NAME,DATE_TIME,PERIOD) values ('23012','口腔科诊室1',to_date('17-9月 -23','DD-MON-RR'),4);
Insert into TEST_ACCOUNT.CONSULTATION_INFO (DOCTOR_ID,CLINIC_NAME,DATE_TIME,PERIOD) values ('23012','口腔科诊室1',to_date('17-9月 -23','DD-MON-RR'),5);
Insert into TEST_ACCOUNT.CONSULTATION_INFO (DOCTOR_ID,CLINIC_NAME,DATE_TIME,PERIOD) values ('23012','口腔科诊室1',to_date('17-9月 -23','DD-MON-RR'),6);
Insert into TEST_ACCOUNT.CONSULTATION_INFO (DOCTOR_ID,CLINIC_NAME,DATE_TIME,PERIOD) values ('23012','口腔科诊室1',to_date('17-9月 -23','DD-MON-RR'),7);
Insert into TEST_ACCOUNT.CONSULTATION_INFO (DOCTOR_ID,CLINIC_NAME,DATE_TIME,PERIOD) values ('23012','口腔科诊室1',to_date('18-9月 -23','DD-MON-RR'),1);
Insert into TEST_ACCOUNT.CONSULTATION_INFO (DOCTOR_ID,CLINIC_NAME,DATE_TIME,PERIOD) values ('23012','口腔科诊室1',to_date('18-9月 -23','DD-MON-RR'),2);
Insert into TEST_ACCOUNT.CONSULTATION_INFO (DOCTOR_ID,CLINIC_NAME,DATE_TIME,PERIOD) values ('23012','口腔科诊室1',to_date('18-9月 -23','DD-MON-RR'),3);
Insert into TEST_ACCOUNT.CONSULTATION_INFO (DOCTOR_ID,CLINIC_NAME,DATE_TIME,PERIOD) values ('23012','口腔科诊室1',to_date('18-9月 -23','DD-MON-RR'),4);
Insert into TEST_ACCOUNT.CONSULTATION_INFO (DOCTOR_ID,CLINIC_NAME,DATE_TIME,PERIOD) values ('23012','口腔科诊室1',to_date('18-9月 -23','DD-MON-RR'),5);
Insert into TEST_ACCOUNT.CONSULTATION_INFO (DOCTOR_ID,CLINIC_NAME,DATE_TIME,PERIOD) values ('23012','口腔科诊室1',to_date('18-9月 -23','DD-MON-RR'),6);
Insert into TEST_ACCOUNT.CONSULTATION_INFO (DOCTOR_ID,CLINIC_NAME,DATE_TIME,PERIOD) values ('23012','口腔科诊室1',to_date('18-9月 -23','DD-MON-RR'),7);
Insert into TEST_ACCOUNT.CONSULTATION_INFO (DOCTOR_ID,CLINIC_NAME,DATE_TIME,PERIOD) values ('23012','口腔科诊室1',to_date('19-9月 -23','DD-MON-RR'),2);
Insert into TEST_ACCOUNT.CONSULTATION_INFO (DOCTOR_ID,CLINIC_NAME,DATE_TIME,PERIOD) values ('23012','口腔科诊室1',to_date('19-9月 -23','DD-MON-RR'),3);
Insert into TEST_ACCOUNT.CONSULTATION_INFO (DOCTOR_ID,CLINIC_NAME,DATE_TIME,PERIOD) values ('23012','口腔科诊室1',to_date('19-9月 -23','DD-MON-RR'),4);
Insert into TEST_ACCOUNT.CONSULTATION_INFO (DOCTOR_ID,CLINIC_NAME,DATE_TIME,PERIOD) values ('23012','口腔科诊室1',to_date('19-9月 -23','DD-MON-RR'),5);
Insert into TEST_ACCOUNT.CONSULTATION_INFO (DOCTOR_ID,CLINIC_NAME,DATE_TIME,PERIOD) values ('23012','口腔科诊室1',to_date('19-9月 -23','DD-MON-RR'),6);
Insert into TEST_ACCOUNT.CONSULTATION_INFO (DOCTOR_ID,CLINIC_NAME,DATE_TIME,PERIOD) values ('23012','口腔科诊室1',to_date('19-9月 -23','DD-MON-RR'),7);
Insert into TEST_ACCOUNT.CONSULTATION_INFO (DOCTOR_ID,CLINIC_NAME,DATE_TIME,PERIOD) values ('23012','口腔科诊室1',to_date('20-9月 -23','DD-MON-RR'),3);
Insert into TEST_ACCOUNT.CONSULTATION_INFO (DOCTOR_ID,CLINIC_NAME,DATE_TIME,PERIOD) values ('23012','口腔科诊室1',to_date('20-9月 -23','DD-MON-RR'),4);
Insert into TEST_ACCOUNT.CONSULTATION_INFO (DOCTOR_ID,CLINIC_NAME,DATE_TIME,PERIOD) values ('23012','口腔科诊室1',to_date('20-9月 -23','DD-MON-RR'),5);
Insert into TEST_ACCOUNT.CONSULTATION_INFO (DOCTOR_ID,CLINIC_NAME,DATE_TIME,PERIOD) values ('23012','口腔科诊室1',to_date('20-9月 -23','DD-MON-RR'),6);
Insert into TEST_ACCOUNT.CONSULTATION_INFO (DOCTOR_ID,CLINIC_NAME,DATE_TIME,PERIOD) values ('23012','口腔科诊室1',to_date('20-9月 -23','DD-MON-RR'),7);
Insert into TEST_ACCOUNT.CONSULTATION_INFO (DOCTOR_ID,CLINIC_NAME,DATE_TIME,PERIOD) values ('23012','口腔科诊室1',to_date('21-9月 -23','DD-MON-RR'),4);
Insert into TEST_ACCOUNT.CONSULTATION_INFO (DOCTOR_ID,CLINIC_NAME,DATE_TIME,PERIOD) values ('23012','口腔科诊室1',to_date('21-9月 -23','DD-MON-RR'),5);
Insert into TEST_ACCOUNT.CONSULTATION_INFO (DOCTOR_ID,CLINIC_NAME,DATE_TIME,PERIOD) values ('23012','口腔科诊室1',to_date('21-9月 -23','DD-MON-RR'),6);
Insert into TEST_ACCOUNT.CONSULTATION_INFO (DOCTOR_ID,CLINIC_NAME,DATE_TIME,PERIOD) values ('23012','口腔科诊室1',to_date('21-9月 -23','DD-MON-RR'),7);
Insert into TEST_ACCOUNT.CONSULTATION_INFO (DOCTOR_ID,CLINIC_NAME,DATE_TIME,PERIOD) values ('23012','口腔科诊室1',to_date('22-9月 -23','DD-MON-RR'),5);
Insert into TEST_ACCOUNT.CONSULTATION_INFO (DOCTOR_ID,CLINIC_NAME,DATE_TIME,PERIOD) values ('23012','口腔科诊室1',to_date('22-9月 -23','DD-MON-RR'),6);
Insert into TEST_ACCOUNT.CONSULTATION_INFO (DOCTOR_ID,CLINIC_NAME,DATE_TIME,PERIOD) values ('23012','口腔科诊室1',to_date('22-9月 -23','DD-MON-RR'),7);
Insert into TEST_ACCOUNT.CONSULTATION_INFO (DOCTOR_ID,CLINIC_NAME,DATE_TIME,PERIOD) values ('23012','口腔科诊室1',to_date('23-9月 -23','DD-MON-RR'),6);
Insert into TEST_ACCOUNT.CONSULTATION_INFO (DOCTOR_ID,CLINIC_NAME,DATE_TIME,PERIOD) values ('23012','口腔科诊室1',to_date('23-9月 -23','DD-MON-RR'),7);
Insert into TEST_ACCOUNT.CONSULTATION_INFO (DOCTOR_ID,CLINIC_NAME,DATE_TIME,PERIOD) values ('23012','口腔科诊室1',to_date('24-9月 -23','DD-MON-RR'),7);
Insert into TEST_ACCOUNT.CONSULTATION_INFO (DOCTOR_ID,CLINIC_NAME,DATE_TIME,PERIOD) values ('23013','中医科诊室',to_date('08-9月 -23','DD-MON-RR'),1);
Insert into TEST_ACCOUNT.CONSULTATION_INFO (DOCTOR_ID,CLINIC_NAME,DATE_TIME,PERIOD) values ('23013','中医科诊室',to_date('09-9月 -23','DD-MON-RR'),1);
Insert into TEST_ACCOUNT.CONSULTATION_INFO (DOCTOR_ID,CLINIC_NAME,DATE_TIME,PERIOD) values ('23013','中医科诊室',to_date('09-9月 -23','DD-MON-RR'),2);
Insert into TEST_ACCOUNT.CONSULTATION_INFO (DOCTOR_ID,CLINIC_NAME,DATE_TIME,PERIOD) values ('23013','中医科诊室',to_date('10-9月 -23','DD-MON-RR'),1);
Insert into TEST_ACCOUNT.CONSULTATION_INFO (DOCTOR_ID,CLINIC_NAME,DATE_TIME,PERIOD) values ('23013','中医科诊室',to_date('10-9月 -23','DD-MON-RR'),2);
Insert into TEST_ACCOUNT.CONSULTATION_INFO (DOCTOR_ID,CLINIC_NAME,DATE_TIME,PERIOD) values ('23013','中医科诊室',to_date('10-9月 -23','DD-MON-RR'),3);
Insert into TEST_ACCOUNT.CONSULTATION_INFO (DOCTOR_ID,CLINIC_NAME,DATE_TIME,PERIOD) values ('23013','中医科诊室',to_date('11-9月 -23','DD-MON-RR'),1);
Insert into TEST_ACCOUNT.CONSULTATION_INFO (DOCTOR_ID,CLINIC_NAME,DATE_TIME,PERIOD) values ('23013','中医科诊室',to_date('11-9月 -23','DD-MON-RR'),2);
Insert into TEST_ACCOUNT.CONSULTATION_INFO (DOCTOR_ID,CLINIC_NAME,DATE_TIME,PERIOD) values ('23013','中医科诊室',to_date('11-9月 -23','DD-MON-RR'),3);
Insert into TEST_ACCOUNT.CONSULTATION_INFO (DOCTOR_ID,CLINIC_NAME,DATE_TIME,PERIOD) values ('23013','中医科诊室',to_date('11-9月 -23','DD-MON-RR'),4);
Insert into TEST_ACCOUNT.CONSULTATION_INFO (DOCTOR_ID,CLINIC_NAME,DATE_TIME,PERIOD) values ('23013','中医科诊室',to_date('12-9月 -23','DD-MON-RR'),1);
Insert into TEST_ACCOUNT.CONSULTATION_INFO (DOCTOR_ID,CLINIC_NAME,DATE_TIME,PERIOD) values ('23013','中医科诊室',to_date('12-9月 -23','DD-MON-RR'),2);
Insert into TEST_ACCOUNT.CONSULTATION_INFO (DOCTOR_ID,CLINIC_NAME,DATE_TIME,PERIOD) values ('23013','中医科诊室',to_date('12-9月 -23','DD-MON-RR'),3);
Insert into TEST_ACCOUNT.CONSULTATION_INFO (DOCTOR_ID,CLINIC_NAME,DATE_TIME,PERIOD) values ('23013','中医科诊室',to_date('12-9月 -23','DD-MON-RR'),4);
Insert into TEST_ACCOUNT.CONSULTATION_INFO (DOCTOR_ID,CLINIC_NAME,DATE_TIME,PERIOD) values ('23013','中医科诊室',to_date('12-9月 -23','DD-MON-RR'),5);
Insert into TEST_ACCOUNT.CONSULTATION_INFO (DOCTOR_ID,CLINIC_NAME,DATE_TIME,PERIOD) values ('23002','泌尿外科诊室',to_date('14-9月 -23','DD-MON-RR'),1);
Insert into TEST_ACCOUNT.CONSULTATION_INFO (DOCTOR_ID,CLINIC_NAME,DATE_TIME,PERIOD) values ('23002','泌尿外科诊室',to_date('14-9月 -23','DD-MON-RR'),2);
Insert into TEST_ACCOUNT.CONSULTATION_INFO (DOCTOR_ID,CLINIC_NAME,DATE_TIME,PERIOD) values ('23002','泌尿外科诊室',to_date('14-9月 -23','DD-MON-RR'),3);
Insert into TEST_ACCOUNT.CONSULTATION_INFO (DOCTOR_ID,CLINIC_NAME,DATE_TIME,PERIOD) values ('23002','泌尿外科诊室',to_date('14-9月 -23','DD-MON-RR'),4);
Insert into TEST_ACCOUNT.CONSULTATION_INFO (DOCTOR_ID,CLINIC_NAME,DATE_TIME,PERIOD) values ('23002','泌尿外科诊室',to_date('14-9月 -23','DD-MON-RR'),5);
Insert into TEST_ACCOUNT.CONSULTATION_INFO (DOCTOR_ID,CLINIC_NAME,DATE_TIME,PERIOD) values ('23002','泌尿外科诊室',to_date('14-9月 -23','DD-MON-RR'),6);
Insert into TEST_ACCOUNT.CONSULTATION_INFO (DOCTOR_ID,CLINIC_NAME,DATE_TIME,PERIOD) values ('23002','泌尿外科诊室',to_date('14-9月 -23','DD-MON-RR'),7);
Insert into TEST_ACCOUNT.CONSULTATION_INFO (DOCTOR_ID,CLINIC_NAME,DATE_TIME,PERIOD) values ('23002','泌尿外科诊室',to_date('15-9月 -23','DD-MON-RR'),1);
Insert into TEST_ACCOUNT.CONSULTATION_INFO (DOCTOR_ID,CLINIC_NAME,DATE_TIME,PERIOD) values ('23002','泌尿外科诊室',to_date('15-9月 -23','DD-MON-RR'),2);
Insert into TEST_ACCOUNT.CONSULTATION_INFO (DOCTOR_ID,CLINIC_NAME,DATE_TIME,PERIOD) values ('23002','泌尿外科诊室',to_date('15-9月 -23','DD-MON-RR'),3);
Insert into TEST_ACCOUNT.CONSULTATION_INFO (DOCTOR_ID,CLINIC_NAME,DATE_TIME,PERIOD) values ('23002','泌尿外科诊室',to_date('15-9月 -23','DD-MON-RR'),4);
Insert into TEST_ACCOUNT.CONSULTATION_INFO (DOCTOR_ID,CLINIC_NAME,DATE_TIME,PERIOD) values ('23002','泌尿外科诊室',to_date('15-9月 -23','DD-MON-RR'),5);
Insert into TEST_ACCOUNT.CONSULTATION_INFO (DOCTOR_ID,CLINIC_NAME,DATE_TIME,PERIOD) values ('23002','泌尿外科诊室',to_date('15-9月 -23','DD-MON-RR'),6);
Insert into TEST_ACCOUNT.CONSULTATION_INFO (DOCTOR_ID,CLINIC_NAME,DATE_TIME,PERIOD) values ('23002','泌尿外科诊室',to_date('15-9月 -23','DD-MON-RR'),7);
Insert into TEST_ACCOUNT.CONSULTATION_INFO (DOCTOR_ID,CLINIC_NAME,DATE_TIME,PERIOD) values ('23002','泌尿外科诊室',to_date('18-9月 -23','DD-MON-RR'),1);
Insert into TEST_ACCOUNT.CONSULTATION_INFO (DOCTOR_ID,CLINIC_NAME,DATE_TIME,PERIOD) values ('23002','泌尿外科诊室',to_date('18-9月 -23','DD-MON-RR'),2);
Insert into TEST_ACCOUNT.CONSULTATION_INFO (DOCTOR_ID,CLINIC_NAME,DATE_TIME,PERIOD) values ('23002','泌尿外科诊室',to_date('18-9月 -23','DD-MON-RR'),3);
Insert into TEST_ACCOUNT.CONSULTATION_INFO (DOCTOR_ID,CLINIC_NAME,DATE_TIME,PERIOD) values ('23002','泌尿外科诊室',to_date('18-9月 -23','DD-MON-RR'),4);
Insert into TEST_ACCOUNT.CONSULTATION_INFO (DOCTOR_ID,CLINIC_NAME,DATE_TIME,PERIOD) values ('23002','泌尿外科诊室',to_date('18-9月 -23','DD-MON-RR'),5);
Insert into TEST_ACCOUNT.CONSULTATION_INFO (DOCTOR_ID,CLINIC_NAME,DATE_TIME,PERIOD) values ('23002','泌尿外科诊室',to_date('18-9月 -23','DD-MON-RR'),6);
Insert into TEST_ACCOUNT.CONSULTATION_INFO (DOCTOR_ID,CLINIC_NAME,DATE_TIME,PERIOD) values ('23002','泌尿外科诊室',to_date('18-9月 -23','DD-MON-RR'),7);
Insert into TEST_ACCOUNT.CONSULTATION_INFO (DOCTOR_ID,CLINIC_NAME,DATE_TIME,PERIOD) values ('23002','泌尿外科诊室',to_date('19-9月 -23','DD-MON-RR'),1);
Insert into TEST_ACCOUNT.CONSULTATION_INFO (DOCTOR_ID,CLINIC_NAME,DATE_TIME,PERIOD) values ('23002','泌尿外科诊室',to_date('19-9月 -23','DD-MON-RR'),2);
Insert into TEST_ACCOUNT.CONSULTATION_INFO (DOCTOR_ID,CLINIC_NAME,DATE_TIME,PERIOD) values ('23002','泌尿外科诊室',to_date('19-9月 -23','DD-MON-RR'),3);
Insert into TEST_ACCOUNT.CONSULTATION_INFO (DOCTOR_ID,CLINIC_NAME,DATE_TIME,PERIOD) values ('23002','泌尿外科诊室',to_date('19-9月 -23','DD-MON-RR'),4);
Insert into TEST_ACCOUNT.CONSULTATION_INFO (DOCTOR_ID,CLINIC_NAME,DATE_TIME,PERIOD) values ('23002','泌尿外科诊室',to_date('19-9月 -23','DD-MON-RR'),5);
Insert into TEST_ACCOUNT.CONSULTATION_INFO (DOCTOR_ID,CLINIC_NAME,DATE_TIME,PERIOD) values ('23002','泌尿外科诊室',to_date('19-9月 -23','DD-MON-RR'),6);
Insert into TEST_ACCOUNT.CONSULTATION_INFO (DOCTOR_ID,CLINIC_NAME,DATE_TIME,PERIOD) values ('23002','泌尿外科诊室',to_date('19-9月 -23','DD-MON-RR'),7);
Insert into TEST_ACCOUNT.CONSULTATION_INFO (DOCTOR_ID,CLINIC_NAME,DATE_TIME,PERIOD) values ('23002','泌尿外科诊室',to_date('20-9月 -23','DD-MON-RR'),1);
Insert into TEST_ACCOUNT.CONSULTATION_INFO (DOCTOR_ID,CLINIC_NAME,DATE_TIME,PERIOD) values ('23002','泌尿外科诊室',to_date('20-9月 -23','DD-MON-RR'),2);
Insert into TEST_ACCOUNT.CONSULTATION_INFO (DOCTOR_ID,CLINIC_NAME,DATE_TIME,PERIOD) values ('23002','泌尿外科诊室',to_date('20-9月 -23','DD-MON-RR'),3);
Insert into TEST_ACCOUNT.CONSULTATION_INFO (DOCTOR_ID,CLINIC_NAME,DATE_TIME,PERIOD) values ('23002','泌尿外科诊室',to_date('20-9月 -23','DD-MON-RR'),4);
Insert into TEST_ACCOUNT.CONSULTATION_INFO (DOCTOR_ID,CLINIC_NAME,DATE_TIME,PERIOD) values ('23002','泌尿外科诊室',to_date('20-9月 -23','DD-MON-RR'),5);
Insert into TEST_ACCOUNT.CONSULTATION_INFO (DOCTOR_ID,CLINIC_NAME,DATE_TIME,PERIOD) values ('23002','泌尿外科诊室',to_date('20-9月 -23','DD-MON-RR'),6);
Insert into TEST_ACCOUNT.CONSULTATION_INFO (DOCTOR_ID,CLINIC_NAME,DATE_TIME,PERIOD) values ('23002','泌尿外科诊室',to_date('20-9月 -23','DD-MON-RR'),7);
Insert into TEST_ACCOUNT.CONSULTATION_INFO (DOCTOR_ID,CLINIC_NAME,DATE_TIME,PERIOD) values ('23003','皮肤科诊室',to_date('04-9月 -23','DD-MON-RR'),1);
Insert into TEST_ACCOUNT.CONSULTATION_INFO (DOCTOR_ID,CLINIC_NAME,DATE_TIME,PERIOD) values ('23003','皮肤科诊室',to_date('04-9月 -23','DD-MON-RR'),2);
Insert into TEST_ACCOUNT.CONSULTATION_INFO (DOCTOR_ID,CLINIC_NAME,DATE_TIME,PERIOD) values ('23003','皮肤科诊室',to_date('04-9月 -23','DD-MON-RR'),3);
Insert into TEST_ACCOUNT.CONSULTATION_INFO (DOCTOR_ID,CLINIC_NAME,DATE_TIME,PERIOD) values ('23003','皮肤科诊室',to_date('04-9月 -23','DD-MON-RR'),4);
Insert into TEST_ACCOUNT.CONSULTATION_INFO (DOCTOR_ID,CLINIC_NAME,DATE_TIME,PERIOD) values ('23003','皮肤科诊室',to_date('04-9月 -23','DD-MON-RR'),5);
Insert into TEST_ACCOUNT.CONSULTATION_INFO (DOCTOR_ID,CLINIC_NAME,DATE_TIME,PERIOD) values ('23003','皮肤科诊室',to_date('04-9月 -23','DD-MON-RR'),6);
Insert into TEST_ACCOUNT.CONSULTATION_INFO (DOCTOR_ID,CLINIC_NAME,DATE_TIME,PERIOD) values ('23003','皮肤科诊室',to_date('04-9月 -23','DD-MON-RR'),7);
Insert into TEST_ACCOUNT.CONSULTATION_INFO (DOCTOR_ID,CLINIC_NAME,DATE_TIME,PERIOD) values ('23003','皮肤科诊室',to_date('06-9月 -23','DD-MON-RR'),1);
Insert into TEST_ACCOUNT.CONSULTATION_INFO (DOCTOR_ID,CLINIC_NAME,DATE_TIME,PERIOD) values ('23003','皮肤科诊室',to_date('06-9月 -23','DD-MON-RR'),2);
Insert into TEST_ACCOUNT.CONSULTATION_INFO (DOCTOR_ID,CLINIC_NAME,DATE_TIME,PERIOD) values ('23003','皮肤科诊室',to_date('06-9月 -23','DD-MON-RR'),3);
Insert into TEST_ACCOUNT.CONSULTATION_INFO (DOCTOR_ID,CLINIC_NAME,DATE_TIME,PERIOD) values ('23003','皮肤科诊室',to_date('06-9月 -23','DD-MON-RR'),4);
Insert into TEST_ACCOUNT.CONSULTATION_INFO (DOCTOR_ID,CLINIC_NAME,DATE_TIME,PERIOD) values ('23003','皮肤科诊室',to_date('06-9月 -23','DD-MON-RR'),5);
Insert into TEST_ACCOUNT.CONSULTATION_INFO (DOCTOR_ID,CLINIC_NAME,DATE_TIME,PERIOD) values ('23003','皮肤科诊室',to_date('06-9月 -23','DD-MON-RR'),6);
Insert into TEST_ACCOUNT.CONSULTATION_INFO (DOCTOR_ID,CLINIC_NAME,DATE_TIME,PERIOD) values ('23003','皮肤科诊室',to_date('06-9月 -23','DD-MON-RR'),7);
Insert into TEST_ACCOUNT.CONSULTATION_INFO (DOCTOR_ID,CLINIC_NAME,DATE_TIME,PERIOD) values ('23003','皮肤科诊室',to_date('07-9月 -23','DD-MON-RR'),1);
Insert into TEST_ACCOUNT.CONSULTATION_INFO (DOCTOR_ID,CLINIC_NAME,DATE_TIME,PERIOD) values ('23003','皮肤科诊室',to_date('07-9月 -23','DD-MON-RR'),2);
Insert into TEST_ACCOUNT.CONSULTATION_INFO (DOCTOR_ID,CLINIC_NAME,DATE_TIME,PERIOD) values ('23003','皮肤科诊室',to_date('07-9月 -23','DD-MON-RR'),3);
Insert into TEST_ACCOUNT.CONSULTATION_INFO (DOCTOR_ID,CLINIC_NAME,DATE_TIME,PERIOD) values ('23003','皮肤科诊室',to_date('07-9月 -23','DD-MON-RR'),4);
Insert into TEST_ACCOUNT.CONSULTATION_INFO (DOCTOR_ID,CLINIC_NAME,DATE_TIME,PERIOD) values ('23003','皮肤科诊室',to_date('07-9月 -23','DD-MON-RR'),5);
Insert into TEST_ACCOUNT.CONSULTATION_INFO (DOCTOR_ID,CLINIC_NAME,DATE_TIME,PERIOD) values ('23003','皮肤科诊室',to_date('07-9月 -23','DD-MON-RR'),6);
Insert into TEST_ACCOUNT.CONSULTATION_INFO (DOCTOR_ID,CLINIC_NAME,DATE_TIME,PERIOD) values ('23003','皮肤科诊室',to_date('07-9月 -23','DD-MON-RR'),7);
Insert into TEST_ACCOUNT.CONSULTATION_INFO (DOCTOR_ID,CLINIC_NAME,DATE_TIME,PERIOD) values ('23003','皮肤科诊室',to_date('09-9月 -23','DD-MON-RR'),1);
Insert into TEST_ACCOUNT.CONSULTATION_INFO (DOCTOR_ID,CLINIC_NAME,DATE_TIME,PERIOD) values ('23003','皮肤科诊室',to_date('09-9月 -23','DD-MON-RR'),2);
Insert into TEST_ACCOUNT.CONSULTATION_INFO (DOCTOR_ID,CLINIC_NAME,DATE_TIME,PERIOD) values ('23003','皮肤科诊室',to_date('09-9月 -23','DD-MON-RR'),3);
Insert into TEST_ACCOUNT.CONSULTATION_INFO (DOCTOR_ID,CLINIC_NAME,DATE_TIME,PERIOD) values ('23003','皮肤科诊室',to_date('09-9月 -23','DD-MON-RR'),4);
Insert into TEST_ACCOUNT.CONSULTATION_INFO (DOCTOR_ID,CLINIC_NAME,DATE_TIME,PERIOD) values ('23003','皮肤科诊室',to_date('09-9月 -23','DD-MON-RR'),5);
Insert into TEST_ACCOUNT.CONSULTATION_INFO (DOCTOR_ID,CLINIC_NAME,DATE_TIME,PERIOD) values ('23003','皮肤科诊室',to_date('09-9月 -23','DD-MON-RR'),6);
Insert into TEST_ACCOUNT.CONSULTATION_INFO (DOCTOR_ID,CLINIC_NAME,DATE_TIME,PERIOD) values ('23003','皮肤科诊室',to_date('09-9月 -23','DD-MON-RR'),7);
Insert into TEST_ACCOUNT.CONSULTATION_INFO (DOCTOR_ID,CLINIC_NAME,DATE_TIME,PERIOD) values ('23003','皮肤科诊室',to_date('10-9月 -23','DD-MON-RR'),1);
Insert into TEST_ACCOUNT.CONSULTATION_INFO (DOCTOR_ID,CLINIC_NAME,DATE_TIME,PERIOD) values ('23003','皮肤科诊室',to_date('10-9月 -23','DD-MON-RR'),2);
Insert into TEST_ACCOUNT.CONSULTATION_INFO (DOCTOR_ID,CLINIC_NAME,DATE_TIME,PERIOD) values ('23003','皮肤科诊室',to_date('10-9月 -23','DD-MON-RR'),3);
Insert into TEST_ACCOUNT.CONSULTATION_INFO (DOCTOR_ID,CLINIC_NAME,DATE_TIME,PERIOD) values ('23003','皮肤科诊室',to_date('10-9月 -23','DD-MON-RR'),4);
Insert into TEST_ACCOUNT.CONSULTATION_INFO (DOCTOR_ID,CLINIC_NAME,DATE_TIME,PERIOD) values ('23003','皮肤科诊室',to_date('10-9月 -23','DD-MON-RR'),5);
Insert into TEST_ACCOUNT.CONSULTATION_INFO (DOCTOR_ID,CLINIC_NAME,DATE_TIME,PERIOD) values ('23003','皮肤科诊室',to_date('10-9月 -23','DD-MON-RR'),6);
Insert into TEST_ACCOUNT.CONSULTATION_INFO (DOCTOR_ID,CLINIC_NAME,DATE_TIME,PERIOD) values ('23003','皮肤科诊室',to_date('10-9月 -23','DD-MON-RR'),7);
Insert into TEST_ACCOUNT.CONSULTATION_INFO (DOCTOR_ID,CLINIC_NAME,DATE_TIME,PERIOD) values ('23003','皮肤科诊室',to_date('11-9月 -23','DD-MON-RR'),1);
Insert into TEST_ACCOUNT.CONSULTATION_INFO (DOCTOR_ID,CLINIC_NAME,DATE_TIME,PERIOD) values ('23003','皮肤科诊室',to_date('11-9月 -23','DD-MON-RR'),2);
Insert into TEST_ACCOUNT.CONSULTATION_INFO (DOCTOR_ID,CLINIC_NAME,DATE_TIME,PERIOD) values ('23003','皮肤科诊室',to_date('11-9月 -23','DD-MON-RR'),3);
Insert into TEST_ACCOUNT.CONSULTATION_INFO (DOCTOR_ID,CLINIC_NAME,DATE_TIME,PERIOD) values ('23003','皮肤科诊室',to_date('11-9月 -23','DD-MON-RR'),4);
Insert into TEST_ACCOUNT.CONSULTATION_INFO (DOCTOR_ID,CLINIC_NAME,DATE_TIME,PERIOD) values ('23003','皮肤科诊室',to_date('11-9月 -23','DD-MON-RR'),5);
Insert into TEST_ACCOUNT.CONSULTATION_INFO (DOCTOR_ID,CLINIC_NAME,DATE_TIME,PERIOD) values ('23003','皮肤科诊室',to_date('11-9月 -23','DD-MON-RR'),6);
Insert into TEST_ACCOUNT.CONSULTATION_INFO (DOCTOR_ID,CLINIC_NAME,DATE_TIME,PERIOD) values ('23003','皮肤科诊室',to_date('11-9月 -23','DD-MON-RR'),7);
Insert into TEST_ACCOUNT.CONSULTATION_INFO (DOCTOR_ID,CLINIC_NAME,DATE_TIME,PERIOD) values ('23003','皮肤科诊室',to_date('12-9月 -23','DD-MON-RR'),1);
Insert into TEST_ACCOUNT.CONSULTATION_INFO (DOCTOR_ID,CLINIC_NAME,DATE_TIME,PERIOD) values ('23003','皮肤科诊室',to_date('12-9月 -23','DD-MON-RR'),2);
Insert into TEST_ACCOUNT.CONSULTATION_INFO (DOCTOR_ID,CLINIC_NAME,DATE_TIME,PERIOD) values ('23003','皮肤科诊室',to_date('12-9月 -23','DD-MON-RR'),3);
Insert into TEST_ACCOUNT.CONSULTATION_INFO (DOCTOR_ID,CLINIC_NAME,DATE_TIME,PERIOD) values ('23003','皮肤科诊室',to_date('12-9月 -23','DD-MON-RR'),4);
Insert into TEST_ACCOUNT.CONSULTATION_INFO (DOCTOR_ID,CLINIC_NAME,DATE_TIME,PERIOD) values ('23003','皮肤科诊室',to_date('12-9月 -23','DD-MON-RR'),5);
Insert into TEST_ACCOUNT.CONSULTATION_INFO (DOCTOR_ID,CLINIC_NAME,DATE_TIME,PERIOD) values ('23003','皮肤科诊室',to_date('12-9月 -23','DD-MON-RR'),6);
Insert into TEST_ACCOUNT.CONSULTATION_INFO (DOCTOR_ID,CLINIC_NAME,DATE_TIME,PERIOD) values ('23003','皮肤科诊室',to_date('12-9月 -23','DD-MON-RR'),7);
Insert into TEST_ACCOUNT.CONSULTATION_INFO (DOCTOR_ID,CLINIC_NAME,DATE_TIME,PERIOD) values ('23003','皮肤科诊室',to_date('13-9月 -23','DD-MON-RR'),1);
Insert into TEST_ACCOUNT.CONSULTATION_INFO (DOCTOR_ID,CLINIC_NAME,DATE_TIME,PERIOD) values ('23003','皮肤科诊室',to_date('13-9月 -23','DD-MON-RR'),2);
Insert into TEST_ACCOUNT.CONSULTATION_INFO (DOCTOR_ID,CLINIC_NAME,DATE_TIME,PERIOD) values ('23003','皮肤科诊室',to_date('13-9月 -23','DD-MON-RR'),3);
Insert into TEST_ACCOUNT.CONSULTATION_INFO (DOCTOR_ID,CLINIC_NAME,DATE_TIME,PERIOD) values ('23003','皮肤科诊室',to_date('13-9月 -23','DD-MON-RR'),4);
Insert into TEST_ACCOUNT.CONSULTATION_INFO (DOCTOR_ID,CLINIC_NAME,DATE_TIME,PERIOD) values ('23003','皮肤科诊室',to_date('13-9月 -23','DD-MON-RR'),5);
Insert into TEST_ACCOUNT.CONSULTATION_INFO (DOCTOR_ID,CLINIC_NAME,DATE_TIME,PERIOD) values ('23003','皮肤科诊室',to_date('13-9月 -23','DD-MON-RR'),6);
Insert into TEST_ACCOUNT.CONSULTATION_INFO (DOCTOR_ID,CLINIC_NAME,DATE_TIME,PERIOD) values ('23003','皮肤科诊室',to_date('13-9月 -23','DD-MON-RR'),7);
Insert into TEST_ACCOUNT.CONSULTATION_INFO (DOCTOR_ID,CLINIC_NAME,DATE_TIME,PERIOD) values ('23003','皮肤科诊室',to_date('14-9月 -23','DD-MON-RR'),1);
Insert into TEST_ACCOUNT.CONSULTATION_INFO (DOCTOR_ID,CLINIC_NAME,DATE_TIME,PERIOD) values ('23003','皮肤科诊室',to_date('14-9月 -23','DD-MON-RR'),2);
Insert into TEST_ACCOUNT.CONSULTATION_INFO (DOCTOR_ID,CLINIC_NAME,DATE_TIME,PERIOD) values ('23003','皮肤科诊室',to_date('14-9月 -23','DD-MON-RR'),3);
Insert into TEST_ACCOUNT.CONSULTATION_INFO (DOCTOR_ID,CLINIC_NAME,DATE_TIME,PERIOD) values ('23003','皮肤科诊室',to_date('14-9月 -23','DD-MON-RR'),4);
Insert into TEST_ACCOUNT.CONSULTATION_INFO (DOCTOR_ID,CLINIC_NAME,DATE_TIME,PERIOD) values ('23003','皮肤科诊室',to_date('14-9月 -23','DD-MON-RR'),5);
Insert into TEST_ACCOUNT.CONSULTATION_INFO (DOCTOR_ID,CLINIC_NAME,DATE_TIME,PERIOD) values ('23003','皮肤科诊室',to_date('14-9月 -23','DD-MON-RR'),6);
Insert into TEST_ACCOUNT.CONSULTATION_INFO (DOCTOR_ID,CLINIC_NAME,DATE_TIME,PERIOD) values ('23003','皮肤科诊室',to_date('14-9月 -23','DD-MON-RR'),7);
Insert into TEST_ACCOUNT.CONSULTATION_INFO (DOCTOR_ID,CLINIC_NAME,DATE_TIME,PERIOD) values ('23013','中医科诊室',to_date('13-9月 -23','DD-MON-RR'),1);
Insert into TEST_ACCOUNT.CONSULTATION_INFO (DOCTOR_ID,CLINIC_NAME,DATE_TIME,PERIOD) values ('23013','中医科诊室',to_date('13-9月 -23','DD-MON-RR'),2);
Insert into TEST_ACCOUNT.CONSULTATION_INFO (DOCTOR_ID,CLINIC_NAME,DATE_TIME,PERIOD) values ('23013','中医科诊室',to_date('13-9月 -23','DD-MON-RR'),3);
Insert into TEST_ACCOUNT.CONSULTATION_INFO (DOCTOR_ID,CLINIC_NAME,DATE_TIME,PERIOD) values ('23013','中医科诊室',to_date('13-9月 -23','DD-MON-RR'),4);
Insert into TEST_ACCOUNT.CONSULTATION_INFO (DOCTOR_ID,CLINIC_NAME,DATE_TIME,PERIOD) values ('23013','中医科诊室',to_date('13-9月 -23','DD-MON-RR'),5);
Insert into TEST_ACCOUNT.CONSULTATION_INFO (DOCTOR_ID,CLINIC_NAME,DATE_TIME,PERIOD) values ('23013','中医科诊室',to_date('13-9月 -23','DD-MON-RR'),6);
Insert into TEST_ACCOUNT.CONSULTATION_INFO (DOCTOR_ID,CLINIC_NAME,DATE_TIME,PERIOD) values ('23013','中医科诊室',to_date('14-9月 -23','DD-MON-RR'),1);
Insert into TEST_ACCOUNT.CONSULTATION_INFO (DOCTOR_ID,CLINIC_NAME,DATE_TIME,PERIOD) values ('23013','中医科诊室',to_date('14-9月 -23','DD-MON-RR'),2);
Insert into TEST_ACCOUNT.CONSULTATION_INFO (DOCTOR_ID,CLINIC_NAME,DATE_TIME,PERIOD) values ('23013','中医科诊室',to_date('14-9月 -23','DD-MON-RR'),3);
Insert into TEST_ACCOUNT.CONSULTATION_INFO (DOCTOR_ID,CLINIC_NAME,DATE_TIME,PERIOD) values ('23013','中医科诊室',to_date('14-9月 -23','DD-MON-RR'),4);
Insert into TEST_ACCOUNT.CONSULTATION_INFO (DOCTOR_ID,CLINIC_NAME,DATE_TIME,PERIOD) values ('23013','中医科诊室',to_date('14-9月 -23','DD-MON-RR'),5);
Insert into TEST_ACCOUNT.CONSULTATION_INFO (DOCTOR_ID,CLINIC_NAME,DATE_TIME,PERIOD) values ('23013','中医科诊室',to_date('14-9月 -23','DD-MON-RR'),6);
Insert into TEST_ACCOUNT.CONSULTATION_INFO (DOCTOR_ID,CLINIC_NAME,DATE_TIME,PERIOD) values ('23013','中医科诊室',to_date('14-9月 -23','DD-MON-RR'),7);
Insert into TEST_ACCOUNT.CONSULTATION_INFO (DOCTOR_ID,CLINIC_NAME,DATE_TIME,PERIOD) values ('23013','中医科诊室',to_date('15-9月 -23','DD-MON-RR'),1);
Insert into TEST_ACCOUNT.CONSULTATION_INFO (DOCTOR_ID,CLINIC_NAME,DATE_TIME,PERIOD) values ('23013','中医科诊室',to_date('15-9月 -23','DD-MON-RR'),2);
Insert into TEST_ACCOUNT.CONSULTATION_INFO (DOCTOR_ID,CLINIC_NAME,DATE_TIME,PERIOD) values ('23013','中医科诊室',to_date('15-9月 -23','DD-MON-RR'),3);
Insert into TEST_ACCOUNT.CONSULTATION_INFO (DOCTOR_ID,CLINIC_NAME,DATE_TIME,PERIOD) values ('23013','中医科诊室',to_date('15-9月 -23','DD-MON-RR'),4);
Insert into TEST_ACCOUNT.CONSULTATION_INFO (DOCTOR_ID,CLINIC_NAME,DATE_TIME,PERIOD) values ('23013','中医科诊室',to_date('15-9月 -23','DD-MON-RR'),5);
Insert into TEST_ACCOUNT.CONSULTATION_INFO (DOCTOR_ID,CLINIC_NAME,DATE_TIME,PERIOD) values ('23013','中医科诊室',to_date('15-9月 -23','DD-MON-RR'),6);
Insert into TEST_ACCOUNT.CONSULTATION_INFO (DOCTOR_ID,CLINIC_NAME,DATE_TIME,PERIOD) values ('23013','中医科诊室',to_date('15-9月 -23','DD-MON-RR'),7);
Insert into TEST_ACCOUNT.CONSULTATION_INFO (DOCTOR_ID,CLINIC_NAME,DATE_TIME,PERIOD) values ('23013','中医科诊室',to_date('16-9月 -23','DD-MON-RR'),1);
Insert into TEST_ACCOUNT.CONSULTATION_INFO (DOCTOR_ID,CLINIC_NAME,DATE_TIME,PERIOD) values ('23013','中医科诊室',to_date('16-9月 -23','DD-MON-RR'),2);
Insert into TEST_ACCOUNT.CONSULTATION_INFO (DOCTOR_ID,CLINIC_NAME,DATE_TIME,PERIOD) values ('23013','中医科诊室',to_date('16-9月 -23','DD-MON-RR'),3);
Insert into TEST_ACCOUNT.CONSULTATION_INFO (DOCTOR_ID,CLINIC_NAME,DATE_TIME,PERIOD) values ('23013','中医科诊室',to_date('16-9月 -23','DD-MON-RR'),4);
Insert into TEST_ACCOUNT.CONSULTATION_INFO (DOCTOR_ID,CLINIC_NAME,DATE_TIME,PERIOD) values ('23013','中医科诊室',to_date('16-9月 -23','DD-MON-RR'),5);
Insert into TEST_ACCOUNT.CONSULTATION_INFO (DOCTOR_ID,CLINIC_NAME,DATE_TIME,PERIOD) values ('23013','中医科诊室',to_date('16-9月 -23','DD-MON-RR'),6);
Insert into TEST_ACCOUNT.CONSULTATION_INFO (DOCTOR_ID,CLINIC_NAME,DATE_TIME,PERIOD) values ('23013','中医科诊室',to_date('16-9月 -23','DD-MON-RR'),7);
Insert into TEST_ACCOUNT.CONSULTATION_INFO (DOCTOR_ID,CLINIC_NAME,DATE_TIME,PERIOD) values ('23013','中医科诊室',to_date('17-9月 -23','DD-MON-RR'),1);
Insert into TEST_ACCOUNT.CONSULTATION_INFO (DOCTOR_ID,CLINIC_NAME,DATE_TIME,PERIOD) values ('23013','中医科诊室',to_date('17-9月 -23','DD-MON-RR'),2);
Insert into TEST_ACCOUNT.CONSULTATION_INFO (DOCTOR_ID,CLINIC_NAME,DATE_TIME,PERIOD) values ('23013','中医科诊室',to_date('17-9月 -23','DD-MON-RR'),3);
Insert into TEST_ACCOUNT.CONSULTATION_INFO (DOCTOR_ID,CLINIC_NAME,DATE_TIME,PERIOD) values ('23013','中医科诊室',to_date('17-9月 -23','DD-MON-RR'),4);
Insert into TEST_ACCOUNT.CONSULTATION_INFO (DOCTOR_ID,CLINIC_NAME,DATE_TIME,PERIOD) values ('23013','中医科诊室',to_date('17-9月 -23','DD-MON-RR'),5);
Insert into TEST_ACCOUNT.CONSULTATION_INFO (DOCTOR_ID,CLINIC_NAME,DATE_TIME,PERIOD) values ('23013','中医科诊室',to_date('17-9月 -23','DD-MON-RR'),6);
Insert into TEST_ACCOUNT.CONSULTATION_INFO (DOCTOR_ID,CLINIC_NAME,DATE_TIME,PERIOD) values ('23013','中医科诊室',to_date('17-9月 -23','DD-MON-RR'),7);
Insert into TEST_ACCOUNT.CONSULTATION_INFO (DOCTOR_ID,CLINIC_NAME,DATE_TIME,PERIOD) values ('23013','中医科诊室',to_date('18-9月 -23','DD-MON-RR'),1);
Insert into TEST_ACCOUNT.CONSULTATION_INFO (DOCTOR_ID,CLINIC_NAME,DATE_TIME,PERIOD) values ('23013','中医科诊室',to_date('18-9月 -23','DD-MON-RR'),2);
Insert into TEST_ACCOUNT.CONSULTATION_INFO (DOCTOR_ID,CLINIC_NAME,DATE_TIME,PERIOD) values ('23013','中医科诊室',to_date('18-9月 -23','DD-MON-RR'),3);
Insert into TEST_ACCOUNT.CONSULTATION_INFO (DOCTOR_ID,CLINIC_NAME,DATE_TIME,PERIOD) values ('23013','中医科诊室',to_date('18-9月 -23','DD-MON-RR'),4);
Insert into TEST_ACCOUNT.CONSULTATION_INFO (DOCTOR_ID,CLINIC_NAME,DATE_TIME,PERIOD) values ('23013','中医科诊室',to_date('18-9月 -23','DD-MON-RR'),5);
Insert into TEST_ACCOUNT.CONSULTATION_INFO (DOCTOR_ID,CLINIC_NAME,DATE_TIME,PERIOD) values ('23013','中医科诊室',to_date('18-9月 -23','DD-MON-RR'),6);
Insert into TEST_ACCOUNT.CONSULTATION_INFO (DOCTOR_ID,CLINIC_NAME,DATE_TIME,PERIOD) values ('23013','中医科诊室',to_date('18-9月 -23','DD-MON-RR'),7);
Insert into TEST_ACCOUNT.CONSULTATION_INFO (DOCTOR_ID,CLINIC_NAME,DATE_TIME,PERIOD) values ('23013','中医科诊室',to_date('19-9月 -23','DD-MON-RR'),2);
Insert into TEST_ACCOUNT.CONSULTATION_INFO (DOCTOR_ID,CLINIC_NAME,DATE_TIME,PERIOD) values ('23013','中医科诊室',to_date('19-9月 -23','DD-MON-RR'),3);
Insert into TEST_ACCOUNT.CONSULTATION_INFO (DOCTOR_ID,CLINIC_NAME,DATE_TIME,PERIOD) values ('23013','中医科诊室',to_date('19-9月 -23','DD-MON-RR'),4);
Insert into TEST_ACCOUNT.CONSULTATION_INFO (DOCTOR_ID,CLINIC_NAME,DATE_TIME,PERIOD) values ('23013','中医科诊室',to_date('19-9月 -23','DD-MON-RR'),5);
Insert into TEST_ACCOUNT.CONSULTATION_INFO (DOCTOR_ID,CLINIC_NAME,DATE_TIME,PERIOD) values ('23013','中医科诊室',to_date('19-9月 -23','DD-MON-RR'),6);
Insert into TEST_ACCOUNT.CONSULTATION_INFO (DOCTOR_ID,CLINIC_NAME,DATE_TIME,PERIOD) values ('23013','中医科诊室',to_date('19-9月 -23','DD-MON-RR'),7);
Insert into TEST_ACCOUNT.CONSULTATION_INFO (DOCTOR_ID,CLINIC_NAME,DATE_TIME,PERIOD) values ('23013','中医科诊室',to_date('20-9月 -23','DD-MON-RR'),3);
Insert into TEST_ACCOUNT.CONSULTATION_INFO (DOCTOR_ID,CLINIC_NAME,DATE_TIME,PERIOD) values ('23013','中医科诊室',to_date('20-9月 -23','DD-MON-RR'),4);
Insert into TEST_ACCOUNT.CONSULTATION_INFO (DOCTOR_ID,CLINIC_NAME,DATE_TIME,PERIOD) values ('23013','中医科诊室',to_date('20-9月 -23','DD-MON-RR'),5);
Insert into TEST_ACCOUNT.CONSULTATION_INFO (DOCTOR_ID,CLINIC_NAME,DATE_TIME,PERIOD) values ('23013','中医科诊室',to_date('20-9月 -23','DD-MON-RR'),6);
Insert into TEST_ACCOUNT.CONSULTATION_INFO (DOCTOR_ID,CLINIC_NAME,DATE_TIME,PERIOD) values ('23013','中医科诊室',to_date('20-9月 -23','DD-MON-RR'),7);
Insert into TEST_ACCOUNT.CONSULTATION_INFO (DOCTOR_ID,CLINIC_NAME,DATE_TIME,PERIOD) values ('23013','中医科诊室',to_date('21-9月 -23','DD-MON-RR'),4);
Insert into TEST_ACCOUNT.CONSULTATION_INFO (DOCTOR_ID,CLINIC_NAME,DATE_TIME,PERIOD) values ('23013','中医科诊室',to_date('21-9月 -23','DD-MON-RR'),5);
Insert into TEST_ACCOUNT.CONSULTATION_INFO (DOCTOR_ID,CLINIC_NAME,DATE_TIME,PERIOD) values ('23013','中医科诊室',to_date('21-9月 -23','DD-MON-RR'),6);
Insert into TEST_ACCOUNT.CONSULTATION_INFO (DOCTOR_ID,CLINIC_NAME,DATE_TIME,PERIOD) values ('23013','中医科诊室',to_date('21-9月 -23','DD-MON-RR'),7);
Insert into TEST_ACCOUNT.CONSULTATION_INFO (DOCTOR_ID,CLINIC_NAME,DATE_TIME,PERIOD) values ('23013','中医科诊室',to_date('22-9月 -23','DD-MON-RR'),5);
Insert into TEST_ACCOUNT.CONSULTATION_INFO (DOCTOR_ID,CLINIC_NAME,DATE_TIME,PERIOD) values ('23013','中医科诊室',to_date('22-9月 -23','DD-MON-RR'),6);
Insert into TEST_ACCOUNT.CONSULTATION_INFO (DOCTOR_ID,CLINIC_NAME,DATE_TIME,PERIOD) values ('23013','中医科诊室',to_date('22-9月 -23','DD-MON-RR'),7);
Insert into TEST_ACCOUNT.CONSULTATION_INFO (DOCTOR_ID,CLINIC_NAME,DATE_TIME,PERIOD) values ('23013','中医科诊室',to_date('23-9月 -23','DD-MON-RR'),6);
Insert into TEST_ACCOUNT.CONSULTATION_INFO (DOCTOR_ID,CLINIC_NAME,DATE_TIME,PERIOD) values ('23013','中医科诊室',to_date('23-9月 -23','DD-MON-RR'),7);
Insert into TEST_ACCOUNT.CONSULTATION_INFO (DOCTOR_ID,CLINIC_NAME,DATE_TIME,PERIOD) values ('23013','中医科诊室',to_date('24-9月 -23','DD-MON-RR'),7);
Insert into TEST_ACCOUNT.CONSULTATION_INFO (DOCTOR_ID,CLINIC_NAME,DATE_TIME,PERIOD) values ('23014','口腔科诊室1',to_date('08-9月 -23','DD-MON-RR'),1);
Insert into TEST_ACCOUNT.CONSULTATION_INFO (DOCTOR_ID,CLINIC_NAME,DATE_TIME,PERIOD) values ('23014','口腔科诊室1',to_date('09-9月 -23','DD-MON-RR'),1);
Insert into TEST_ACCOUNT.CONSULTATION_INFO (DOCTOR_ID,CLINIC_NAME,DATE_TIME,PERIOD) values ('23014','口腔科诊室1',to_date('09-9月 -23','DD-MON-RR'),2);
Insert into TEST_ACCOUNT.CONSULTATION_INFO (DOCTOR_ID,CLINIC_NAME,DATE_TIME,PERIOD) values ('23014','口腔科诊室1',to_date('10-9月 -23','DD-MON-RR'),1);
Insert into TEST_ACCOUNT.CONSULTATION_INFO (DOCTOR_ID,CLINIC_NAME,DATE_TIME,PERIOD) values ('23014','口腔科诊室1',to_date('10-9月 -23','DD-MON-RR'),2);
Insert into TEST_ACCOUNT.CONSULTATION_INFO (DOCTOR_ID,CLINIC_NAME,DATE_TIME,PERIOD) values ('23014','口腔科诊室1',to_date('10-9月 -23','DD-MON-RR'),3);
Insert into TEST_ACCOUNT.CONSULTATION_INFO (DOCTOR_ID,CLINIC_NAME,DATE_TIME,PERIOD) values ('23014','口腔科诊室1',to_date('11-9月 -23','DD-MON-RR'),1);
Insert into TEST_ACCOUNT.CONSULTATION_INFO (DOCTOR_ID,CLINIC_NAME,DATE_TIME,PERIOD) values ('23014','口腔科诊室1',to_date('11-9月 -23','DD-MON-RR'),2);
Insert into TEST_ACCOUNT.CONSULTATION_INFO (DOCTOR_ID,CLINIC_NAME,DATE_TIME,PERIOD) values ('23014','口腔科诊室1',to_date('11-9月 -23','DD-MON-RR'),3);
Insert into TEST_ACCOUNT.CONSULTATION_INFO (DOCTOR_ID,CLINIC_NAME,DATE_TIME,PERIOD) values ('23014','口腔科诊室1',to_date('11-9月 -23','DD-MON-RR'),4);
Insert into TEST_ACCOUNT.CONSULTATION_INFO (DOCTOR_ID,CLINIC_NAME,DATE_TIME,PERIOD) values ('23014','口腔科诊室1',to_date('12-9月 -23','DD-MON-RR'),1);
Insert into TEST_ACCOUNT.CONSULTATION_INFO (DOCTOR_ID,CLINIC_NAME,DATE_TIME,PERIOD) values ('23014','口腔科诊室1',to_date('12-9月 -23','DD-MON-RR'),2);
Insert into TEST_ACCOUNT.CONSULTATION_INFO (DOCTOR_ID,CLINIC_NAME,DATE_TIME,PERIOD) values ('23014','口腔科诊室1',to_date('12-9月 -23','DD-MON-RR'),3);
Insert into TEST_ACCOUNT.CONSULTATION_INFO (DOCTOR_ID,CLINIC_NAME,DATE_TIME,PERIOD) values ('23014','口腔科诊室1',to_date('12-9月 -23','DD-MON-RR'),4);
Insert into TEST_ACCOUNT.CONSULTATION_INFO (DOCTOR_ID,CLINIC_NAME,DATE_TIME,PERIOD) values ('23014','口腔科诊室1',to_date('12-9月 -23','DD-MON-RR'),5);
Insert into TEST_ACCOUNT.CONSULTATION_INFO (DOCTOR_ID,CLINIC_NAME,DATE_TIME,PERIOD) values ('23014','口腔科诊室1',to_date('13-9月 -23','DD-MON-RR'),1);
Insert into TEST_ACCOUNT.CONSULTATION_INFO (DOCTOR_ID,CLINIC_NAME,DATE_TIME,PERIOD) values ('23014','口腔科诊室1',to_date('13-9月 -23','DD-MON-RR'),2);
Insert into TEST_ACCOUNT.CONSULTATION_INFO (DOCTOR_ID,CLINIC_NAME,DATE_TIME,PERIOD) values ('23014','口腔科诊室1',to_date('13-9月 -23','DD-MON-RR'),3);
Insert into TEST_ACCOUNT.CONSULTATION_INFO (DOCTOR_ID,CLINIC_NAME,DATE_TIME,PERIOD) values ('23014','口腔科诊室1',to_date('13-9月 -23','DD-MON-RR'),4);
Insert into TEST_ACCOUNT.CONSULTATION_INFO (DOCTOR_ID,CLINIC_NAME,DATE_TIME,PERIOD) values ('23014','口腔科诊室1',to_date('13-9月 -23','DD-MON-RR'),5);
Insert into TEST_ACCOUNT.CONSULTATION_INFO (DOCTOR_ID,CLINIC_NAME,DATE_TIME,PERIOD) values ('23014','口腔科诊室1',to_date('13-9月 -23','DD-MON-RR'),6);
Insert into TEST_ACCOUNT.CONSULTATION_INFO (DOCTOR_ID,CLINIC_NAME,DATE_TIME,PERIOD) values ('23014','口腔科诊室1',to_date('14-9月 -23','DD-MON-RR'),1);
Insert into TEST_ACCOUNT.CONSULTATION_INFO (DOCTOR_ID,CLINIC_NAME,DATE_TIME,PERIOD) values ('23014','口腔科诊室1',to_date('14-9月 -23','DD-MON-RR'),2);
Insert into TEST_ACCOUNT.CONSULTATION_INFO (DOCTOR_ID,CLINIC_NAME,DATE_TIME,PERIOD) values ('23014','口腔科诊室1',to_date('14-9月 -23','DD-MON-RR'),3);
Insert into TEST_ACCOUNT.CONSULTATION_INFO (DOCTOR_ID,CLINIC_NAME,DATE_TIME,PERIOD) values ('23014','口腔科诊室1',to_date('14-9月 -23','DD-MON-RR'),4);
Insert into TEST_ACCOUNT.CONSULTATION_INFO (DOCTOR_ID,CLINIC_NAME,DATE_TIME,PERIOD) values ('23014','口腔科诊室1',to_date('14-9月 -23','DD-MON-RR'),5);
Insert into TEST_ACCOUNT.CONSULTATION_INFO (DOCTOR_ID,CLINIC_NAME,DATE_TIME,PERIOD) values ('23014','口腔科诊室1',to_date('14-9月 -23','DD-MON-RR'),6);
Insert into TEST_ACCOUNT.CONSULTATION_INFO (DOCTOR_ID,CLINIC_NAME,DATE_TIME,PERIOD) values ('23014','口腔科诊室1',to_date('14-9月 -23','DD-MON-RR'),7);
Insert into TEST_ACCOUNT.CONSULTATION_INFO (DOCTOR_ID,CLINIC_NAME,DATE_TIME,PERIOD) values ('23014','口腔科诊室1',to_date('15-9月 -23','DD-MON-RR'),1);
Insert into TEST_ACCOUNT.CONSULTATION_INFO (DOCTOR_ID,CLINIC_NAME,DATE_TIME,PERIOD) values ('23014','口腔科诊室1',to_date('15-9月 -23','DD-MON-RR'),2);
Insert into TEST_ACCOUNT.CONSULTATION_INFO (DOCTOR_ID,CLINIC_NAME,DATE_TIME,PERIOD) values ('23014','口腔科诊室1',to_date('15-9月 -23','DD-MON-RR'),3);
Insert into TEST_ACCOUNT.CONSULTATION_INFO (DOCTOR_ID,CLINIC_NAME,DATE_TIME,PERIOD) values ('23014','口腔科诊室1',to_date('15-9月 -23','DD-MON-RR'),4);
Insert into TEST_ACCOUNT.CONSULTATION_INFO (DOCTOR_ID,CLINIC_NAME,DATE_TIME,PERIOD) values ('23014','口腔科诊室1',to_date('15-9月 -23','DD-MON-RR'),5);
Insert into TEST_ACCOUNT.CONSULTATION_INFO (DOCTOR_ID,CLINIC_NAME,DATE_TIME,PERIOD) values ('23014','口腔科诊室1',to_date('15-9月 -23','DD-MON-RR'),6);
Insert into TEST_ACCOUNT.CONSULTATION_INFO (DOCTOR_ID,CLINIC_NAME,DATE_TIME,PERIOD) values ('23014','口腔科诊室1',to_date('15-9月 -23','DD-MON-RR'),7);
Insert into TEST_ACCOUNT.CONSULTATION_INFO (DOCTOR_ID,CLINIC_NAME,DATE_TIME,PERIOD) values ('23014','口腔科诊室1',to_date('16-9月 -23','DD-MON-RR'),1);
Insert into TEST_ACCOUNT.CONSULTATION_INFO (DOCTOR_ID,CLINIC_NAME,DATE_TIME,PERIOD) values ('23014','口腔科诊室1',to_date('16-9月 -23','DD-MON-RR'),2);
Insert into TEST_ACCOUNT.CONSULTATION_INFO (DOCTOR_ID,CLINIC_NAME,DATE_TIME,PERIOD) values ('23014','口腔科诊室1',to_date('16-9月 -23','DD-MON-RR'),3);
Insert into TEST_ACCOUNT.CONSULTATION_INFO (DOCTOR_ID,CLINIC_NAME,DATE_TIME,PERIOD) values ('23014','口腔科诊室1',to_date('16-9月 -23','DD-MON-RR'),4);
Insert into TEST_ACCOUNT.CONSULTATION_INFO (DOCTOR_ID,CLINIC_NAME,DATE_TIME,PERIOD) values ('23014','口腔科诊室1',to_date('16-9月 -23','DD-MON-RR'),5);
Insert into TEST_ACCOUNT.CONSULTATION_INFO (DOCTOR_ID,CLINIC_NAME,DATE_TIME,PERIOD) values ('23014','口腔科诊室1',to_date('16-9月 -23','DD-MON-RR'),6);
Insert into TEST_ACCOUNT.CONSULTATION_INFO (DOCTOR_ID,CLINIC_NAME,DATE_TIME,PERIOD) values ('23014','口腔科诊室1',to_date('16-9月 -23','DD-MON-RR'),7);
Insert into TEST_ACCOUNT.CONSULTATION_INFO (DOCTOR_ID,CLINIC_NAME,DATE_TIME,PERIOD) values ('23014','口腔科诊室1',to_date('17-9月 -23','DD-MON-RR'),1);
Insert into TEST_ACCOUNT.CONSULTATION_INFO (DOCTOR_ID,CLINIC_NAME,DATE_TIME,PERIOD) values ('23014','口腔科诊室1',to_date('17-9月 -23','DD-MON-RR'),2);
Insert into TEST_ACCOUNT.CONSULTATION_INFO (DOCTOR_ID,CLINIC_NAME,DATE_TIME,PERIOD) values ('23014','口腔科诊室1',to_date('17-9月 -23','DD-MON-RR'),3);
Insert into TEST_ACCOUNT.CONSULTATION_INFO (DOCTOR_ID,CLINIC_NAME,DATE_TIME,PERIOD) values ('23014','口腔科诊室1',to_date('17-9月 -23','DD-MON-RR'),4);
Insert into TEST_ACCOUNT.CONSULTATION_INFO (DOCTOR_ID,CLINIC_NAME,DATE_TIME,PERIOD) values ('23014','口腔科诊室1',to_date('17-9月 -23','DD-MON-RR'),5);
Insert into TEST_ACCOUNT.CONSULTATION_INFO (DOCTOR_ID,CLINIC_NAME,DATE_TIME,PERIOD) values ('23014','口腔科诊室1',to_date('17-9月 -23','DD-MON-RR'),6);
Insert into TEST_ACCOUNT.CONSULTATION_INFO (DOCTOR_ID,CLINIC_NAME,DATE_TIME,PERIOD) values ('23014','口腔科诊室1',to_date('17-9月 -23','DD-MON-RR'),7);
Insert into TEST_ACCOUNT.CONSULTATION_INFO (DOCTOR_ID,CLINIC_NAME,DATE_TIME,PERIOD) values ('23014','口腔科诊室1',to_date('18-9月 -23','DD-MON-RR'),1);
Insert into TEST_ACCOUNT.CONSULTATION_INFO (DOCTOR_ID,CLINIC_NAME,DATE_TIME,PERIOD) values ('23014','口腔科诊室1',to_date('18-9月 -23','DD-MON-RR'),2);
Insert into TEST_ACCOUNT.CONSULTATION_INFO (DOCTOR_ID,CLINIC_NAME,DATE_TIME,PERIOD) values ('23014','口腔科诊室1',to_date('18-9月 -23','DD-MON-RR'),3);
Insert into TEST_ACCOUNT.CONSULTATION_INFO (DOCTOR_ID,CLINIC_NAME,DATE_TIME,PERIOD) values ('23014','口腔科诊室1',to_date('18-9月 -23','DD-MON-RR'),4);
Insert into TEST_ACCOUNT.CONSULTATION_INFO (DOCTOR_ID,CLINIC_NAME,DATE_TIME,PERIOD) values ('23014','口腔科诊室1',to_date('18-9月 -23','DD-MON-RR'),5);
Insert into TEST_ACCOUNT.CONSULTATION_INFO (DOCTOR_ID,CLINIC_NAME,DATE_TIME,PERIOD) values ('23014','口腔科诊室1',to_date('18-9月 -23','DD-MON-RR'),6);
Insert into TEST_ACCOUNT.CONSULTATION_INFO (DOCTOR_ID,CLINIC_NAME,DATE_TIME,PERIOD) values ('23014','口腔科诊室1',to_date('18-9月 -23','DD-MON-RR'),7);
Insert into TEST_ACCOUNT.CONSULTATION_INFO (DOCTOR_ID,CLINIC_NAME,DATE_TIME,PERIOD) values ('23014','口腔科诊室1',to_date('19-9月 -23','DD-MON-RR'),2);
Insert into TEST_ACCOUNT.CONSULTATION_INFO (DOCTOR_ID,CLINIC_NAME,DATE_TIME,PERIOD) values ('23014','口腔科诊室1',to_date('19-9月 -23','DD-MON-RR'),3);
Insert into TEST_ACCOUNT.CONSULTATION_INFO (DOCTOR_ID,CLINIC_NAME,DATE_TIME,PERIOD) values ('23014','口腔科诊室1',to_date('19-9月 -23','DD-MON-RR'),4);
Insert into TEST_ACCOUNT.CONSULTATION_INFO (DOCTOR_ID,CLINIC_NAME,DATE_TIME,PERIOD) values ('23014','口腔科诊室1',to_date('19-9月 -23','DD-MON-RR'),5);
Insert into TEST_ACCOUNT.CONSULTATION_INFO (DOCTOR_ID,CLINIC_NAME,DATE_TIME,PERIOD) values ('23014','口腔科诊室1',to_date('19-9月 -23','DD-MON-RR'),6);
Insert into TEST_ACCOUNT.CONSULTATION_INFO (DOCTOR_ID,CLINIC_NAME,DATE_TIME,PERIOD) values ('23014','口腔科诊室1',to_date('19-9月 -23','DD-MON-RR'),7);
Insert into TEST_ACCOUNT.CONSULTATION_INFO (DOCTOR_ID,CLINIC_NAME,DATE_TIME,PERIOD) values ('23014','口腔科诊室1',to_date('20-9月 -23','DD-MON-RR'),3);
Insert into TEST_ACCOUNT.CONSULTATION_INFO (DOCTOR_ID,CLINIC_NAME,DATE_TIME,PERIOD) values ('23014','口腔科诊室1',to_date('20-9月 -23','DD-MON-RR'),4);
Insert into TEST_ACCOUNT.CONSULTATION_INFO (DOCTOR_ID,CLINIC_NAME,DATE_TIME,PERIOD) values ('23014','口腔科诊室1',to_date('20-9月 -23','DD-MON-RR'),5);
Insert into TEST_ACCOUNT.CONSULTATION_INFO (DOCTOR_ID,CLINIC_NAME,DATE_TIME,PERIOD) values ('23014','口腔科诊室1',to_date('20-9月 -23','DD-MON-RR'),6);
Insert into TEST_ACCOUNT.CONSULTATION_INFO (DOCTOR_ID,CLINIC_NAME,DATE_TIME,PERIOD) values ('23014','口腔科诊室1',to_date('20-9月 -23','DD-MON-RR'),7);
Insert into TEST_ACCOUNT.CONSULTATION_INFO (DOCTOR_ID,CLINIC_NAME,DATE_TIME,PERIOD) values ('23014','口腔科诊室1',to_date('21-9月 -23','DD-MON-RR'),4);
Insert into TEST_ACCOUNT.CONSULTATION_INFO (DOCTOR_ID,CLINIC_NAME,DATE_TIME,PERIOD) values ('23014','口腔科诊室1',to_date('21-9月 -23','DD-MON-RR'),5);
Insert into TEST_ACCOUNT.CONSULTATION_INFO (DOCTOR_ID,CLINIC_NAME,DATE_TIME,PERIOD) values ('23014','口腔科诊室1',to_date('21-9月 -23','DD-MON-RR'),6);
Insert into TEST_ACCOUNT.CONSULTATION_INFO (DOCTOR_ID,CLINIC_NAME,DATE_TIME,PERIOD) values ('23014','口腔科诊室1',to_date('21-9月 -23','DD-MON-RR'),7);
Insert into TEST_ACCOUNT.CONSULTATION_INFO (DOCTOR_ID,CLINIC_NAME,DATE_TIME,PERIOD) values ('23014','口腔科诊室1',to_date('22-9月 -23','DD-MON-RR'),5);
Insert into TEST_ACCOUNT.CONSULTATION_INFO (DOCTOR_ID,CLINIC_NAME,DATE_TIME,PERIOD) values ('23014','口腔科诊室1',to_date('22-9月 -23','DD-MON-RR'),6);
Insert into TEST_ACCOUNT.CONSULTATION_INFO (DOCTOR_ID,CLINIC_NAME,DATE_TIME,PERIOD) values ('23014','口腔科诊室1',to_date('22-9月 -23','DD-MON-RR'),7);
Insert into TEST_ACCOUNT.CONSULTATION_INFO (DOCTOR_ID,CLINIC_NAME,DATE_TIME,PERIOD) values ('23014','口腔科诊室1',to_date('23-9月 -23','DD-MON-RR'),6);
Insert into TEST_ACCOUNT.CONSULTATION_INFO (DOCTOR_ID,CLINIC_NAME,DATE_TIME,PERIOD) values ('23014','口腔科诊室1',to_date('23-9月 -23','DD-MON-RR'),7);
Insert into TEST_ACCOUNT.CONSULTATION_INFO (DOCTOR_ID,CLINIC_NAME,DATE_TIME,PERIOD) values ('23014','口腔科诊室1',to_date('24-9月 -23','DD-MON-RR'),7);
Insert into TEST_ACCOUNT.CONSULTATION_INFO (DOCTOR_ID,CLINIC_NAME,DATE_TIME,PERIOD) values ('23015','呼吸科诊室2',to_date('08-9月 -23','DD-MON-RR'),1);
Insert into TEST_ACCOUNT.CONSULTATION_INFO (DOCTOR_ID,CLINIC_NAME,DATE_TIME,PERIOD) values ('23015','呼吸科诊室2',to_date('09-9月 -23','DD-MON-RR'),1);
Insert into TEST_ACCOUNT.CONSULTATION_INFO (DOCTOR_ID,CLINIC_NAME,DATE_TIME,PERIOD) values ('23015','呼吸科诊室2',to_date('09-9月 -23','DD-MON-RR'),2);
Insert into TEST_ACCOUNT.CONSULTATION_INFO (DOCTOR_ID,CLINIC_NAME,DATE_TIME,PERIOD) values ('23015','呼吸科诊室2',to_date('10-9月 -23','DD-MON-RR'),1);
Insert into TEST_ACCOUNT.CONSULTATION_INFO (DOCTOR_ID,CLINIC_NAME,DATE_TIME,PERIOD) values ('23015','呼吸科诊室2',to_date('10-9月 -23','DD-MON-RR'),2);
Insert into TEST_ACCOUNT.CONSULTATION_INFO (DOCTOR_ID,CLINIC_NAME,DATE_TIME,PERIOD) values ('23015','呼吸科诊室2',to_date('10-9月 -23','DD-MON-RR'),3);
Insert into TEST_ACCOUNT.CONSULTATION_INFO (DOCTOR_ID,CLINIC_NAME,DATE_TIME,PERIOD) values ('23015','呼吸科诊室2',to_date('11-9月 -23','DD-MON-RR'),1);
Insert into TEST_ACCOUNT.CONSULTATION_INFO (DOCTOR_ID,CLINIC_NAME,DATE_TIME,PERIOD) values ('23015','呼吸科诊室2',to_date('11-9月 -23','DD-MON-RR'),2);
Insert into TEST_ACCOUNT.CONSULTATION_INFO (DOCTOR_ID,CLINIC_NAME,DATE_TIME,PERIOD) values ('23015','呼吸科诊室2',to_date('11-9月 -23','DD-MON-RR'),3);
Insert into TEST_ACCOUNT.CONSULTATION_INFO (DOCTOR_ID,CLINIC_NAME,DATE_TIME,PERIOD) values ('23015','呼吸科诊室2',to_date('11-9月 -23','DD-MON-RR'),4);
Insert into TEST_ACCOUNT.CONSULTATION_INFO (DOCTOR_ID,CLINIC_NAME,DATE_TIME,PERIOD) values ('23009','检验科窗口2',to_date('19-9月 -23','DD-MON-RR'),1);
Insert into TEST_ACCOUNT.CONSULTATION_INFO (DOCTOR_ID,CLINIC_NAME,DATE_TIME,PERIOD) values ('23009','检验科窗口2',to_date('19-9月 -23','DD-MON-RR'),2);
Insert into TEST_ACCOUNT.CONSULTATION_INFO (DOCTOR_ID,CLINIC_NAME,DATE_TIME,PERIOD) values ('23009','检验科窗口2',to_date('19-9月 -23','DD-MON-RR'),3);
Insert into TEST_ACCOUNT.CONSULTATION_INFO (DOCTOR_ID,CLINIC_NAME,DATE_TIME,PERIOD) values ('23009','检验科窗口2',to_date('19-9月 -23','DD-MON-RR'),4);
Insert into TEST_ACCOUNT.CONSULTATION_INFO (DOCTOR_ID,CLINIC_NAME,DATE_TIME,PERIOD) values ('23009','检验科窗口2',to_date('19-9月 -23','DD-MON-RR'),5);
Insert into TEST_ACCOUNT.CONSULTATION_INFO (DOCTOR_ID,CLINIC_NAME,DATE_TIME,PERIOD) values ('23009','检验科窗口2',to_date('19-9月 -23','DD-MON-RR'),6);
Insert into TEST_ACCOUNT.CONSULTATION_INFO (DOCTOR_ID,CLINIC_NAME,DATE_TIME,PERIOD) values ('23009','检验科窗口2',to_date('19-9月 -23','DD-MON-RR'),7);
Insert into TEST_ACCOUNT.CONSULTATION_INFO (DOCTOR_ID,CLINIC_NAME,DATE_TIME,PERIOD) values ('23009','检验科窗口2',to_date('20-9月 -23','DD-MON-RR'),1);
Insert into TEST_ACCOUNT.CONSULTATION_INFO (DOCTOR_ID,CLINIC_NAME,DATE_TIME,PERIOD) values ('23009','检验科窗口2',to_date('20-9月 -23','DD-MON-RR'),2);
Insert into TEST_ACCOUNT.CONSULTATION_INFO (DOCTOR_ID,CLINIC_NAME,DATE_TIME,PERIOD) values ('23009','检验科窗口2',to_date('20-9月 -23','DD-MON-RR'),3);
Insert into TEST_ACCOUNT.CONSULTATION_INFO (DOCTOR_ID,CLINIC_NAME,DATE_TIME,PERIOD) values ('23009','检验科窗口2',to_date('20-9月 -23','DD-MON-RR'),4);
Insert into TEST_ACCOUNT.CONSULTATION_INFO (DOCTOR_ID,CLINIC_NAME,DATE_TIME,PERIOD) values ('23009','检验科窗口2',to_date('20-9月 -23','DD-MON-RR'),5);
Insert into TEST_ACCOUNT.CONSULTATION_INFO (DOCTOR_ID,CLINIC_NAME,DATE_TIME,PERIOD) values ('23009','检验科窗口2',to_date('20-9月 -23','DD-MON-RR'),6);
Insert into TEST_ACCOUNT.CONSULTATION_INFO (DOCTOR_ID,CLINIC_NAME,DATE_TIME,PERIOD) values ('23009','检验科窗口2',to_date('20-9月 -23','DD-MON-RR'),7);
Insert into TEST_ACCOUNT.CONSULTATION_INFO (DOCTOR_ID,CLINIC_NAME,DATE_TIME,PERIOD) values ('23010','骨科诊室',to_date('08-9月 -23','DD-MON-RR'),1);
Insert into TEST_ACCOUNT.CONSULTATION_INFO (DOCTOR_ID,CLINIC_NAME,DATE_TIME,PERIOD) values ('23010','骨科诊室',to_date('08-9月 -23','DD-MON-RR'),2);
Insert into TEST_ACCOUNT.CONSULTATION_INFO (DOCTOR_ID,CLINIC_NAME,DATE_TIME,PERIOD) values ('23010','骨科诊室',to_date('08-9月 -23','DD-MON-RR'),3);
Insert into TEST_ACCOUNT.CONSULTATION_INFO (DOCTOR_ID,CLINIC_NAME,DATE_TIME,PERIOD) values ('23010','骨科诊室',to_date('08-9月 -23','DD-MON-RR'),4);
Insert into TEST_ACCOUNT.CONSULTATION_INFO (DOCTOR_ID,CLINIC_NAME,DATE_TIME,PERIOD) values ('23010','骨科诊室',to_date('08-9月 -23','DD-MON-RR'),5);
Insert into TEST_ACCOUNT.CONSULTATION_INFO (DOCTOR_ID,CLINIC_NAME,DATE_TIME,PERIOD) values ('23010','骨科诊室',to_date('08-9月 -23','DD-MON-RR'),6);
Insert into TEST_ACCOUNT.CONSULTATION_INFO (DOCTOR_ID,CLINIC_NAME,DATE_TIME,PERIOD) values ('23010','骨科诊室',to_date('08-9月 -23','DD-MON-RR'),7);
Insert into TEST_ACCOUNT.CONSULTATION_INFO (DOCTOR_ID,CLINIC_NAME,DATE_TIME,PERIOD) values ('23010','骨科诊室',to_date('09-9月 -23','DD-MON-RR'),1);
Insert into TEST_ACCOUNT.CONSULTATION_INFO (DOCTOR_ID,CLINIC_NAME,DATE_TIME,PERIOD) values ('23010','骨科诊室',to_date('09-9月 -23','DD-MON-RR'),2);
Insert into TEST_ACCOUNT.CONSULTATION_INFO (DOCTOR_ID,CLINIC_NAME,DATE_TIME,PERIOD) values ('23010','骨科诊室',to_date('09-9月 -23','DD-MON-RR'),3);
Insert into TEST_ACCOUNT.CONSULTATION_INFO (DOCTOR_ID,CLINIC_NAME,DATE_TIME,PERIOD) values ('23010','骨科诊室',to_date('09-9月 -23','DD-MON-RR'),4);
Insert into TEST_ACCOUNT.CONSULTATION_INFO (DOCTOR_ID,CLINIC_NAME,DATE_TIME,PERIOD) values ('23010','骨科诊室',to_date('09-9月 -23','DD-MON-RR'),5);
Insert into TEST_ACCOUNT.CONSULTATION_INFO (DOCTOR_ID,CLINIC_NAME,DATE_TIME,PERIOD) values ('23010','骨科诊室',to_date('09-9月 -23','DD-MON-RR'),6);
Insert into TEST_ACCOUNT.CONSULTATION_INFO (DOCTOR_ID,CLINIC_NAME,DATE_TIME,PERIOD) values ('23010','骨科诊室',to_date('09-9月 -23','DD-MON-RR'),7);
Insert into TEST_ACCOUNT.CONSULTATION_INFO (DOCTOR_ID,CLINIC_NAME,DATE_TIME,PERIOD) values ('23010','骨科诊室',to_date('10-9月 -23','DD-MON-RR'),1);
Insert into TEST_ACCOUNT.CONSULTATION_INFO (DOCTOR_ID,CLINIC_NAME,DATE_TIME,PERIOD) values ('23010','骨科诊室',to_date('10-9月 -23','DD-MON-RR'),2);
Insert into TEST_ACCOUNT.CONSULTATION_INFO (DOCTOR_ID,CLINIC_NAME,DATE_TIME,PERIOD) values ('23010','骨科诊室',to_date('10-9月 -23','DD-MON-RR'),3);
Insert into TEST_ACCOUNT.CONSULTATION_INFO (DOCTOR_ID,CLINIC_NAME,DATE_TIME,PERIOD) values ('23010','骨科诊室',to_date('10-9月 -23','DD-MON-RR'),4);
Insert into TEST_ACCOUNT.CONSULTATION_INFO (DOCTOR_ID,CLINIC_NAME,DATE_TIME,PERIOD) values ('23010','骨科诊室',to_date('10-9月 -23','DD-MON-RR'),5);
Insert into TEST_ACCOUNT.CONSULTATION_INFO (DOCTOR_ID,CLINIC_NAME,DATE_TIME,PERIOD) values ('23010','骨科诊室',to_date('10-9月 -23','DD-MON-RR'),6);
Insert into TEST_ACCOUNT.CONSULTATION_INFO (DOCTOR_ID,CLINIC_NAME,DATE_TIME,PERIOD) values ('23010','骨科诊室',to_date('10-9月 -23','DD-MON-RR'),7);
Insert into TEST_ACCOUNT.CONSULTATION_INFO (DOCTOR_ID,CLINIC_NAME,DATE_TIME,PERIOD) values ('23010','骨科诊室',to_date('11-9月 -23','DD-MON-RR'),1);
Insert into TEST_ACCOUNT.CONSULTATION_INFO (DOCTOR_ID,CLINIC_NAME,DATE_TIME,PERIOD) values ('23010','骨科诊室',to_date('11-9月 -23','DD-MON-RR'),2);
Insert into TEST_ACCOUNT.CONSULTATION_INFO (DOCTOR_ID,CLINIC_NAME,DATE_TIME,PERIOD) values ('23010','骨科诊室',to_date('11-9月 -23','DD-MON-RR'),3);
Insert into TEST_ACCOUNT.CONSULTATION_INFO (DOCTOR_ID,CLINIC_NAME,DATE_TIME,PERIOD) values ('23010','骨科诊室',to_date('11-9月 -23','DD-MON-RR'),4);
Insert into TEST_ACCOUNT.CONSULTATION_INFO (DOCTOR_ID,CLINIC_NAME,DATE_TIME,PERIOD) values ('23010','骨科诊室',to_date('11-9月 -23','DD-MON-RR'),5);
Insert into TEST_ACCOUNT.CONSULTATION_INFO (DOCTOR_ID,CLINIC_NAME,DATE_TIME,PERIOD) values ('23010','骨科诊室',to_date('11-9月 -23','DD-MON-RR'),6);
Insert into TEST_ACCOUNT.CONSULTATION_INFO (DOCTOR_ID,CLINIC_NAME,DATE_TIME,PERIOD) values ('23010','骨科诊室',to_date('11-9月 -23','DD-MON-RR'),7);
Insert into TEST_ACCOUNT.CONSULTATION_INFO (DOCTOR_ID,CLINIC_NAME,DATE_TIME,PERIOD) values ('23010','骨科诊室',to_date('14-9月 -23','DD-MON-RR'),1);
Insert into TEST_ACCOUNT.CONSULTATION_INFO (DOCTOR_ID,CLINIC_NAME,DATE_TIME,PERIOD) values ('23010','骨科诊室',to_date('14-9月 -23','DD-MON-RR'),2);
Insert into TEST_ACCOUNT.CONSULTATION_INFO (DOCTOR_ID,CLINIC_NAME,DATE_TIME,PERIOD) values ('23010','骨科诊室',to_date('14-9月 -23','DD-MON-RR'),3);
Insert into TEST_ACCOUNT.CONSULTATION_INFO (DOCTOR_ID,CLINIC_NAME,DATE_TIME,PERIOD) values ('23010','骨科诊室',to_date('14-9月 -23','DD-MON-RR'),4);
Insert into TEST_ACCOUNT.CONSULTATION_INFO (DOCTOR_ID,CLINIC_NAME,DATE_TIME,PERIOD) values ('23010','骨科诊室',to_date('14-9月 -23','DD-MON-RR'),5);
Insert into TEST_ACCOUNT.CONSULTATION_INFO (DOCTOR_ID,CLINIC_NAME,DATE_TIME,PERIOD) values ('23010','骨科诊室',to_date('14-9月 -23','DD-MON-RR'),6);
Insert into TEST_ACCOUNT.CONSULTATION_INFO (DOCTOR_ID,CLINIC_NAME,DATE_TIME,PERIOD) values ('23010','骨科诊室',to_date('14-9月 -23','DD-MON-RR'),7);
Insert into TEST_ACCOUNT.CONSULTATION_INFO (DOCTOR_ID,CLINIC_NAME,DATE_TIME,PERIOD) values ('23010','骨科诊室',to_date('15-9月 -23','DD-MON-RR'),1);
Insert into TEST_ACCOUNT.CONSULTATION_INFO (DOCTOR_ID,CLINIC_NAME,DATE_TIME,PERIOD) values ('23010','骨科诊室',to_date('15-9月 -23','DD-MON-RR'),2);
Insert into TEST_ACCOUNT.CONSULTATION_INFO (DOCTOR_ID,CLINIC_NAME,DATE_TIME,PERIOD) values ('23010','骨科诊室',to_date('15-9月 -23','DD-MON-RR'),3);
Insert into TEST_ACCOUNT.CONSULTATION_INFO (DOCTOR_ID,CLINIC_NAME,DATE_TIME,PERIOD) values ('23010','骨科诊室',to_date('15-9月 -23','DD-MON-RR'),4);
Insert into TEST_ACCOUNT.CONSULTATION_INFO (DOCTOR_ID,CLINIC_NAME,DATE_TIME,PERIOD) values ('23010','骨科诊室',to_date('15-9月 -23','DD-MON-RR'),5);
Insert into TEST_ACCOUNT.CONSULTATION_INFO (DOCTOR_ID,CLINIC_NAME,DATE_TIME,PERIOD) values ('23010','骨科诊室',to_date('15-9月 -23','DD-MON-RR'),6);
Insert into TEST_ACCOUNT.CONSULTATION_INFO (DOCTOR_ID,CLINIC_NAME,DATE_TIME,PERIOD) values ('23010','骨科诊室',to_date('15-9月 -23','DD-MON-RR'),7);
Insert into TEST_ACCOUNT.CONSULTATION_INFO (DOCTOR_ID,CLINIC_NAME,DATE_TIME,PERIOD) values ('23010','骨科诊室',to_date('18-9月 -23','DD-MON-RR'),1);
Insert into TEST_ACCOUNT.CONSULTATION_INFO (DOCTOR_ID,CLINIC_NAME,DATE_TIME,PERIOD) values ('23010','骨科诊室',to_date('18-9月 -23','DD-MON-RR'),2);
Insert into TEST_ACCOUNT.CONSULTATION_INFO (DOCTOR_ID,CLINIC_NAME,DATE_TIME,PERIOD) values ('23010','骨科诊室',to_date('18-9月 -23','DD-MON-RR'),3);
Insert into TEST_ACCOUNT.CONSULTATION_INFO (DOCTOR_ID,CLINIC_NAME,DATE_TIME,PERIOD) values ('23010','骨科诊室',to_date('18-9月 -23','DD-MON-RR'),4);
Insert into TEST_ACCOUNT.CONSULTATION_INFO (DOCTOR_ID,CLINIC_NAME,DATE_TIME,PERIOD) values ('23010','骨科诊室',to_date('18-9月 -23','DD-MON-RR'),5);
Insert into TEST_ACCOUNT.CONSULTATION_INFO (DOCTOR_ID,CLINIC_NAME,DATE_TIME,PERIOD) values ('23010','骨科诊室',to_date('18-9月 -23','DD-MON-RR'),6);
Insert into TEST_ACCOUNT.CONSULTATION_INFO (DOCTOR_ID,CLINIC_NAME,DATE_TIME,PERIOD) values ('23010','骨科诊室',to_date('18-9月 -23','DD-MON-RR'),7);
Insert into TEST_ACCOUNT.CONSULTATION_INFO (DOCTOR_ID,CLINIC_NAME,DATE_TIME,PERIOD) values ('23010','骨科诊室',to_date('19-9月 -23','DD-MON-RR'),1);
Insert into TEST_ACCOUNT.CONSULTATION_INFO (DOCTOR_ID,CLINIC_NAME,DATE_TIME,PERIOD) values ('23010','骨科诊室',to_date('19-9月 -23','DD-MON-RR'),2);
Insert into TEST_ACCOUNT.CONSULTATION_INFO (DOCTOR_ID,CLINIC_NAME,DATE_TIME,PERIOD) values ('23010','骨科诊室',to_date('19-9月 -23','DD-MON-RR'),3);
Insert into TEST_ACCOUNT.CONSULTATION_INFO (DOCTOR_ID,CLINIC_NAME,DATE_TIME,PERIOD) values ('23010','骨科诊室',to_date('19-9月 -23','DD-MON-RR'),4);
Insert into TEST_ACCOUNT.CONSULTATION_INFO (DOCTOR_ID,CLINIC_NAME,DATE_TIME,PERIOD) values ('23010','骨科诊室',to_date('19-9月 -23','DD-MON-RR'),5);
Insert into TEST_ACCOUNT.CONSULTATION_INFO (DOCTOR_ID,CLINIC_NAME,DATE_TIME,PERIOD) values ('23010','骨科诊室',to_date('19-9月 -23','DD-MON-RR'),6);
Insert into TEST_ACCOUNT.CONSULTATION_INFO (DOCTOR_ID,CLINIC_NAME,DATE_TIME,PERIOD) values ('23010','骨科诊室',to_date('19-9月 -23','DD-MON-RR'),7);
Insert into TEST_ACCOUNT.CONSULTATION_INFO (DOCTOR_ID,CLINIC_NAME,DATE_TIME,PERIOD) values ('23010','骨科诊室',to_date('20-9月 -23','DD-MON-RR'),1);
Insert into TEST_ACCOUNT.CONSULTATION_INFO (DOCTOR_ID,CLINIC_NAME,DATE_TIME,PERIOD) values ('23010','骨科诊室',to_date('20-9月 -23','DD-MON-RR'),2);
Insert into TEST_ACCOUNT.CONSULTATION_INFO (DOCTOR_ID,CLINIC_NAME,DATE_TIME,PERIOD) values ('23010','骨科诊室',to_date('20-9月 -23','DD-MON-RR'),3);
Insert into TEST_ACCOUNT.CONSULTATION_INFO (DOCTOR_ID,CLINIC_NAME,DATE_TIME,PERIOD) values ('23010','骨科诊室',to_date('20-9月 -23','DD-MON-RR'),4);
Insert into TEST_ACCOUNT.CONSULTATION_INFO (DOCTOR_ID,CLINIC_NAME,DATE_TIME,PERIOD) values ('23010','骨科诊室',to_date('20-9月 -23','DD-MON-RR'),5);
Insert into TEST_ACCOUNT.CONSULTATION_INFO (DOCTOR_ID,CLINIC_NAME,DATE_TIME,PERIOD) values ('23010','骨科诊室',to_date('20-9月 -23','DD-MON-RR'),6);
Insert into TEST_ACCOUNT.CONSULTATION_INFO (DOCTOR_ID,CLINIC_NAME,DATE_TIME,PERIOD) values ('23010','骨科诊室',to_date('20-9月 -23','DD-MON-RR'),7);
Insert into TEST_ACCOUNT.CONSULTATION_INFO (DOCTOR_ID,CLINIC_NAME,DATE_TIME,PERIOD) values ('23011','呼吸科诊室1',to_date('08-9月 -23','DD-MON-RR'),1);
Insert into TEST_ACCOUNT.CONSULTATION_INFO (DOCTOR_ID,CLINIC_NAME,DATE_TIME,PERIOD) values ('23011','呼吸科诊室1',to_date('09-9月 -23','DD-MON-RR'),1);
Insert into TEST_ACCOUNT.CONSULTATION_INFO (DOCTOR_ID,CLINIC_NAME,DATE_TIME,PERIOD) values ('23011','呼吸科诊室1',to_date('09-9月 -23','DD-MON-RR'),2);
Insert into TEST_ACCOUNT.CONSULTATION_INFO (DOCTOR_ID,CLINIC_NAME,DATE_TIME,PERIOD) values ('23011','呼吸科诊室1',to_date('10-9月 -23','DD-MON-RR'),1);
Insert into TEST_ACCOUNT.CONSULTATION_INFO (DOCTOR_ID,CLINIC_NAME,DATE_TIME,PERIOD) values ('23011','呼吸科诊室1',to_date('10-9月 -23','DD-MON-RR'),2);
Insert into TEST_ACCOUNT.CONSULTATION_INFO (DOCTOR_ID,CLINIC_NAME,DATE_TIME,PERIOD) values ('23011','呼吸科诊室1',to_date('10-9月 -23','DD-MON-RR'),3);
REM INSERTING into TEST_ACCOUNT.CONSULTING_ROOM
SET DEFINE OFF;
Insert into TEST_ACCOUNT.CONSULTING_ROOM (CONSULTING_ROOM_NAME,CONSULTANT_CAPACITY) values ('消化内科诊室1',1);
Insert into TEST_ACCOUNT.CONSULTING_ROOM (CONSULTING_ROOM_NAME,CONSULTANT_CAPACITY) values ('消化内科诊室2',1);
Insert into TEST_ACCOUNT.CONSULTING_ROOM (CONSULTING_ROOM_NAME,CONSULTANT_CAPACITY) values ('检验科窗口1',1);
Insert into TEST_ACCOUNT.CONSULTING_ROOM (CONSULTING_ROOM_NAME,CONSULTANT_CAPACITY) values ('普通外科诊室',2);
Insert into TEST_ACCOUNT.CONSULTING_ROOM (CONSULTING_ROOM_NAME,CONSULTANT_CAPACITY) values ('急诊科诊室',5);
Insert into TEST_ACCOUNT.CONSULTING_ROOM (CONSULTING_ROOM_NAME,CONSULTANT_CAPACITY) values ('眼科诊室',2);
Insert into TEST_ACCOUNT.CONSULTING_ROOM (CONSULTING_ROOM_NAME,CONSULTANT_CAPACITY) values ('中医科诊室',2);
Insert into TEST_ACCOUNT.CONSULTING_ROOM (CONSULTING_ROOM_NAME,CONSULTANT_CAPACITY) values ('泌尿外科诊室',1);
Insert into TEST_ACCOUNT.CONSULTING_ROOM (CONSULTING_ROOM_NAME,CONSULTANT_CAPACITY) values ('心血管内科诊室',1);
Insert into TEST_ACCOUNT.CONSULTING_ROOM (CONSULTING_ROOM_NAME,CONSULTANT_CAPACITY) values ('口腔科诊室1',1);
Insert into TEST_ACCOUNT.CONSULTING_ROOM (CONSULTING_ROOM_NAME,CONSULTANT_CAPACITY) values ('口腔科诊室2',1);
Insert into TEST_ACCOUNT.CONSULTING_ROOM (CONSULTING_ROOM_NAME,CONSULTANT_CAPACITY) values ('呼吸科诊室1',2);
Insert into TEST_ACCOUNT.CONSULTING_ROOM (CONSULTING_ROOM_NAME,CONSULTANT_CAPACITY) values ('呼吸科诊室2',2);
Insert into TEST_ACCOUNT.CONSULTING_ROOM (CONSULTING_ROOM_NAME,CONSULTANT_CAPACITY) values ('内分泌科诊室',1);
Insert into TEST_ACCOUNT.CONSULTING_ROOM (CONSULTING_ROOM_NAME,CONSULTANT_CAPACITY) values ('神经内科诊室',2);
Insert into TEST_ACCOUNT.CONSULTING_ROOM (CONSULTING_ROOM_NAME,CONSULTANT_CAPACITY) values ('骨科诊室',1);
Insert into TEST_ACCOUNT.CONSULTING_ROOM (CONSULTING_ROOM_NAME,CONSULTANT_CAPACITY) values ('检验科窗口2',1);
Insert into TEST_ACCOUNT.CONSULTING_ROOM (CONSULTING_ROOM_NAME,CONSULTANT_CAPACITY) values ('内科诊室',2);
Insert into TEST_ACCOUNT.CONSULTING_ROOM (CONSULTING_ROOM_NAME,CONSULTANT_CAPACITY) values ('皮肤科诊室',3);
REM INSERTING into TEST_ACCOUNT.DEPARTMENT2
SET DEFINE OFF;
Insert into TEST_ACCOUNT.DEPARTMENT2 (DEPARTMENT_NAME,DEPARTMENT_DESCRIPTION) values ('皮肤科','我院皮肤科是同济大学皮肤病与性病专业医学博士、硕士学位授予点，2011年迁入新址，重新规划设置了符合标准的皮肤美容治疗室、激光治疗室、医学真菌室、皮肤病治疗室，独立收费挂号，宽敞明亮的就医环境吸引了众多的患者就诊。2012年科室成功入选同济医院特色学科群建设，立足上海，科室确定以皮肤美容和医学真菌作为学科发展重点方向，在院领导大力支持和新的学科带头人带领下，科室发展进入新一轮快速发展时期。');
Insert into TEST_ACCOUNT.DEPARTMENT2 (DEPARTMENT_NAME,DEPARTMENT_DESCRIPTION) values ('消化内科','同济大学附属同济医院消化内科是上海市临床重点专科、医院重点学科。科室由消化内科门诊、病房、内镜诊治中心、同济大学消化疾病研究所以及同济医院急性消化道出血救治中心组成。是国家药物临床试基地，住院医师和消化专科医师规范化培训基地，中国消化病学院内镜培训基地，教育部博士、硕士学位授予点、博士后流动站。学科经过多年的发展形成了肝脏疾病研究、食管胃肠动力研究、早期胃肠道肿瘤内镜下治疗、胰腺疾病和组织样本库研究等四个特色亚专科。医疗特色消化科病房分三个病区，核定床位92张，年门诊量12万人次，出院病人5500人次。');
Insert into TEST_ACCOUNT.DEPARTMENT2 (DEPARTMENT_NAME,DEPARTMENT_DESCRIPTION) values ('泌尿外科','泌尿外科是同济医院特色学科，教育部硕博士学位授予点，是具有国家药物临床试验资质的专业科室，住院医师规范化培训基地。拥有前列腺疾病、泌尿系结石、泌尿系肿瘤、尿道外科、泌尿生殖男科等 5 个亚学科。');
Insert into TEST_ACCOUNT.DEPARTMENT2 (DEPARTMENT_NAME,DEPARTMENT_DESCRIPTION) values ('心血管内科','心血管内科为上海市重点学科，首批国家心血管专科医师规范化培训基地，国家心血管疾病介入诊疗基层普及培训基地，国家卫健委人才中心心律失常诊疗培训基地，国家放射与治疗临床医学中心核心单位，中国胸痛中心，中国房颤中心，中国心衰中心，高血压达标中心和优化冠心病介入培训基地。拥有心血管重症监护、冠脉介入、心脏电生理起搏、心律失常消融治疗、结构性心脏病介入治疗、肺血管病介入治疗、心力衰竭、高血压、超声心动、无创心电检查和心脏康复等专业组，亚专科齐全，诊疗规范，在国内具有多项特色优势技术。倡导“以病人为中心，规范诊治”的科室文化。');
Insert into TEST_ACCOUNT.DEPARTMENT2 (DEPARTMENT_NAME,DEPARTMENT_DESCRIPTION) values ('口腔科','同济大学附属同济医院口腔科自1991年成立以来，经过几代人的不懈努力，目前发展为由口腔种植、口腔正畸、口腔外科、牙体牙髓病、牙周病、口腔修复、儿童口腔等多个亚专业组成，集医疗、科研、教学为一体的专业临床科室。科室技术力量雄厚，拥有一支工作严谨、爱岗敬业、临床诊疗经验丰富的人才队伍，科室除普通门诊外，还开设有牙周种植、口腔正畸、牙缺损缺失修复、儿童口腔疾病管理、舒适化口腔门诊等专家专病门诊。同济医院口腔科秉承“同舟济世，博医精诚”的精神，竭诚为广大患者提供优质服务。');
Insert into TEST_ACCOUNT.DEPARTMENT2 (DEPARTMENT_NAME,DEPARTMENT_DESCRIPTION) values ('中医科','同济大学附属同济医院中医科是具有特色的独立临床学科，科室不仅是上海市综合性医院示范中医科，也是上海市中医治疗白细胞减少症特色专科。');
Insert into TEST_ACCOUNT.DEPARTMENT2 (DEPARTMENT_NAME,DEPARTMENT_DESCRIPTION) values ('普通外科','同济医院普通外科是医院重点学科，国家首批住院医师和专科医师规范化培训基地，教育部硕士、博士学位授予单位。普通外科精细分为5个亚专业胃肠外科、肝胆胰外科、甲状腺外科、乳腺外科和血管外科，床位共134张，展开床位179张。');
Insert into TEST_ACCOUNT.DEPARTMENT2 (DEPARTMENT_NAME,DEPARTMENT_DESCRIPTION) values ('呼吸科','呼吸与危重症医学科是同济大学临床医学博士和硕士学位授予点、全国呼吸与危重症医学科专科医师规范化培养基地，全国呼吸与危重症医学科规范化建设三级优秀单位，上海市医学会呼吸病学分会副主任委员单位，是集医疗、教学、科研为一体的创新型现代化呼吸专科。拥有普通床位数60余张，RICU床位12张，负责全院及上海市西北部地区的危重患者抢救工作。年门诊量80000人次以上，年住院患者3000余人次');
Insert into TEST_ACCOUNT.DEPARTMENT2 (DEPARTMENT_NAME,DEPARTMENT_DESCRIPTION) values ('内分泌代谢科','同济医院内分泌代谢科，专科能力评价位居全市三甲医院前十，连续五届被评为医院重点学科。');
Insert into TEST_ACCOUNT.DEPARTMENT2 (DEPARTMENT_NAME,DEPARTMENT_DESCRIPTION) values ('急诊医学科','本科室诊疗范围包括急性心肌梗死、主动脉夹层、急性呼吸衰竭、休克、脓毒血症、心功能衰竭、脑血管意外、严重创伤、呼吸心跳骤停及其他急危重症。 ');
Insert into TEST_ACCOUNT.DEPARTMENT2 (DEPARTMENT_NAME,DEPARTMENT_DESCRIPTION) values ('眼科','医疗特色： 同济医院眼科各亚专科齐全，为广大患者提供最佳的医疗服务。 科室手术理念是眼球整体观、眼与全身整体观的重视，是国内少有能开展复杂眼前后节联合手术的机构。');
Insert into TEST_ACCOUNT.DEPARTMENT2 (DEPARTMENT_NAME,DEPARTMENT_DESCRIPTION) values ('内科','内科学是医学领域的一个重要分支，专注于诊断、治疗和管理成人患者的各种内部疾病和疾病情况。本医院的内科医生均为985高校毕业生，医生了解身体各个系统的工作原理和如何应对与这些系统相关的各种疾病和疾病。');
Insert into TEST_ACCOUNT.DEPARTMENT2 (DEPARTMENT_NAME,DEPARTMENT_DESCRIPTION) values ('神经内科','神经内科是同济大学附属同济医院特色学科，国家卫生计生委脑卒中防治工程“高级卒中中心”、中国卒中学会“综合卒中中心”、国家卫健委“高级认知中心”、全国“头痛中心”、上海市住院医师规范化培训及神经内科专科医师培训基地、上海市神经内科质量控制中心专家组成员单位、神经病学博士和硕士学位授予点。');
Insert into TEST_ACCOUNT.DEPARTMENT2 (DEPARTMENT_NAME,DEPARTMENT_DESCRIPTION) values ('骨科','骨科是同济大学985、211工程重点建设学科，上海市重中之重重点建设学科，上海市重点专科，上海市一流学科B类建设计划主干学科，国家药物临床试验机构，国家住院医师与专科医师规范化培训基地，同济大学硕士、博士学位点，医院重点建设学科。建有脊柱外科、足踝外科、 关节外科以及创伤与骨肿瘤外科4个亚专科。拥有脊柱脊髓损伤再生修复教育部重点实验室、国家科技部重点领域创新团队。');
Insert into TEST_ACCOUNT.DEPARTMENT2 (DEPARTMENT_NAME,DEPARTMENT_DESCRIPTION) values ('检验科','上海市同济医院检验科是上海市医学会检验医学分会副主任委员单位、上海市公共卫生第四轮和第五轮三年行动计划重点建设学科、上海市同济医院特色学科。科室设有临床门急诊检验、临床生化检验，临床免疫检验、临床微生物检验、临床分子诊断5个亚专业。');
REM INSERTING into TEST_ACCOUNT.DOCTOR
SET DEFINE OFF;
Insert into TEST_ACCOUNT.DOCTOR (DOCTOR_ID,NAME,GENDER,BIRTHDATE,TITLE,CONTACT,SECONDARY_DEPARTMENT,PHOTOURL,PASSWORD,SKILLEDIN) values ('23002','祖雄兵',0,to_date('11-7月 -83','DD-MON-RR'),'主任医师','15565435678','泌尿外科','https://www.xiangya.com.cn/upload/images/2022/1/2e1d7ff02e9b5c49.jpg','000003','泌尿生殖疾病诊疗湖南省工程实验室常务副主任、湖南省青年骨干教师、225高层次卫生人才、121创新人才');
Insert into TEST_ACCOUNT.DOCTOR (DOCTOR_ID,NAME,GENDER,BIRTHDATE,TITLE,CONTACT,SECONDARY_DEPARTMENT,PHOTOURL,PASSWORD,SKILLEDIN) values ('23004','李捷',0,null,'主任医师','13345678966','内科','https://www.xiangya.com.cn/upload/images/2021/1/2be4e4bed116da45.png','382969','擅长诊断、治疗和管理广泛的成年患者疾病，包括心血管、呼吸、消化、内分泌、免疫系统等各方面的疾病，以提供全面的内部医疗护理和预防健康建议。');
Insert into TEST_ACCOUNT.DOCTOR (DOCTOR_ID,NAME,GENDER,BIRTHDATE,TITLE,CONTACT,SECONDARY_DEPARTMENT,PHOTOURL,PASSWORD,SKILLEDIN) values ('23005','张桂英',0,null,'主任医师',null,'消化内科','https://www.xiangya.com.cn/upload/images/2021/8/ba4dfb66a109d62f.jpg','634396','长期致力于消化道肿瘤的基础与临床研究，幽门螺杆菌相关疾病的研究。');
Insert into TEST_ACCOUNT.DOCTOR (DOCTOR_ID,NAME,GENDER,BIRTHDATE,TITLE,CONTACT,SECONDARY_DEPARTMENT,PHOTOURL,PASSWORD,SKILLEDIN) values ('23006','彭杰',1,null,'主任医师',null,'消化内科','https://www.xiangya.com.cn/upload/images/2021/8/4d77886a03e779eb.jpg','183003','擅长胰腺疾病等消化系统疑难病的诊治，及超声内镜等消化内镜的诊疗操作。');
Insert into TEST_ACCOUNT.DOCTOR (DOCTOR_ID,NAME,GENDER,BIRTHDATE,TITLE,CONTACT,SECONDARY_DEPARTMENT,PHOTOURL,PASSWORD,SKILLEDIN) values ('23009','李冬',1,null,'主任技师',null,'检验科','https://www.tongjihospital.com.cn/api/files/2538/2023.02.8069f89262ca45e5a406b7b78e04bf86','000002','检验科在李冬的带领下，秉着服务临床、服务患者的管理理念，狠抓科室的学科建设，将科室带上了一条临床和科研并重的可持续发展道路。');
Insert into TEST_ACCOUNT.DOCTOR (DOCTOR_ID,NAME,GENDER,BIRTHDATE,TITLE,CONTACT,SECONDARY_DEPARTMENT,PHOTOURL,PASSWORD,SKILLEDIN) values ('23010','程黎明',1,to_date('11-7月 -83','DD-MON-RR'),'主任医师','15565435678','骨科','https://www.tongjihospital.com.cn/api/files/2659/2023.02.33539ef3a19e4b52bccc8af67bf67f3c','539838','围绕脊柱脊髓损伤构建了“脊柱脊髓损伤再生与修复团队”，提出“手术微创化、护理精细化、康复全程化”新理念，构建“外科与康复一体化”的国内领先脊柱专科模式。');
Insert into TEST_ACCOUNT.DOCTOR (DOCTOR_ID,NAME,GENDER,BIRTHDATE,TITLE,CONTACT,SECONDARY_DEPARTMENT,PHOTOURL,PASSWORD,SKILLEDIN) values ('23011','邱忠民',1,null,'主任医师','18987654356','呼吸科','https://www.tongjihospital.com.cn/api/files/2681/2023.02.896671fa996f4c8e9bb6625a97a27f7c','023011','擅长慢性咳嗽尤其是难治性慢性咳嗽和胃食管反流性咳嗽的诊治');
Insert into TEST_ACCOUNT.DOCTOR (DOCTOR_ID,NAME,GENDER,BIRTHDATE,TITLE,CONTACT,SECONDARY_DEPARTMENT,PHOTOURL,PASSWORD,SKILLEDIN) values ('23012','王新军',1,null,'副主任医师','15582739203','口腔科','https://www.tongjihospital.com.cn/api/files/2709/2023.02.3a8bf245974742a1b210a825c8fc98aa','023012','口腔颌面外科门诊手术：包括口腔颌面部门诊手术，各种拔牙术及其它牙槽外科手术。');
Insert into TEST_ACCOUNT.DOCTOR (DOCTOR_ID,NAME,GENDER,BIRTHDATE,TITLE,CONTACT,SECONDARY_DEPARTMENT,PHOTOURL,PASSWORD,SKILLEDIN) values ('23013','沈群',1,null,'副主任医师','18672930303','中医科','https://www.tongjihospital.com.cn/api/files/2590/2023.02.0bdd541ecb4348a5a4d9fca36c8abf8e','023013','长期从事门诊针灸工作，常见病颈肩腰腿痛等针灸有明显疗效。对于面瘫，中风后遗症，头疼，眩晕，失眠，胃肠疾病，妇科疾患等采用针灸加中医调理拥有丰富的诊疗经验。');
Insert into TEST_ACCOUNT.DOCTOR (DOCTOR_ID,NAME,GENDER,BIRTHDATE,TITLE,CONTACT,SECONDARY_DEPARTMENT,PHOTOURL,PASSWORD,SKILLEDIN) values ('23014','米君国',1,null,'副主任医师','15625637485','口腔科','https://www.tongjihospital.com.cn/api/files/2706/2023.02.5090806b6a3d497fa973e41b4f287295','023014','擅长各种错合畸形的诊治，熟练掌握方丝弓、直丝弓技术、自锁技术以及隐形矫治技术。');
Insert into TEST_ACCOUNT.DOCTOR (DOCTOR_ID,NAME,GENDER,BIRTHDATE,TITLE,CONTACT,SECONDARY_DEPARTMENT,PHOTOURL,PASSWORD,SKILLEDIN) values ('23015','张惠兰',0,null,'主任医师','17392837465','呼吸科','https://www.tjh.com.cn/images/outpatient_doctor/doctor_clip.png','023015','间质性肺病、哮喘、慢性阻塞性肺疾病、呼吸衰竭、肺癌、支气管扩张、肺部感染');
Insert into TEST_ACCOUNT.DOCTOR (DOCTOR_ID,NAME,GENDER,BIRTHDATE,TITLE,CONTACT,SECONDARY_DEPARTMENT,PHOTOURL,PASSWORD,SKILLEDIN) values ('23016','马德琳',0,null,'副主任医师','13309584390','内分泌代谢科','https://www.tjh.com.cn/images/outpatient_doctor/doctor_clip.png','023016','擅长各种内分泌及代谢疾病的诊治，尤其是糖尿病、甲亢，以及垂体和肾上腺相关疾病的诊疗。');
Insert into TEST_ACCOUNT.DOCTOR (DOCTOR_ID,NAME,GENDER,BIRTHDATE,TITLE,CONTACT,SECONDARY_DEPARTMENT,PHOTOURL,PASSWORD,SKILLEDIN) values ('23017','王宏毅',1,null,'主任医师','15509584738','神经内科 ','https://www.tjh.com.cn/images/outpatient_doctor/doctor_clip.png','023017','擅长急性脑血管的诊治，癫痫及头痛等方面疾病疑难杂症的诊疗');
Insert into TEST_ACCOUNT.DOCTOR (DOCTOR_ID,NAME,GENDER,BIRTHDATE,TITLE,CONTACT,SECONDARY_DEPARTMENT,PHOTOURL,PASSWORD,SKILLEDIN) values ('23018','何沅州',1,null,'副主任医师',null,'呼吸科','https://www.tjh.com.cn/images/outpatient_doctor/doctor_clip.png','023018','擅长呼吸系统重症感染，尤其是基础病合并的多重耐药的细菌、真菌等感染的救治；擅长有创通气的规范化治疗，重症患者气道的管理以及呼吸、循环支持技术，以及慢性咳嗽、慢性阻塞性肺疾病、哮喘、肺栓塞、肺动脉高压等的诊治。');
Insert into TEST_ACCOUNT.DOCTOR (DOCTOR_ID,NAME,GENDER,BIRTHDATE,TITLE,CONTACT,SECONDARY_DEPARTMENT,PHOTOURL,PASSWORD,SKILLEDIN) values ('23019','宋艳丽',0,null,'主任医师',null,'急诊医学科','https://www.tongjihospital.com.cn/api/files/2547/2023.02.013d75b1be7a4e34b0661ecf9d509f82','023019','熟练掌握急诊及重症监护各项技术，掌握各种急危重症疾病的管理。成功抢救多起重症脓毒症、休克、MODS、ARDS、有机磷中毒、重症中暑及多发伤患者。');
Insert into TEST_ACCOUNT.DOCTOR (DOCTOR_ID,NAME,GENDER,BIRTHDATE,TITLE,CONTACT,SECONDARY_DEPARTMENT,PHOTOURL,PASSWORD,SKILLEDIN) values ('23020','无先正',1,null,'主任医师',null,'急诊医学科','https://www.tongjihospital.com.cn/api/files/2500/2023.02.83388b2cf61047d09dfd5e6fbc1474e2','023020','对内科急危重症救治、疑难杂症的处理，尤其在内分泌代谢急症领域具有丰富的临床经验。此外，在应对突发公共卫生事件方面具有较强的组织抢救能力。');
Insert into TEST_ACCOUNT.DOCTOR (DOCTOR_ID,NAME,GENDER,BIRTHDATE,TITLE,CONTACT,SECONDARY_DEPARTMENT,PHOTOURL,PASSWORD,SKILLEDIN) values ('23021','徐玉乐',1,null,'副主任医师',null,'眼科','https://www.tongjihospital.com.cn/upload/image/210329/16169900506983.jpg','023021','副主任医师同济大学眼科学在职博士主要从事老年性黄斑变性、糖尿病视网膜病变、高度近视的基础与临床研究，及遗传性眼病的基因筛查研究。');
Insert into TEST_ACCOUNT.DOCTOR (DOCTOR_ID,NAME,GENDER,BIRTHDATE,TITLE,CONTACT,SECONDARY_DEPARTMENT,PHOTOURL,PASSWORD,SKILLEDIN) values ('23022','张力',0,null,'副主任医师',null,'眼科','https://www.tongjihospital.com.cn/api/files/2870/2023.02.005d9a4a17054d8abdc19d28fc1e6f70','023022','擅长糖尿病视网膜病变、儿童青少年近视诊治');
Insert into TEST_ACCOUNT.DOCTOR (DOCTOR_ID,NAME,GENDER,BIRTHDATE,TITLE,CONTACT,SECONDARY_DEPARTMENT,PHOTOURL,PASSWORD,SKILLEDIN) values ('23023','吴慧民',1,null,'副主任医师',null,'普通外科','https://www.tongjihospital.com.cn/api/files/2543/2023.02.402a9bf40b374b7690f2d5b08e4a14ec','023023','熟练掌握普通外科常见病、多发病的诊治，对胃肠肝胆疾病及各类消化道肿瘤均有较为全面的诊治经验');
Insert into TEST_ACCOUNT.DOCTOR (DOCTOR_ID,NAME,GENDER,BIRTHDATE,TITLE,CONTACT,SECONDARY_DEPARTMENT,PHOTOURL,PASSWORD,SKILLEDIN) values ('23008','刘文恩',0,to_date('24-8月 -23','DD-MON-RR'),'主任医师','string','检验科','https://www.xiangya.com.cn/upload/images/2022/3/f7e03734cff0448d.jpg','018921','主要从事细菌耐药机制研究');
Insert into TEST_ACCOUNT.DOCTOR (DOCTOR_ID,NAME,GENDER,BIRTHDATE,TITLE,CONTACT,SECONDARY_DEPARTMENT,PHOTOURL,PASSWORD,SKILLEDIN) values ('23001','张国刚',1,to_date('21-2月 -62','DD-MON-RR'),'主任医师','12345678900','心血管内科','https://www.xiangya.com.cn/upload/images/2021/9/20a1cd47bd7d4b4.jpg','597638','从事心血管疾病防治工作三十余年，对高血压病、冠心病、高脂血症、心律失常等常见心血管病的内科诊治具有丰富的临床经验');
Insert into TEST_ACCOUNT.DOCTOR (DOCTOR_ID,NAME,GENDER,BIRTHDATE,TITLE,CONTACT,SECONDARY_DEPARTMENT,PHOTOURL,PASSWORD,SKILLEDIN) values ('23003','朱武',0,null,'主任医师','15567898765','皮肤科','https://www.xiangya.com.cn/upload/images/2021/1/aa07fe8e0ac50ef.jpg','733624','临床主攻 - 银屑病、过敏性疾病、白癜风、痤疮等皮肤疾病的诊治');
Insert into TEST_ACCOUNT.DOCTOR (DOCTOR_ID,NAME,GENDER,BIRTHDATE,TITLE,CONTACT,SECONDARY_DEPARTMENT,PHOTOURL,PASSWORD,SKILLEDIN) values ('23007','张晓梅',0,null,'主任医师',null,'消化内科','https://www.xiangya.com.cn/upload/images/2021/8/61e2a232df82ec9f.jpg','098365','擅长消化系统疾病的诊断和治疗以及消化内镜诊治技术，尤其是慢性肝病、自身免疫性消化疾病、消化道肿瘤的临床及基础研究与诊治');
REM INSERTING into TEST_ACCOUNT.LEAVE_APPLICATION
SET DEFINE OFF;
Insert into TEST_ACCOUNT.LEAVE_APPLICATION (LEAVE_NOTE_ID,LEAVE_APPLICATION_TIME,LEAVE_START_DATE,LEAVE_END_DATE,LEAVE_NOTE_REMARK) values ('202309062152896230043003',to_timestamp('06-9月 -23 09.15.27.070899000 下午','DD-MON-RR HH.MI.SS.FF AM'),to_timestamp('06-9月 -23 12.00.00.000000000 上午','DD-MON-RR HH.MI.SS.FF AM'),to_timestamp('09-9月 -23 12.00.00.000000000 上午','DD-MON-RR HH.MI.SS.FF AM'),'通过');
Insert into TEST_ACCOUNT.LEAVE_APPLICATION (LEAVE_NOTE_ID,LEAVE_APPLICATION_TIME,LEAVE_START_DATE,LEAVE_END_DATE,LEAVE_NOTE_REMARK) values ('202309092053246230072005',to_timestamp('09-9月 -23 02.53.34.515933000 下午','DD-MON-RR HH.MI.SS.FF AM'),to_timestamp('09-9月 -23 12.00.00.000000000 上午','DD-MON-RR HH.MI.SS.FF AM'),to_timestamp('14-9月 -23 12.00.00.000000000 上午','DD-MON-RR HH.MI.SS.FF AM'),'通过');
Insert into TEST_ACCOUNT.LEAVE_APPLICATION (LEAVE_NOTE_ID,LEAVE_APPLICATION_TIME,LEAVE_START_DATE,LEAVE_END_DATE,LEAVE_NOTE_REMARK) values ('202309042152896230045004',to_timestamp('07-9月 -23 10.42.41.284817000 上午','DD-MON-RR HH.MI.SS.FF AM'),to_timestamp('04-9月 -23 12.00.00.000000000 上午','DD-MON-RR HH.MI.SS.FF AM'),to_timestamp('08-9月 -23 12.00.00.000000000 上午','DD-MON-RR HH.MI.SS.FF AM'),'不通过');
Insert into TEST_ACCOUNT.LEAVE_APPLICATION (LEAVE_NOTE_ID,LEAVE_APPLICATION_TIME,LEAVE_START_DATE,LEAVE_END_DATE,LEAVE_NOTE_REMARK) values ('202309042152896230047002',to_timestamp('04-9月 -23 09.07.36.650760000 下午','DD-MON-RR HH.MI.SS.FF AM'),to_timestamp('04-9月 -23 12.00.00.000000000 上午','DD-MON-RR HH.MI.SS.FF AM'),to_timestamp('06-9月 -23 12.00.00.000000000 上午','DD-MON-RR HH.MI.SS.FF AM'),'通过');
Insert into TEST_ACCOUNT.LEAVE_APPLICATION (LEAVE_NOTE_ID,LEAVE_APPLICATION_TIME,LEAVE_START_DATE,LEAVE_END_DATE,LEAVE_NOTE_REMARK) values ('202309062152896230041004',to_timestamp('07-9月 -23 10.40.15.355100000 上午','DD-MON-RR HH.MI.SS.FF AM'),to_timestamp('06-9月 -23 12.00.00.000000000 上午','DD-MON-RR HH.MI.SS.FF AM'),to_timestamp('10-9月 -23 12.00.00.000000000 上午','DD-MON-RR HH.MI.SS.FF AM'),'未审核');
REM INSERTING into TEST_ACCOUNT.MEDICINE_DESCRIPTION
SET DEFINE OFF;
Insert into TEST_ACCOUNT.MEDICINE_DESCRIPTION (MEDICINE_NAME,MEDICINE_TYPE,APPLICABLE_SYMPTOM,VULGO,SPECIFICATION,SINGLEDOSE,ADMINISTRATION,ATTENTION,FREQUENCY) values ('阿司匹林肠溶片','处方药 西药 医保甲类','本品用于抗血栓。临床用于预防一过性脑缺血发作、心肌梗死、心房颤动、人工心脏瓣膜、动静脉瘘或其他手术后的血栓形成。也可用于治疗不稳定型心绞痛。','乙酰水杨酸','3）50mg；','75mg-160mg','口服','本品用于抗血栓。临床用于预防一过性脑缺血发作、心肌梗死、心房颤动、人工心脏瓣膜、动静脉瘘或其他手术后的血栓形成。也可用于治疗不稳定型心绞痛。','每日一次');
Insert into TEST_ACCOUNT.MEDICINE_DESCRIPTION (MEDICINE_NAME,MEDICINE_TYPE,APPLICABLE_SYMPTOM,VULGO,SPECIFICATION,SINGLEDOSE,ADMINISTRATION,ATTENTION,FREQUENCY) values ('莲花清瘟胶囊','非处方药 中药 医保甲类','本品用于治疗流行性感冒属热毒袭肺证，症见发热或高热，恶寒，肌肉酸痛，鼻塞流涕，咳嗽，头痛，咽干咽痛，舌偏红，苔黄或黄腻等。','连花清瘟胶囊','每粒0.35g','一次3粒','口服','本品用于治疗流行性感冒属热毒袭肺证，症见发热或高热，恶寒，肌肉酸痛，鼻塞流涕，咳嗽，头痛，咽干咽痛，舌偏红，苔黄或黄腻等。','一日三次');
Insert into TEST_ACCOUNT.MEDICINE_DESCRIPTION (MEDICINE_NAME,MEDICINE_TYPE,APPLICABLE_SYMPTOM,VULGO,SPECIFICATION,SINGLEDOSE,ADMINISTRATION,ATTENTION,FREQUENCY) values ('维生素B2','处方药 维生素类药 医保乙类','维生素B2，西药名。为维生素类药。常用剂型有片剂、注射剂。用于预防和治疗维生素B2缺乏症，如口角炎、唇干裂、舌炎、阴囊炎、结膜炎、脂溢性皮炎等。',null,'每粒10mg','一次1-2片','口服','本品宜饭后服用。必须按推荐剂量服用，不可超量服用。对本品过敏者禁用，过敏体质者慎用。','一日三次');
Insert into TEST_ACCOUNT.MEDICINE_DESCRIPTION (MEDICINE_NAME,MEDICINE_TYPE,APPLICABLE_SYMPTOM,VULGO,SPECIFICATION,SINGLEDOSE,ADMINISTRATION,ATTENTION,FREQUENCY) values ('布洛芬缓释胶囊','非处方药 西药 医保甲类','用于缓解轻至中度疼痛如头痛、关节痛、偏头痛、牙痛、肌肉痛、神经痛、痛经。也用于普通感冒或流行性感冒引起的发热。','异丁苯丙酸','每粒0.3g','一次1粒','口服','服用本品期间不得饮酒或含有酒精的饮料。本品最好在餐中或餐后服用。对本品及其他解热、镇痛抗炎药物过敏者禁用。过敏体质者慎用。','12小时一次');
Insert into TEST_ACCOUNT.MEDICINE_DESCRIPTION (MEDICINE_NAME,MEDICINE_TYPE,APPLICABLE_SYMPTOM,VULGO,SPECIFICATION,SINGLEDOSE,ADMINISTRATION,ATTENTION,FREQUENCY) values ('感冒灵颗粒','非处方药 中药 非医保','本品用于感冒引起的头痛，发热，鼻塞，流涕，咽痛。',null,'每袋装10g（含对乙酰氨基酚0.2g）','一次10g','口服','忌烟、酒及辛辣、生冷、油腻食物。不宜在服药期间同时服用滋补性中成药。本品含对乙酰氨基酚、马来酸氯苯那敏、咖啡因。服用本品期间不得饮酒或含有酒精的饮料；不能同时服用与本品成份相似的其他抗感冒药。','一日三次');
Insert into TEST_ACCOUNT.MEDICINE_DESCRIPTION (MEDICINE_NAME,MEDICINE_TYPE,APPLICABLE_SYMPTOM,VULGO,SPECIFICATION,SINGLEDOSE,ADMINISTRATION,ATTENTION,FREQUENCY) values ('板蓝根颗粒','非处方药 中药 医保乙类','本品用于肺胃热盛所致的咽喉肿痛、口咽干燥；急性扁桃体炎见上述证候者的功效。',null,'每袋装5g（相当于饮片7g）','一次5-10g（含蔗糖），或一次3-6g（无蔗糖）','口服','忌烟酒、辛辣、鱼腥食物。不宜在服药期间同时服用滋补性中药。','一日3-4次');
Insert into TEST_ACCOUNT.MEDICINE_DESCRIPTION (MEDICINE_NAME,MEDICINE_TYPE,APPLICABLE_SYMPTOM,VULGO,SPECIFICATION,SINGLEDOSE,ADMINISTRATION,ATTENTION,FREQUENCY) values ('小柴胡颗粒','非处方药 中药 医保甲类','本品用于外感病，邪犯少阳证，症见寒热往来、胸胁苦满、食欲不振、心烦喜呕、口苦咽干。',null,'每袋装10g','一次1-2袋','口服','忌烟、酒及辛辣、生冷、油腻食物。 不宜在服药期间同时服用滋补性中药。 风寒感冒者不适用。 ','一日三次');
Insert into TEST_ACCOUNT.MEDICINE_DESCRIPTION (MEDICINE_NAME,MEDICINE_TYPE,APPLICABLE_SYMPTOM,VULGO,SPECIFICATION,SINGLEDOSE,ADMINISTRATION,ATTENTION,FREQUENCY) values ('快克复方氨酚烷胺胶囊','非处方药 西药 医保乙类','本品用于缓解普通感冒及流行性感冒引起的发热、头痛、四肢酸痛、打喷嚏、流鼻涕、鼻塞、咽痛等症状，也可用于流行性感冒的预防和治疗。',null,'每粒含对乙酰氨基酚250mg，盐酸金刚烷胺100mg，马来酸氯苯那敏2mg，人工牛黄10mg，咖啡因15mg。','一次1粒','口服','用药3-7天，症状未缓解，请咨询医师或药师。服用本品期间不得饮酒或含有酒精的饮料。','一日两次');
Insert into TEST_ACCOUNT.MEDICINE_DESCRIPTION (MEDICINE_NAME,MEDICINE_TYPE,APPLICABLE_SYMPTOM,VULGO,SPECIFICATION,SINGLEDOSE,ADMINISTRATION,ATTENTION,FREQUENCY) values ('金银花口服液','非处方药 中成药 非医保','本品用于暑热内犯所致的中暑、痱疹、疖肿、风热感冒，症见发热口渴、咽喉肿痛、痱疹鲜红、头部疖肿。',null,'每支装10ml','成人一次20ml,儿童一次10ml','口服','服药时饮食宜清淡。','一日三次');
Insert into TEST_ACCOUNT.MEDICINE_DESCRIPTION (MEDICINE_NAME,MEDICINE_TYPE,APPLICABLE_SYMPTOM,VULGO,SPECIFICATION,SINGLEDOSE,ADMINISTRATION,ATTENTION,FREQUENCY) values ('藿香正气水','非处方药 中成药 医保甲类','本品用于外感风寒、内伤湿滞或夏伤暑湿所致的感冒，症见头痛昏重、胸膈痞闷、脘腹胀痛、呕吐泄泻；胃肠型感冒见上述证候者。',null,'每支装10ml','一次5-10ml','口服','忌烟、酒及辛辣、生冷、油腻食物，饮食宜清淡。不宜在服药期间同时服用滋补性中药。','一日两次');
Insert into TEST_ACCOUNT.MEDICINE_DESCRIPTION (MEDICINE_NAME,MEDICINE_TYPE,APPLICABLE_SYMPTOM,VULGO,SPECIFICATION,SINGLEDOSE,ADMINISTRATION,ATTENTION,FREQUENCY) values ('云南白药气雾剂','非处方药 中成药 医保甲类','本品用于跌打损伤，瘀血肿痛，肌肉酸痛及风湿疼痛。','云南白药喷雾','云南白药气雾剂每瓶重 50 克','每次适量喷于伤患处','外用','本品只限于外用，切勿喷入口、眼、鼻。','一日3-5次');
Insert into TEST_ACCOUNT.MEDICINE_DESCRIPTION (MEDICINE_NAME,MEDICINE_TYPE,APPLICABLE_SYMPTOM,VULGO,SPECIFICATION,SINGLEDOSE,ADMINISTRATION,ATTENTION,FREQUENCY) values ('云南白药膏','非处方药 中成药 医保甲类','本品用于跌打损伤，瘀血肿痛，风湿疼痛。',null,'6.5cm×10cm','贴患处','外用','皮肤破伤处不宜使用。使用后若出现皮肤发红、瘙痒等症状时，应立即停用','每次贴于皮肤的时间应少于12小时');
Insert into TEST_ACCOUNT.MEDICINE_DESCRIPTION (MEDICINE_NAME,MEDICINE_TYPE,APPLICABLE_SYMPTOM,VULGO,SPECIFICATION,SINGLEDOSE,ADMINISTRATION,ATTENTION,FREQUENCY) values ('肠炎宁片','非处方药 中成药 医保乙类','本品用于大肠湿热所致的泄泻、痢疾，症见大便泄泻、或大便脓血、里急后重、腹痛腹胀；急慢性胃肠炎、腹泻、细菌性痢疾、小儿消化不良见上述证候者。','肠炎灵','糖衣片片心重0.28g','一次4-6片','口服','尚不明确。','一日三到四次，小儿酌减');
Insert into TEST_ACCOUNT.MEDICINE_DESCRIPTION (MEDICINE_NAME,MEDICINE_TYPE,APPLICABLE_SYMPTOM,VULGO,SPECIFICATION,SINGLEDOSE,ADMINISTRATION,ATTENTION,FREQUENCY) values ('同仁堂四神丸','处方药 中成药 医保甲类','本品用于肾阳不足所致的泄泻，症见肠鸣腹胀、五更溏泄、食少不化、久泻不止、面黄肢冷。',null,'每袋装9g','一次9g','口服','尚不明确。','一日1-2次');
Insert into TEST_ACCOUNT.MEDICINE_DESCRIPTION (MEDICINE_NAME,MEDICINE_TYPE,APPLICABLE_SYMPTOM,VULGO,SPECIFICATION,SINGLEDOSE,ADMINISTRATION,ATTENTION,FREQUENCY) values ('酪酸梭菌活菌胶囊','处方药 西药 医保乙类','本品用于治疗肠道菌群失调引起的急性腹泻。',null,'每粒胶囊含药粉0.2g','每次2粒','口服','用冷、温开水送服。本品不宜与抗生素同时服用。','一日3次');
Insert into TEST_ACCOUNT.MEDICINE_DESCRIPTION (MEDICINE_NAME,MEDICINE_TYPE,APPLICABLE_SYMPTOM,VULGO,SPECIFICATION,SINGLEDOSE,ADMINISTRATION,ATTENTION,FREQUENCY) values ('清开灵颗粒','非处方药 中药 非医保','用于外感风热时毒、火毒内盛所致高热不退，烦躁不安，咽喉肿痛、舌质红绛、苔黄、脉数；上呼吸道感染，病毒性感冒，急性扁桃体炎，急性咽炎，急性气管炎，高热等症属上述证候者。',null,'每袋装3克（含黄芩甙20毫克）。','一次3～6g','口服','久病体虚患者如出现腹泻时慎用。','一日2～3次，儿童酌减或遵医嘱。');
Insert into TEST_ACCOUNT.MEDICINE_DESCRIPTION (MEDICINE_NAME,MEDICINE_TYPE,APPLICABLE_SYMPTOM,VULGO,SPECIFICATION,SINGLEDOSE,ADMINISTRATION,ATTENTION,FREQUENCY) values ('新的药品','1','1',null,'1','1','1','1','1');
Insert into TEST_ACCOUNT.MEDICINE_DESCRIPTION (MEDICINE_NAME,MEDICINE_TYPE,APPLICABLE_SYMPTOM,VULGO,SPECIFICATION,SINGLEDOSE,ADMINISTRATION,ATTENTION,FREQUENCY) values ('吗丁啉','处方药 西药 医保甲类','本品用于消化不良、腹胀、嗳气、恶心、呕吐、腹部胀痛。','马丁宁 多潘立酮片 马丁啉','每片10mg','一次1片','口服','本品用药3天，如症状未缓解，请咨询医师或药师。药物使用时间一般不得超过1周。','一日三次');
Insert into TEST_ACCOUNT.MEDICINE_DESCRIPTION (MEDICINE_NAME,MEDICINE_TYPE,APPLICABLE_SYMPTOM,VULGO,SPECIFICATION,SINGLEDOSE,ADMINISTRATION,ATTENTION,FREQUENCY) values ('多潘立酮片','非处方药 西药 医保甲类','用于消化不良、腹胀、嗳气、恶心、呕吐、腹部胀痛。',null,'30片（每片含多潘立酮20毫克）。','一次1-2粒','口服','建议餐前服用','一日2～3次，儿童酌减或遵医嘱。');
REM INSERTING into TEST_ACCOUNT.MEDICINE_OUT
SET DEFINE OFF;
Insert into TEST_ACCOUNT.MEDICINE_OUT (MEDICINE_NAME,MANUFACTURER,PRODUCTION_DATE,PURCHASE_AMOUNT,DELIVER_DATE,PATIENT_ID) values ('清开灵颗粒','广州黑云山明兴制药有限公司',to_date('01-1月 -23','DD-MON-RR'),12,to_timestamp('15-7月 -23 12.00.00.000000000 上午','DD-MON-RR HH.MI.SS.FF AM'),'2151895');
Insert into TEST_ACCOUNT.MEDICINE_OUT (MEDICINE_NAME,MANUFACTURER,PRODUCTION_DATE,PURCHASE_AMOUNT,DELIVER_DATE,PATIENT_ID) values ('清开灵颗粒','广州黑云山明兴制药有限公司',to_date('01-1月 -23','DD-MON-RR'),12,to_timestamp('21-7月 -23 12.00.00.000000000 上午','DD-MON-RR HH.MI.SS.FF AM'),'2151895');
Insert into TEST_ACCOUNT.MEDICINE_OUT (MEDICINE_NAME,MANUFACTURER,PRODUCTION_DATE,PURCHASE_AMOUNT,DELIVER_DATE,PATIENT_ID) values ('清开灵颗粒','广州黑云山明兴制药有限公司',to_date('01-1月 -23','DD-MON-RR'),12,to_timestamp('15-8月 -23 12.00.00.000000000 上午','DD-MON-RR HH.MI.SS.FF AM'),'2151895');
Insert into TEST_ACCOUNT.MEDICINE_OUT (MEDICINE_NAME,MANUFACTURER,PRODUCTION_DATE,PURCHASE_AMOUNT,DELIVER_DATE,PATIENT_ID) values ('清开灵颗粒','广州黑云山明兴制药有限公司',to_date('01-1月 -23','DD-MON-RR'),12,to_timestamp('21-8月 -23 12.00.00.000000000 上午','DD-MON-RR HH.MI.SS.FF AM'),'2151895');
Insert into TEST_ACCOUNT.MEDICINE_OUT (MEDICINE_NAME,MANUFACTURER,PRODUCTION_DATE,PURCHASE_AMOUNT,DELIVER_DATE,PATIENT_ID) values ('清开灵颗粒','广州黑云山明兴制药有限公司',to_date('01-1月 -23','DD-MON-RR'),13,to_timestamp('12-7月 -23 12.00.00.000000000 上午','DD-MON-RR HH.MI.SS.FF AM'),'2152895');
Insert into TEST_ACCOUNT.MEDICINE_OUT (MEDICINE_NAME,MANUFACTURER,PRODUCTION_DATE,PURCHASE_AMOUNT,DELIVER_DATE,PATIENT_ID) values ('清开灵颗粒','广州黑云山明兴制药有限公司',to_date('01-1月 -23','DD-MON-RR'),13,to_timestamp('12-8月 -23 12.00.00.000000000 上午','DD-MON-RR HH.MI.SS.FF AM'),'2152895');
Insert into TEST_ACCOUNT.MEDICINE_OUT (MEDICINE_NAME,MANUFACTURER,PRODUCTION_DATE,PURCHASE_AMOUNT,DELIVER_DATE,PATIENT_ID) values ('清开灵颗粒','广州黑云山明兴制药有限公司',to_date('01-1月 -23','DD-MON-RR'),29,to_timestamp('14-8月 -23 12.00.00.000000000 上午','DD-MON-RR HH.MI.SS.FF AM'),'2151895');
Insert into TEST_ACCOUNT.MEDICINE_OUT (MEDICINE_NAME,MANUFACTURER,PRODUCTION_DATE,PURCHASE_AMOUNT,DELIVER_DATE,PATIENT_ID) values ('维生素B2','佑华制药（乐山）有限公司',to_date('01-1月 -23','DD-MON-RR'),1,to_timestamp('03-7月 -23 12.00.00.000000000 上午','DD-MON-RR HH.MI.SS.FF AM'),'2151895');
Insert into TEST_ACCOUNT.MEDICINE_OUT (MEDICINE_NAME,MANUFACTURER,PRODUCTION_DATE,PURCHASE_AMOUNT,DELIVER_DATE,PATIENT_ID) values ('维生素B2','佑华制药（乐山）有限公司',to_date('01-1月 -23','DD-MON-RR'),1,to_timestamp('23-9月 -23 12.00.00.000000000 上午','DD-MON-RR HH.MI.SS.FF AM'),'2151895');
Insert into TEST_ACCOUNT.MEDICINE_OUT (MEDICINE_NAME,MANUFACTURER,PRODUCTION_DATE,PURCHASE_AMOUNT,DELIVER_DATE,PATIENT_ID) values ('维生素B2','佑华制药（乐山）有限公司',to_date('01-1月 -23','DD-MON-RR'),2,to_timestamp('17-7月 -23 12.00.00.000000000 上午','DD-MON-RR HH.MI.SS.FF AM'),'2151895');
Insert into TEST_ACCOUNT.MEDICINE_OUT (MEDICINE_NAME,MANUFACTURER,PRODUCTION_DATE,PURCHASE_AMOUNT,DELIVER_DATE,PATIENT_ID) values ('维生素B2','佑华制药（乐山）有限公司',to_date('01-1月 -23','DD-MON-RR'),2,to_timestamp('14-8月 -23 12.00.00.000000000 上午','DD-MON-RR HH.MI.SS.FF AM'),'2151895');
Insert into TEST_ACCOUNT.MEDICINE_OUT (MEDICINE_NAME,MANUFACTURER,PRODUCTION_DATE,PURCHASE_AMOUNT,DELIVER_DATE,PATIENT_ID) values ('维生素B2','佑华制药（乐山）有限公司',to_date('01-1月 -23','DD-MON-RR'),2,to_timestamp('17-9月 -23 12.00.00.000000000 上午','DD-MON-RR HH.MI.SS.FF AM'),'2151895');
Insert into TEST_ACCOUNT.MEDICINE_OUT (MEDICINE_NAME,MANUFACTURER,PRODUCTION_DATE,PURCHASE_AMOUNT,DELIVER_DATE,PATIENT_ID) values ('维生素B2','佑华制药（乐山）有限公司',to_date('01-1月 -23','DD-MON-RR'),3,to_timestamp('18-9月 -23 12.00.00.000000000 上午','DD-MON-RR HH.MI.SS.FF AM'),'2152895');
Insert into TEST_ACCOUNT.MEDICINE_OUT (MEDICINE_NAME,MANUFACTURER,PRODUCTION_DATE,PURCHASE_AMOUNT,DELIVER_DATE,PATIENT_ID) values ('维生素B2','佑华制药（乐山）有限公司',to_date('01-1月 -23','DD-MON-RR'),7,to_timestamp('16-7月 -23 12.00.00.000000000 上午','DD-MON-RR HH.MI.SS.FF AM'),'2152895');
Insert into TEST_ACCOUNT.MEDICINE_OUT (MEDICINE_NAME,MANUFACTURER,PRODUCTION_DATE,PURCHASE_AMOUNT,DELIVER_DATE,PATIENT_ID) values ('维生素B2','佑华制药（乐山）有限公司',to_date('01-1月 -23','DD-MON-RR'),7,to_timestamp('16-8月 -23 12.00.00.000000000 上午','DD-MON-RR HH.MI.SS.FF AM'),'2152895');
Insert into TEST_ACCOUNT.MEDICINE_OUT (MEDICINE_NAME,MANUFACTURER,PRODUCTION_DATE,PURCHASE_AMOUNT,DELIVER_DATE,PATIENT_ID) values ('维生素B2','佑华制药（乐山）有限公司',to_date('01-1月 -23','DD-MON-RR'),10,to_timestamp('18-7月 -23 12.00.00.000000000 上午','DD-MON-RR HH.MI.SS.FF AM'),'2152895');
Insert into TEST_ACCOUNT.MEDICINE_OUT (MEDICINE_NAME,MANUFACTURER,PRODUCTION_DATE,PURCHASE_AMOUNT,DELIVER_DATE,PATIENT_ID) values ('维生素B2','佑华制药（乐山）有限公司',to_date('01-1月 -23','DD-MON-RR'),12,to_timestamp('15-7月 -23 12.00.00.000000000 上午','DD-MON-RR HH.MI.SS.FF AM'),'2151895');
Insert into TEST_ACCOUNT.MEDICINE_OUT (MEDICINE_NAME,MANUFACTURER,PRODUCTION_DATE,PURCHASE_AMOUNT,DELIVER_DATE,PATIENT_ID) values ('维生素B2','佑华制药（乐山）有限公司',to_date('01-1月 -23','DD-MON-RR'),12,to_timestamp('21-7月 -23 12.00.00.000000000 上午','DD-MON-RR HH.MI.SS.FF AM'),'2151895');
Insert into TEST_ACCOUNT.MEDICINE_OUT (MEDICINE_NAME,MANUFACTURER,PRODUCTION_DATE,PURCHASE_AMOUNT,DELIVER_DATE,PATIENT_ID) values ('维生素B2','佑华制药（乐山）有限公司',to_date('01-1月 -23','DD-MON-RR'),12,to_timestamp('15-8月 -23 12.00.00.000000000 上午','DD-MON-RR HH.MI.SS.FF AM'),'2151895');
Insert into TEST_ACCOUNT.MEDICINE_OUT (MEDICINE_NAME,MANUFACTURER,PRODUCTION_DATE,PURCHASE_AMOUNT,DELIVER_DATE,PATIENT_ID) values ('维生素B2','佑华制药（乐山）有限公司',to_date('01-1月 -23','DD-MON-RR'),12,to_timestamp('21-8月 -23 12.00.00.000000000 上午','DD-MON-RR HH.MI.SS.FF AM'),'2151895');
Insert into TEST_ACCOUNT.MEDICINE_OUT (MEDICINE_NAME,MANUFACTURER,PRODUCTION_DATE,PURCHASE_AMOUNT,DELIVER_DATE,PATIENT_ID) values ('维生素B2','佑华制药（乐山）有限公司',to_date('01-1月 -23','DD-MON-RR'),13,to_timestamp('12-7月 -23 12.00.00.000000000 上午','DD-MON-RR HH.MI.SS.FF AM'),'2152895');
Insert into TEST_ACCOUNT.MEDICINE_OUT (MEDICINE_NAME,MANUFACTURER,PRODUCTION_DATE,PURCHASE_AMOUNT,DELIVER_DATE,PATIENT_ID) values ('维生素B2','佑华制药（乐山）有限公司',to_date('01-1月 -23','DD-MON-RR'),13,to_timestamp('12-8月 -23 12.00.00.000000000 上午','DD-MON-RR HH.MI.SS.FF AM'),'2152895');
Insert into TEST_ACCOUNT.MEDICINE_OUT (MEDICINE_NAME,MANUFACTURER,PRODUCTION_DATE,PURCHASE_AMOUNT,DELIVER_DATE,PATIENT_ID) values ('维生素B2','佑华制药（乐山）有限公司',to_date('31-8月 -23','DD-MON-RR'),21,to_timestamp('03-8月 -23 12.00.00.000000000 上午','DD-MON-RR HH.MI.SS.FF AM'),'2151895');
Insert into TEST_ACCOUNT.MEDICINE_OUT (MEDICINE_NAME,MANUFACTURER,PRODUCTION_DATE,PURCHASE_AMOUNT,DELIVER_DATE,PATIENT_ID) values ('莲花清瘟胶囊','石家庄以岭药业股份有限公司',to_date('08-4月 -23','DD-MON-RR'),1,to_timestamp('08-9月 -23 01.10.17.000000000 下午','DD-MON-RR HH.MI.SS.FF AM'),'2152896');
Insert into TEST_ACCOUNT.MEDICINE_OUT (MEDICINE_NAME,MANUFACTURER,PRODUCTION_DATE,PURCHASE_AMOUNT,DELIVER_DATE,PATIENT_ID) values ('莲花清瘟胶囊','石家庄以岭药业股份有限公司',to_date('08-4月 -23','DD-MON-RR'),3,to_timestamp('07-9月 -23 02.31.33.000000000 下午','DD-MON-RR HH.MI.SS.FF AM'),'2151678');
Insert into TEST_ACCOUNT.MEDICINE_OUT (MEDICINE_NAME,MANUFACTURER,PRODUCTION_DATE,PURCHASE_AMOUNT,DELIVER_DATE,PATIENT_ID) values ('莲花清瘟胶囊','石家庄以岭药业股份有限公司',to_date('08-4月 -23','DD-MON-RR'),30,to_timestamp('05-9月 -23 01.44.25.000000000 下午','DD-MON-RR HH.MI.SS.FF AM'),'2151678');
Insert into TEST_ACCOUNT.MEDICINE_OUT (MEDICINE_NAME,MANUFACTURER,PRODUCTION_DATE,PURCHASE_AMOUNT,DELIVER_DATE,PATIENT_ID) values ('莲花清瘟胶囊','石家庄以岭药业股份有限公司',to_date('08-4月 -23','DD-MON-RR'),31,to_timestamp('05-9月 -23 01.44.35.000000000 下午','DD-MON-RR HH.MI.SS.FF AM'),'2151678');
Insert into TEST_ACCOUNT.MEDICINE_OUT (MEDICINE_NAME,MANUFACTURER,PRODUCTION_DATE,PURCHASE_AMOUNT,DELIVER_DATE,PATIENT_ID) values ('酪酸梭菌活菌胶囊','远大生命科学有限公司',to_date('17-4月 -23','DD-MON-RR'),2,to_timestamp('01-9月 -23 09.59.43.000000000 下午','DD-MON-RR HH.MI.SS.FF AM'),'2151678');
Insert into TEST_ACCOUNT.MEDICINE_OUT (MEDICINE_NAME,MANUFACTURER,PRODUCTION_DATE,PURCHASE_AMOUNT,DELIVER_DATE,PATIENT_ID) values ('酪酸梭菌活菌胶囊','远大生命科学有限公司',to_date('17-4月 -23','DD-MON-RR'),2,to_timestamp('04-9月 -23 09.59.43.000000000 下午','DD-MON-RR HH.MI.SS.FF AM'),'2151678');
Insert into TEST_ACCOUNT.MEDICINE_OUT (MEDICINE_NAME,MANUFACTURER,PRODUCTION_DATE,PURCHASE_AMOUNT,DELIVER_DATE,PATIENT_ID) values ('酪酸梭菌活菌胶囊','远大生命科学有限公司',to_date('17-4月 -23','DD-MON-RR'),2,to_timestamp('06-9月 -23 09.59.43.000000000 下午','DD-MON-RR HH.MI.SS.FF AM'),'2151678');
Insert into TEST_ACCOUNT.MEDICINE_OUT (MEDICINE_NAME,MANUFACTURER,PRODUCTION_DATE,PURCHASE_AMOUNT,DELIVER_DATE,PATIENT_ID) values ('阿司匹林肠溶片','广州白云山明兴制药有限公司',to_date('30-6月 -23','DD-MON-RR'),1,to_timestamp('04-9月 -23 09.18.35.000000000 下午','DD-MON-RR HH.MI.SS.FF AM'),'2152896');
Insert into TEST_ACCOUNT.MEDICINE_OUT (MEDICINE_NAME,MANUFACTURER,PRODUCTION_DATE,PURCHASE_AMOUNT,DELIVER_DATE,PATIENT_ID) values ('阿司匹林肠溶片','广州白云山明兴制药有限公司',to_date('30-6月 -23','DD-MON-RR'),1,to_timestamp('04-9月 -23 09.22.05.000000000 下午','DD-MON-RR HH.MI.SS.FF AM'),'2152896');
Insert into TEST_ACCOUNT.MEDICINE_OUT (MEDICINE_NAME,MANUFACTURER,PRODUCTION_DATE,PURCHASE_AMOUNT,DELIVER_DATE,PATIENT_ID) values ('阿司匹林肠溶片','广州白云山明兴制药有限公司',to_date('30-6月 -23','DD-MON-RR'),1,to_timestamp('07-9月 -23 02.18.07.000000000 下午','DD-MON-RR HH.MI.SS.FF AM'),'2152896');
Insert into TEST_ACCOUNT.MEDICINE_OUT (MEDICINE_NAME,MANUFACTURER,PRODUCTION_DATE,PURCHASE_AMOUNT,DELIVER_DATE,PATIENT_ID) values ('阿司匹林肠溶片','广州白云山明兴制药有限公司',to_date('30-6月 -23','DD-MON-RR'),7,to_timestamp('04-9月 -23 10.16.34.000000000 下午','DD-MON-RR HH.MI.SS.FF AM'),'2152896');
Insert into TEST_ACCOUNT.MEDICINE_OUT (MEDICINE_NAME,MANUFACTURER,PRODUCTION_DATE,PURCHASE_AMOUNT,DELIVER_DATE,PATIENT_ID) values ('阿司匹林肠溶片','广州白云山明兴制药有限公司',to_date('30-6月 -23','DD-MON-RR'),11,to_timestamp('04-9月 -23 09.21.03.000000000 下午','DD-MON-RR HH.MI.SS.FF AM'),'2152896');
Insert into TEST_ACCOUNT.MEDICINE_OUT (MEDICINE_NAME,MANUFACTURER,PRODUCTION_DATE,PURCHASE_AMOUNT,DELIVER_DATE,PATIENT_ID) values ('阿司匹林肠溶片','广州白云山明兴制药有限公司',to_date('30-6月 -23','DD-MON-RR'),19,to_timestamp('04-9月 -23 09.59.43.000000000 下午','DD-MON-RR HH.MI.SS.FF AM'),'2152896');
Insert into TEST_ACCOUNT.MEDICINE_OUT (MEDICINE_NAME,MANUFACTURER,PRODUCTION_DATE,PURCHASE_AMOUNT,DELIVER_DATE,PATIENT_ID) values ('阿司匹林肠溶片','广州白云山明兴制药有限公司',to_date('30-6月 -23','DD-MON-RR'),19,to_timestamp('05-9月 -23 01.43.51.000000000 下午','DD-MON-RR HH.MI.SS.FF AM'),'2152896');
Insert into TEST_ACCOUNT.MEDICINE_OUT (MEDICINE_NAME,MANUFACTURER,PRODUCTION_DATE,PURCHASE_AMOUNT,DELIVER_DATE,PATIENT_ID) values ('阿司匹林肠溶片','广州白云山明兴制药有限公司',to_date('30-6月 -23','DD-MON-RR'),21,to_timestamp('04-9月 -23 09.21.39.000000000 下午','DD-MON-RR HH.MI.SS.FF AM'),'2152896');
Insert into TEST_ACCOUNT.MEDICINE_OUT (MEDICINE_NAME,MANUFACTURER,PRODUCTION_DATE,PURCHASE_AMOUNT,DELIVER_DATE,PATIENT_ID) values ('快克复方氨酚烷胺胶囊','广州白云山明兴制药有限公司',to_date('08-8月 -23','DD-MON-RR'),1,to_timestamp('04-9月 -23 09.21.39.000000000 下午','DD-MON-RR HH.MI.SS.FF AM'),'2152896');
Insert into TEST_ACCOUNT.MEDICINE_OUT (MEDICINE_NAME,MANUFACTURER,PRODUCTION_DATE,PURCHASE_AMOUNT,DELIVER_DATE,PATIENT_ID) values ('快克复方氨酚烷胺胶囊','广州白云山明兴制药有限公司',to_date('08-8月 -23','DD-MON-RR'),1,to_timestamp('04-9月 -23 09.59.43.000000000 下午','DD-MON-RR HH.MI.SS.FF AM'),'2152896');
Insert into TEST_ACCOUNT.MEDICINE_OUT (MEDICINE_NAME,MANUFACTURER,PRODUCTION_DATE,PURCHASE_AMOUNT,DELIVER_DATE,PATIENT_ID) values ('快克复方氨酚烷胺胶囊','广州白云山明兴制药有限公司',to_date('08-8月 -23','DD-MON-RR'),1,to_timestamp('05-9月 -23 01.43.51.000000000 下午','DD-MON-RR HH.MI.SS.FF AM'),'2152896');
Insert into TEST_ACCOUNT.MEDICINE_OUT (MEDICINE_NAME,MANUFACTURER,PRODUCTION_DATE,PURCHASE_AMOUNT,DELIVER_DATE,PATIENT_ID) values ('快克复方氨酚烷胺胶囊','广州白云山明兴制药有限公司',to_date('08-8月 -23','DD-MON-RR'),1,to_timestamp('07-9月 -23 02.18.07.000000000 下午','DD-MON-RR HH.MI.SS.FF AM'),'2152896');
Insert into TEST_ACCOUNT.MEDICINE_OUT (MEDICINE_NAME,MANUFACTURER,PRODUCTION_DATE,PURCHASE_AMOUNT,DELIVER_DATE,PATIENT_ID) values ('快克复方氨酚烷胺胶囊','广州白云山明兴制药有限公司',to_date('08-8月 -23','DD-MON-RR'),12,to_timestamp('04-9月 -23 09.21.03.000000000 下午','DD-MON-RR HH.MI.SS.FF AM'),'2152896');
Insert into TEST_ACCOUNT.MEDICINE_OUT (MEDICINE_NAME,MANUFACTURER,PRODUCTION_DATE,PURCHASE_AMOUNT,DELIVER_DATE,PATIENT_ID) values ('快克复方氨酚烷胺胶囊','广州白云山明兴制药有限公司',to_date('08-8月 -23','DD-MON-RR'),19,to_timestamp('04-9月 -23 09.22.05.000000000 下午','DD-MON-RR HH.MI.SS.FF AM'),'2152896');
Insert into TEST_ACCOUNT.MEDICINE_OUT (MEDICINE_NAME,MANUFACTURER,PRODUCTION_DATE,PURCHASE_AMOUNT,DELIVER_DATE,PATIENT_ID) values ('板蓝根颗粒','广州白云山明兴制药有限公司',to_date('30-6月 -23','DD-MON-RR'),2,to_timestamp('05-9月 -23 01.44.35.000000000 下午','DD-MON-RR HH.MI.SS.FF AM'),'2151678');
Insert into TEST_ACCOUNT.MEDICINE_OUT (MEDICINE_NAME,MANUFACTURER,PRODUCTION_DATE,PURCHASE_AMOUNT,DELIVER_DATE,PATIENT_ID) values ('板蓝根颗粒','广州白云山明兴制药有限公司',to_date('30-6月 -23','DD-MON-RR'),2,to_timestamp('07-9月 -23 02.31.33.000000000 下午','DD-MON-RR HH.MI.SS.FF AM'),'2151678');
Insert into TEST_ACCOUNT.MEDICINE_OUT (MEDICINE_NAME,MANUFACTURER,PRODUCTION_DATE,PURCHASE_AMOUNT,DELIVER_DATE,PATIENT_ID) values ('板蓝根颗粒','广州白云山明兴制药有限公司',to_date('30-6月 -23','DD-MON-RR'),29,to_timestamp('05-9月 -23 01.44.25.000000000 下午','DD-MON-RR HH.MI.SS.FF AM'),'2151678');
Insert into TEST_ACCOUNT.MEDICINE_OUT (MEDICINE_NAME,MANUFACTURER,PRODUCTION_DATE,PURCHASE_AMOUNT,DELIVER_DATE,PATIENT_ID) values ('板蓝根颗粒','潮州白云山明兴制药有限公司',to_date('30-6月 -22','DD-MON-RR'),10,to_timestamp('13-6月 -23 12.00.00.000000000 上午','DD-MON-RR HH.MI.SS.FF AM'),'2151895');
Insert into TEST_ACCOUNT.MEDICINE_OUT (MEDICINE_NAME,MANUFACTURER,PRODUCTION_DATE,PURCHASE_AMOUNT,DELIVER_DATE,PATIENT_ID) values ('板蓝根颗粒','潮州白云山明兴制药有限公司',to_date('30-6月 -22','DD-MON-RR'),28,to_timestamp('08-7月 -23 12.00.00.000000000 上午','DD-MON-RR HH.MI.SS.FF AM'),'2152895');
Insert into TEST_ACCOUNT.MEDICINE_OUT (MEDICINE_NAME,MANUFACTURER,PRODUCTION_DATE,PURCHASE_AMOUNT,DELIVER_DATE,PATIENT_ID) values ('板蓝根颗粒','潮州白云山明兴制药有限公司',to_date('30-6月 -22','DD-MON-RR'),66,to_timestamp('08-5月 -23 12.00.00.000000000 上午','DD-MON-RR HH.MI.SS.FF AM'),'2152895');
Insert into TEST_ACCOUNT.MEDICINE_OUT (MEDICINE_NAME,MANUFACTURER,PRODUCTION_DATE,PURCHASE_AMOUNT,DELIVER_DATE,PATIENT_ID) values ('板蓝根颗粒','潮州白云山明兴制药有限公司',to_date('30-6月 -22','DD-MON-RR'),70,to_timestamp('08-8月 -23 12.00.00.000000000 上午','DD-MON-RR HH.MI.SS.FF AM'),'2152895');
Insert into TEST_ACCOUNT.MEDICINE_OUT (MEDICINE_NAME,MANUFACTURER,PRODUCTION_DATE,PURCHASE_AMOUNT,DELIVER_DATE,PATIENT_ID) values ('板蓝根颗粒','潮州白云山明兴制药有限公司',to_date('30-6月 -22','DD-MON-RR'),100,to_timestamp('13-9月 -23 12.00.00.000000000 上午','DD-MON-RR HH.MI.SS.FF AM'),'2151895');
Insert into TEST_ACCOUNT.MEDICINE_OUT (MEDICINE_NAME,MANUFACTURER,PRODUCTION_DATE,PURCHASE_AMOUNT,DELIVER_DATE,PATIENT_ID) values ('板蓝根颗粒','潮州白云山明兴制药有限公司',to_date('30-6月 -22','DD-MON-RR'),199,to_timestamp('13-4月 -23 12.00.00.000000000 上午','DD-MON-RR HH.MI.SS.FF AM'),'2151895');
Insert into TEST_ACCOUNT.MEDICINE_OUT (MEDICINE_NAME,MANUFACTURER,PRODUCTION_DATE,PURCHASE_AMOUNT,DELIVER_DATE,PATIENT_ID) values ('清开灵颗粒','广州白云山明兴制药有限公司',to_date('01-1月 -23','DD-MON-RR'),2,to_timestamp('04-6月 -23 12.00.00.000000000 上午','DD-MON-RR HH.MI.SS.FF AM'),'2151895');
Insert into TEST_ACCOUNT.MEDICINE_OUT (MEDICINE_NAME,MANUFACTURER,PRODUCTION_DATE,PURCHASE_AMOUNT,DELIVER_DATE,PATIENT_ID) values ('清开灵颗粒','广州白云山明兴制药有限公司',to_date('01-1月 -23','DD-MON-RR'),11,to_timestamp('13-5月 -23 12.00.00.000000000 上午','DD-MON-RR HH.MI.SS.FF AM'),'2151895');
Insert into TEST_ACCOUNT.MEDICINE_OUT (MEDICINE_NAME,MANUFACTURER,PRODUCTION_DATE,PURCHASE_AMOUNT,DELIVER_DATE,PATIENT_ID) values ('清开灵颗粒','广州白云山明兴制药有限公司',to_date('01-1月 -23','DD-MON-RR'),11,to_timestamp('18-7月 -23 12.00.00.000000000 上午','DD-MON-RR HH.MI.SS.FF AM'),'2152895');
Insert into TEST_ACCOUNT.MEDICINE_OUT (MEDICINE_NAME,MANUFACTURER,PRODUCTION_DATE,PURCHASE_AMOUNT,DELIVER_DATE,PATIENT_ID) values ('清开灵颗粒','广州白云山明兴制药有限公司',to_date('01-1月 -23','DD-MON-RR'),12,to_timestamp('07-5月 -23 12.00.00.000000000 上午','DD-MON-RR HH.MI.SS.FF AM'),'2151895');
Insert into TEST_ACCOUNT.MEDICINE_OUT (MEDICINE_NAME,MANUFACTURER,PRODUCTION_DATE,PURCHASE_AMOUNT,DELIVER_DATE,PATIENT_ID) values ('清开灵颗粒','广州白云山明兴制药有限公司',to_date('01-1月 -23','DD-MON-RR'),12,to_timestamp('11-5月 -23 12.00.00.000000000 上午','DD-MON-RR HH.MI.SS.FF AM'),'2151895');
Insert into TEST_ACCOUNT.MEDICINE_OUT (MEDICINE_NAME,MANUFACTURER,PRODUCTION_DATE,PURCHASE_AMOUNT,DELIVER_DATE,PATIENT_ID) values ('清开灵颗粒','广州白云山明兴制药有限公司',to_date('01-1月 -23','DD-MON-RR'),12,to_timestamp('15-5月 -23 12.00.00.000000000 上午','DD-MON-RR HH.MI.SS.FF AM'),'2151895');
Insert into TEST_ACCOUNT.MEDICINE_OUT (MEDICINE_NAME,MANUFACTURER,PRODUCTION_DATE,PURCHASE_AMOUNT,DELIVER_DATE,PATIENT_ID) values ('清开灵颗粒','广州白云山明兴制药有限公司',to_date('01-1月 -23','DD-MON-RR'),12,to_timestamp('21-5月 -23 12.00.00.000000000 上午','DD-MON-RR HH.MI.SS.FF AM'),'2151895');
Insert into TEST_ACCOUNT.MEDICINE_OUT (MEDICINE_NAME,MANUFACTURER,PRODUCTION_DATE,PURCHASE_AMOUNT,DELIVER_DATE,PATIENT_ID) values ('清开灵颗粒','广州白云山明兴制药有限公司',to_date('01-1月 -23','DD-MON-RR'),12,to_timestamp('25-5月 -23 12.00.00.000000000 上午','DD-MON-RR HH.MI.SS.FF AM'),'2151895');
Insert into TEST_ACCOUNT.MEDICINE_OUT (MEDICINE_NAME,MANUFACTURER,PRODUCTION_DATE,PURCHASE_AMOUNT,DELIVER_DATE,PATIENT_ID) values ('清开灵颗粒','广州白云山明兴制药有限公司',to_date('01-1月 -23','DD-MON-RR'),12,to_timestamp('11-6月 -23 12.00.00.000000000 上午','DD-MON-RR HH.MI.SS.FF AM'),'2151895');
Insert into TEST_ACCOUNT.MEDICINE_OUT (MEDICINE_NAME,MANUFACTURER,PRODUCTION_DATE,PURCHASE_AMOUNT,DELIVER_DATE,PATIENT_ID) values ('清开灵颗粒','广州白云山明兴制药有限公司',to_date('01-1月 -23','DD-MON-RR'),12,to_timestamp('25-6月 -23 12.00.00.000000000 上午','DD-MON-RR HH.MI.SS.FF AM'),'2151895');
Insert into TEST_ACCOUNT.MEDICINE_OUT (MEDICINE_NAME,MANUFACTURER,PRODUCTION_DATE,PURCHASE_AMOUNT,DELIVER_DATE,PATIENT_ID) values ('清开灵颗粒','广州白云山明兴制药有限公司',to_date('01-1月 -23','DD-MON-RR'),12,to_timestamp('15-7月 -23 12.00.00.000000000 上午','DD-MON-RR HH.MI.SS.FF AM'),'2151895');
Insert into TEST_ACCOUNT.MEDICINE_OUT (MEDICINE_NAME,MANUFACTURER,PRODUCTION_DATE,PURCHASE_AMOUNT,DELIVER_DATE,PATIENT_ID) values ('清开灵颗粒','广州白云山明兴制药有限公司',to_date('01-1月 -23','DD-MON-RR'),12,to_timestamp('17-7月 -23 12.00.00.000000000 上午','DD-MON-RR HH.MI.SS.FF AM'),'2151895');
Insert into TEST_ACCOUNT.MEDICINE_OUT (MEDICINE_NAME,MANUFACTURER,PRODUCTION_DATE,PURCHASE_AMOUNT,DELIVER_DATE,PATIENT_ID) values ('清开灵颗粒','广州白云山明兴制药有限公司',to_date('01-1月 -23','DD-MON-RR'),12,to_timestamp('15-8月 -23 12.00.00.000000000 上午','DD-MON-RR HH.MI.SS.FF AM'),'2151895');
Insert into TEST_ACCOUNT.MEDICINE_OUT (MEDICINE_NAME,MANUFACTURER,PRODUCTION_DATE,PURCHASE_AMOUNT,DELIVER_DATE,PATIENT_ID) values ('清开灵颗粒','广州白云山明兴制药有限公司',to_date('01-1月 -23','DD-MON-RR'),12,to_timestamp('21-8月 -23 12.00.00.000000000 上午','DD-MON-RR HH.MI.SS.FF AM'),'2151895');
Insert into TEST_ACCOUNT.MEDICINE_OUT (MEDICINE_NAME,MANUFACTURER,PRODUCTION_DATE,PURCHASE_AMOUNT,DELIVER_DATE,PATIENT_ID) values ('清开灵颗粒','广州白云山明兴制药有限公司',to_date('01-1月 -23','DD-MON-RR'),13,to_timestamp('02-5月 -23 12.00.00.000000000 上午','DD-MON-RR HH.MI.SS.FF AM'),'2152895');
Insert into TEST_ACCOUNT.MEDICINE_OUT (MEDICINE_NAME,MANUFACTURER,PRODUCTION_DATE,PURCHASE_AMOUNT,DELIVER_DATE,PATIENT_ID) values ('清开灵颗粒','广州白云山明兴制药有限公司',to_date('01-1月 -23','DD-MON-RR'),13,to_timestamp('12-5月 -23 12.00.00.000000000 上午','DD-MON-RR HH.MI.SS.FF AM'),'2152895');
Insert into TEST_ACCOUNT.MEDICINE_OUT (MEDICINE_NAME,MANUFACTURER,PRODUCTION_DATE,PURCHASE_AMOUNT,DELIVER_DATE,PATIENT_ID) values ('清开灵颗粒','广州白云山明兴制药有限公司',to_date('01-1月 -23','DD-MON-RR'),13,to_timestamp('02-6月 -23 12.00.00.000000000 上午','DD-MON-RR HH.MI.SS.FF AM'),'2152895');
Insert into TEST_ACCOUNT.MEDICINE_OUT (MEDICINE_NAME,MANUFACTURER,PRODUCTION_DATE,PURCHASE_AMOUNT,DELIVER_DATE,PATIENT_ID) values ('清开灵颗粒','广州白云山明兴制药有限公司',to_date('01-1月 -23','DD-MON-RR'),13,to_timestamp('12-8月 -23 12.00.00.000000000 上午','DD-MON-RR HH.MI.SS.FF AM'),'2152895');
Insert into TEST_ACCOUNT.MEDICINE_OUT (MEDICINE_NAME,MANUFACTURER,PRODUCTION_DATE,PURCHASE_AMOUNT,DELIVER_DATE,PATIENT_ID) values ('清开灵颗粒','广州白云山明兴制药有限公司',to_date('01-1月 -23','DD-MON-RR'),14,to_timestamp('04-9月 -23 12.00.00.000000000 上午','DD-MON-RR HH.MI.SS.FF AM'),'2151895');
Insert into TEST_ACCOUNT.MEDICINE_OUT (MEDICINE_NAME,MANUFACTURER,PRODUCTION_DATE,PURCHASE_AMOUNT,DELIVER_DATE,PATIENT_ID) values ('清开灵颗粒','广州白云山明兴制药有限公司',to_date('01-1月 -23','DD-MON-RR'),17,to_timestamp('26-5月 -23 12.00.00.000000000 上午','DD-MON-RR HH.MI.SS.FF AM'),'2152895');
Insert into TEST_ACCOUNT.MEDICINE_OUT (MEDICINE_NAME,MANUFACTURER,PRODUCTION_DATE,PURCHASE_AMOUNT,DELIVER_DATE,PATIENT_ID) values ('清开灵颗粒','广州白云山明兴制药有限公司',to_date('01-1月 -23','DD-MON-RR'),17,to_timestamp('16-7月 -23 12.00.00.000000000 上午','DD-MON-RR HH.MI.SS.FF AM'),'2152895');
Insert into TEST_ACCOUNT.MEDICINE_OUT (MEDICINE_NAME,MANUFACTURER,PRODUCTION_DATE,PURCHASE_AMOUNT,DELIVER_DATE,PATIENT_ID) values ('清开灵颗粒','广州白云山明兴制药有限公司',to_date('01-1月 -23','DD-MON-RR'),18,to_timestamp('23-5月 -23 12.00.00.000000000 上午','DD-MON-RR HH.MI.SS.FF AM'),'2151895');
Insert into TEST_ACCOUNT.MEDICINE_OUT (MEDICINE_NAME,MANUFACTURER,PRODUCTION_DATE,PURCHASE_AMOUNT,DELIVER_DATE,PATIENT_ID) values ('清开灵颗粒','广州白云山明兴制药有限公司',to_date('01-1月 -23','DD-MON-RR'),19,to_timestamp('13-6月 -23 12.00.00.000000000 上午','DD-MON-RR HH.MI.SS.FF AM'),'2151895');
Insert into TEST_ACCOUNT.MEDICINE_OUT (MEDICINE_NAME,MANUFACTURER,PRODUCTION_DATE,PURCHASE_AMOUNT,DELIVER_DATE,PATIENT_ID) values ('清开灵颗粒','广州白云山明兴制药有限公司',to_date('01-1月 -23','DD-MON-RR'),19,to_timestamp('03-7月 -23 12.00.00.000000000 上午','DD-MON-RR HH.MI.SS.FF AM'),'2151895');
Insert into TEST_ACCOUNT.MEDICINE_OUT (MEDICINE_NAME,MANUFACTURER,PRODUCTION_DATE,PURCHASE_AMOUNT,DELIVER_DATE,PATIENT_ID) values ('清开灵颗粒','广州白云山明兴制药有限公司',to_date('01-1月 -23','DD-MON-RR'),19,to_timestamp('23-9月 -23 12.00.00.000000000 上午','DD-MON-RR HH.MI.SS.FF AM'),'2151895');
Insert into TEST_ACCOUNT.MEDICINE_OUT (MEDICINE_NAME,MANUFACTURER,PRODUCTION_DATE,PURCHASE_AMOUNT,DELIVER_DATE,PATIENT_ID) values ('清开灵颗粒','广州白云山明兴制药有限公司',to_date('01-1月 -23','DD-MON-RR'),22,to_timestamp('21-7月 -23 12.00.00.000000000 上午','DD-MON-RR HH.MI.SS.FF AM'),'2151895');
Insert into TEST_ACCOUNT.MEDICINE_OUT (MEDICINE_NAME,MANUFACTURER,PRODUCTION_DATE,PURCHASE_AMOUNT,DELIVER_DATE,PATIENT_ID) values ('清开灵颗粒','广州白云山明兴制药有限公司',to_date('01-1月 -23','DD-MON-RR'),23,to_timestamp('02-7月 -23 12.00.00.000000000 上午','DD-MON-RR HH.MI.SS.FF AM'),'2152895');
Insert into TEST_ACCOUNT.MEDICINE_OUT (MEDICINE_NAME,MANUFACTURER,PRODUCTION_DATE,PURCHASE_AMOUNT,DELIVER_DATE,PATIENT_ID) values ('清开灵颗粒','广州白云山明兴制药有限公司',to_date('01-1月 -23','DD-MON-RR'),29,to_timestamp('14-5月 -23 12.00.00.000000000 上午','DD-MON-RR HH.MI.SS.FF AM'),'2151895');
Insert into TEST_ACCOUNT.MEDICINE_OUT (MEDICINE_NAME,MANUFACTURER,PRODUCTION_DATE,PURCHASE_AMOUNT,DELIVER_DATE,PATIENT_ID) values ('清开灵颗粒','广州白云山明兴制药有限公司',to_date('01-1月 -23','DD-MON-RR'),29,to_timestamp('17-5月 -23 12.00.00.000000000 上午','DD-MON-RR HH.MI.SS.FF AM'),'2151895');
Insert into TEST_ACCOUNT.MEDICINE_OUT (MEDICINE_NAME,MANUFACTURER,PRODUCTION_DATE,PURCHASE_AMOUNT,DELIVER_DATE,PATIENT_ID) values ('清开灵颗粒','广州白云山明兴制药有限公司',to_date('01-1月 -23','DD-MON-RR'),29,to_timestamp('07-6月 -23 12.00.00.000000000 上午','DD-MON-RR HH.MI.SS.FF AM'),'2151895');
Insert into TEST_ACCOUNT.MEDICINE_OUT (MEDICINE_NAME,MANUFACTURER,PRODUCTION_DATE,PURCHASE_AMOUNT,DELIVER_DATE,PATIENT_ID) values ('清开灵颗粒','广州白云山明兴制药有限公司',to_date('01-1月 -23','DD-MON-RR'),29,to_timestamp('14-8月 -23 12.00.00.000000000 上午','DD-MON-RR HH.MI.SS.FF AM'),'2151895');
Insert into TEST_ACCOUNT.MEDICINE_OUT (MEDICINE_NAME,MANUFACTURER,PRODUCTION_DATE,PURCHASE_AMOUNT,DELIVER_DATE,PATIENT_ID) values ('清开灵颗粒','广州白云山明兴制药有限公司',to_date('01-1月 -23','DD-MON-RR'),29,to_timestamp('17-9月 -23 12.00.00.000000000 上午','DD-MON-RR HH.MI.SS.FF AM'),'2151895');
Insert into TEST_ACCOUNT.MEDICINE_OUT (MEDICINE_NAME,MANUFACTURER,PRODUCTION_DATE,PURCHASE_AMOUNT,DELIVER_DATE,PATIENT_ID) values ('清开灵颗粒','广州白云山明兴制药有限公司',to_date('01-1月 -23','DD-MON-RR'),31,to_timestamp('18-5月 -23 12.00.00.000000000 上午','DD-MON-RR HH.MI.SS.FF AM'),'2152895');
Insert into TEST_ACCOUNT.MEDICINE_OUT (MEDICINE_NAME,MANUFACTURER,PRODUCTION_DATE,PURCHASE_AMOUNT,DELIVER_DATE,PATIENT_ID) values ('清开灵颗粒','广州白云山明兴制药有限公司',to_date('01-1月 -23','DD-MON-RR'),39,to_timestamp('08-5月 -23 12.00.00.000000000 上午','DD-MON-RR HH.MI.SS.FF AM'),'2152895');
Insert into TEST_ACCOUNT.MEDICINE_OUT (MEDICINE_NAME,MANUFACTURER,PRODUCTION_DATE,PURCHASE_AMOUNT,DELIVER_DATE,PATIENT_ID) values ('清开灵颗粒','广州白云山明兴制药有限公司',to_date('01-1月 -23','DD-MON-RR'),39,to_timestamp('08-6月 -23 12.00.00.000000000 上午','DD-MON-RR HH.MI.SS.FF AM'),'2152895');
Insert into TEST_ACCOUNT.MEDICINE_OUT (MEDICINE_NAME,MANUFACTURER,PRODUCTION_DATE,PURCHASE_AMOUNT,DELIVER_DATE,PATIENT_ID) values ('清开灵颗粒','广州白云山明兴制药有限公司',to_date('01-1月 -23','DD-MON-RR'),39,to_timestamp('18-9月 -23 12.00.00.000000000 上午','DD-MON-RR HH.MI.SS.FF AM'),'2152895');
Insert into TEST_ACCOUNT.MEDICINE_OUT (MEDICINE_NAME,MANUFACTURER,PRODUCTION_DATE,PURCHASE_AMOUNT,DELIVER_DATE,PATIENT_ID) values ('清开灵颗粒','广州白云山明兴制药有限公司',to_date('01-1月 -23','DD-MON-RR'),41,to_timestamp('04-9月 -23 02.08.16.000000000 下午','DD-MON-RR HH.MI.SS.FF AM'),'2151678');
Insert into TEST_ACCOUNT.MEDICINE_OUT (MEDICINE_NAME,MANUFACTURER,PRODUCTION_DATE,PURCHASE_AMOUNT,DELIVER_DATE,PATIENT_ID) values ('清开灵颗粒','广州白云山明兴制药有限公司',to_date('01-1月 -23','DD-MON-RR'),57,to_timestamp('16-5月 -23 12.00.00.000000000 上午','DD-MON-RR HH.MI.SS.FF AM'),'2152895');
Insert into TEST_ACCOUNT.MEDICINE_OUT (MEDICINE_NAME,MANUFACTURER,PRODUCTION_DATE,PURCHASE_AMOUNT,DELIVER_DATE,PATIENT_ID) values ('清开灵颗粒','广州白云山明兴制药有限公司',to_date('01-1月 -23','DD-MON-RR'),79,to_timestamp('26-6月 -23 12.00.00.000000000 上午','DD-MON-RR HH.MI.SS.FF AM'),'2152895');
Insert into TEST_ACCOUNT.MEDICINE_OUT (MEDICINE_NAME,MANUFACTURER,PRODUCTION_DATE,PURCHASE_AMOUNT,DELIVER_DATE,PATIENT_ID) values ('清开灵颗粒','广州白云山明兴制药有限公司',to_date('01-1月 -23','DD-MON-RR'),79,to_timestamp('16-8月 -23 12.00.00.000000000 上午','DD-MON-RR HH.MI.SS.FF AM'),'2152895');
Insert into TEST_ACCOUNT.MEDICINE_OUT (MEDICINE_NAME,MANUFACTURER,PRODUCTION_DATE,PURCHASE_AMOUNT,DELIVER_DATE,PATIENT_ID) values ('清开灵颗粒','广州白云山明兴制药有限公司',to_date('01-1月 -23','DD-MON-RR'),129,to_timestamp('04-5月 -23 12.00.00.000000000 上午','DD-MON-RR HH.MI.SS.FF AM'),'2151895');
REM INSERTING into TEST_ACCOUNT.MEDICINE_PURCHASE
SET DEFINE OFF;
Insert into TEST_ACCOUNT.MEDICINE_PURCHASE (MEDICINE_NAME,MANUFACTURER,PRODUCTION_DATE,PURCHASE_DATE,ADMINISTRATOR_ID,PURCHASE_AMOUNT,PURCHASE_PRICE) values ('清开灵颗粒','广州白云山明兴制药有限公司',to_date('30-6月 -23','DD-MON-RR'),to_date('03-9月 -23','DD-MON-RR'),'23201',200,18);
Insert into TEST_ACCOUNT.MEDICINE_PURCHASE (MEDICINE_NAME,MANUFACTURER,PRODUCTION_DATE,PURCHASE_DATE,ADMINISTRATOR_ID,PURCHASE_AMOUNT,PURCHASE_PRICE) values ('维生素B2','佑华制药（乐山）有限公司',to_date('31-8月 -23','DD-MON-RR'),to_date('03-8月 -23','DD-MON-RR'),'23201',222,1);
Insert into TEST_ACCOUNT.MEDICINE_PURCHASE (MEDICINE_NAME,MANUFACTURER,PRODUCTION_DATE,PURCHASE_DATE,ADMINISTRATOR_ID,PURCHASE_AMOUNT,PURCHASE_PRICE) values ('多潘立酮片','西安杨森制药有限公司',to_date('01-6月 -23','DD-MON-RR'),to_date('06-9月 -23','DD-MON-RR'),'23201',100,1);
Insert into TEST_ACCOUNT.MEDICINE_PURCHASE (MEDICINE_NAME,MANUFACTURER,PRODUCTION_DATE,PURCHASE_DATE,ADMINISTRATOR_ID,PURCHASE_AMOUNT,PURCHASE_PRICE) values ('药品名','佑华制药（乐山）有限公司',to_date('01-8月 -20','DD-MON-RR'),to_date('03-9月 -23','DD-MON-RR'),'23201',222,1);
Insert into TEST_ACCOUNT.MEDICINE_PURCHASE (MEDICINE_NAME,MANUFACTURER,PRODUCTION_DATE,PURCHASE_DATE,ADMINISTRATOR_ID,PURCHASE_AMOUNT,PURCHASE_PRICE) values ('清开灵颗粒','广州黑云山明兴制药有限公司',to_date('01-1月 -23','DD-MON-RR'),to_date('03-9月 -23','DD-MON-RR'),'23201',20,1);
Insert into TEST_ACCOUNT.MEDICINE_PURCHASE (MEDICINE_NAME,MANUFACTURER,PRODUCTION_DATE,PURCHASE_DATE,ADMINISTRATOR_ID,PURCHASE_AMOUNT,PURCHASE_PRICE) values ('板蓝根颗粒','潮州白云山明兴制药有限公司',to_date('30-6月 -23','DD-MON-RR'),to_date('04-9月 -23','DD-MON-RR'),'23201',200,1);
Insert into TEST_ACCOUNT.MEDICINE_PURCHASE (MEDICINE_NAME,MANUFACTURER,PRODUCTION_DATE,PURCHASE_DATE,ADMINISTRATOR_ID,PURCHASE_AMOUNT,PURCHASE_PRICE) values ('板蓝根颗粒','广州白云山明兴制药有限公司',to_date('29-6月 -23','DD-MON-RR'),to_date('04-9月 -23','DD-MON-RR'),'23201',200,1);
Insert into TEST_ACCOUNT.MEDICINE_PURCHASE (MEDICINE_NAME,MANUFACTURER,PRODUCTION_DATE,PURCHASE_DATE,ADMINISTRATOR_ID,PURCHASE_AMOUNT,PURCHASE_PRICE) values ('多潘立酮片','西安杨森制药有限公司',to_date('30-6月 -23','DD-MON-RR'),to_date('06-9月 -23','DD-MON-RR'),'23201',200,23);
Insert into TEST_ACCOUNT.MEDICINE_PURCHASE (MEDICINE_NAME,MANUFACTURER,PRODUCTION_DATE,PURCHASE_DATE,ADMINISTRATOR_ID,PURCHASE_AMOUNT,PURCHASE_PRICE) values ('小柴胡颗粒','广州白云山明兴制药有限公司',to_date('30-6月 -23','DD-MON-RR'),to_date('04-9月 -23','DD-MON-RR'),'23201',200,1);
Insert into TEST_ACCOUNT.MEDICINE_PURCHASE (MEDICINE_NAME,MANUFACTURER,PRODUCTION_DATE,PURCHASE_DATE,ADMINISTRATOR_ID,PURCHASE_AMOUNT,PURCHASE_PRICE) values ('阿司匹林肠溶片','广州白云山明兴制药有限公司',to_date('02-2月 -23','DD-MON-RR'),to_date('04-9月 -23','DD-MON-RR'),'23201',100,1);
Insert into TEST_ACCOUNT.MEDICINE_PURCHASE (MEDICINE_NAME,MANUFACTURER,PRODUCTION_DATE,PURCHASE_DATE,ADMINISTRATOR_ID,PURCHASE_AMOUNT,PURCHASE_PRICE) values ('清开灵颗粒','广州白云山明兴制药有限公司',to_date('31-8月 -23','DD-MON-RR'),to_date('31-8月 -23','DD-MON-RR'),'23201',200,18);
Insert into TEST_ACCOUNT.MEDICINE_PURCHASE (MEDICINE_NAME,MANUFACTURER,PRODUCTION_DATE,PURCHASE_DATE,ADMINISTRATOR_ID,PURCHASE_AMOUNT,PURCHASE_PRICE) values ('清开灵颗粒','广州白云山明兴制药有限公司',to_date('01-1月 -23','DD-MON-RR'),to_date('03-9月 -23','DD-MON-RR'),'23201',111,1);
Insert into TEST_ACCOUNT.MEDICINE_PURCHASE (MEDICINE_NAME,MANUFACTURER,PRODUCTION_DATE,PURCHASE_DATE,ADMINISTRATOR_ID,PURCHASE_AMOUNT,PURCHASE_PRICE) values ('阿司匹林肠溶片','广州白云山明兴制药有限公司',to_date('30-6月 -23','DD-MON-RR'),to_date('04-9月 -23','DD-MON-RR'),'23201',200,1);
Insert into TEST_ACCOUNT.MEDICINE_PURCHASE (MEDICINE_NAME,MANUFACTURER,PRODUCTION_DATE,PURCHASE_DATE,ADMINISTRATOR_ID,PURCHASE_AMOUNT,PURCHASE_PRICE) values ('清开灵颗粒','广州白云山明兴制药有限公司',to_date('30-6月 -23','DD-MON-RR'),to_date('31-8月 -23','DD-MON-RR'),'23201',200,18);
Insert into TEST_ACCOUNT.MEDICINE_PURCHASE (MEDICINE_NAME,MANUFACTURER,PRODUCTION_DATE,PURCHASE_DATE,ADMINISTRATOR_ID,PURCHASE_AMOUNT,PURCHASE_PRICE) values ('板蓝根颗粒','潮州白云山明兴制药有限公司',to_date('30-6月 -23','DD-MON-RR'),to_date('04-9月 -23','DD-MON-RR'),'23201',200,1);
Insert into TEST_ACCOUNT.MEDICINE_PURCHASE (MEDICINE_NAME,MANUFACTURER,PRODUCTION_DATE,PURCHASE_DATE,ADMINISTRATOR_ID,PURCHASE_AMOUNT,PURCHASE_PRICE) values ('快克复方氨酚烷胺胶囊','广州白云山明兴制药有限公司',to_date('08-8月 -23','DD-MON-RR'),to_date('04-8月 -23','DD-MON-RR'),'23201',50,13);
Insert into TEST_ACCOUNT.MEDICINE_PURCHASE (MEDICINE_NAME,MANUFACTURER,PRODUCTION_DATE,PURCHASE_DATE,ADMINISTRATOR_ID,PURCHASE_AMOUNT,PURCHASE_PRICE) values ('酪酸梭菌活菌胶囊','远大生命科学有限公司',to_date('17-4月 -23','DD-MON-RR'),to_date('01-9月 -23','DD-MON-RR'),'23202',100,32.3);
Insert into TEST_ACCOUNT.MEDICINE_PURCHASE (MEDICINE_NAME,MANUFACTURER,PRODUCTION_DATE,PURCHASE_DATE,ADMINISTRATOR_ID,PURCHASE_AMOUNT,PURCHASE_PRICE) values ('清开灵颗粒','广州白云山明兴制药有限公司',to_date('30-6月 -22','DD-MON-RR'),to_date('04-6月 -23','DD-MON-RR'),'23201',50,14);
Insert into TEST_ACCOUNT.MEDICINE_PURCHASE (MEDICINE_NAME,MANUFACTURER,PRODUCTION_DATE,PURCHASE_DATE,ADMINISTRATOR_ID,PURCHASE_AMOUNT,PURCHASE_PRICE) values ('清开灵颗粒','广州白云山明兴制药有限公司',to_date('30-6月 -22','DD-MON-RR'),to_date('02-6月 -23','DD-MON-RR'),'23201',30,14.5);
Insert into TEST_ACCOUNT.MEDICINE_PURCHASE (MEDICINE_NAME,MANUFACTURER,PRODUCTION_DATE,PURCHASE_DATE,ADMINISTRATOR_ID,PURCHASE_AMOUNT,PURCHASE_PRICE) values ('新的药品','生产单位',to_date('30-6月 -23','DD-MON-RR'),to_date('03-9月 -23','DD-MON-RR'),'23201',122,1);
Insert into TEST_ACCOUNT.MEDICINE_PURCHASE (MEDICINE_NAME,MANUFACTURER,PRODUCTION_DATE,PURCHASE_DATE,ADMINISTRATOR_ID,PURCHASE_AMOUNT,PURCHASE_PRICE) values ('清开灵颗粒','广州白云山明兴制药有限公司',to_date('30-6月 -23','DD-MON-RR'),to_date('04-7月 -23','DD-MON-RR'),'23201',50,14);
Insert into TEST_ACCOUNT.MEDICINE_PURCHASE (MEDICINE_NAME,MANUFACTURER,PRODUCTION_DATE,PURCHASE_DATE,ADMINISTRATOR_ID,PURCHASE_AMOUNT,PURCHASE_PRICE) values ('清开灵颗粒','广州白云山明兴制药有限公司',to_date('01-1月 -23','DD-MON-RR'),to_date('03-9月 -23','DD-MON-RR'),'23201',111,1);
Insert into TEST_ACCOUNT.MEDICINE_PURCHASE (MEDICINE_NAME,MANUFACTURER,PRODUCTION_DATE,PURCHASE_DATE,ADMINISTRATOR_ID,PURCHASE_AMOUNT,PURCHASE_PRICE) values ('清开灵颗粒','广州白云山明兴制药有限公司',to_date('01-1月 -23','DD-MON-RR'),to_date('03-9月 -23','DD-MON-RR'),'23201',222,1);
Insert into TEST_ACCOUNT.MEDICINE_PURCHASE (MEDICINE_NAME,MANUFACTURER,PRODUCTION_DATE,PURCHASE_DATE,ADMINISTRATOR_ID,PURCHASE_AMOUNT,PURCHASE_PRICE) values ('清开灵颗粒','广州白云山明兴制药有限公司',to_date('01-1月 -23','DD-MON-RR'),to_date('03-9月 -23','DD-MON-RR'),'23201',20,1);
Insert into TEST_ACCOUNT.MEDICINE_PURCHASE (MEDICINE_NAME,MANUFACTURER,PRODUCTION_DATE,PURCHASE_DATE,ADMINISTRATOR_ID,PURCHASE_AMOUNT,PURCHASE_PRICE) values ('板蓝根颗粒','广州白云山明兴制药有限公司',to_date('30-6月 -23','DD-MON-RR'),to_date('04-9月 -23','DD-MON-RR'),'23201',200,1);
Insert into TEST_ACCOUNT.MEDICINE_PURCHASE (MEDICINE_NAME,MANUFACTURER,PRODUCTION_DATE,PURCHASE_DATE,ADMINISTRATOR_ID,PURCHASE_AMOUNT,PURCHASE_PRICE) values ('板蓝根颗粒','广州白云山明兴制药有限公司',to_date('30-6月 -23','DD-MON-RR'),to_date('04-9月 -23','DD-MON-RR'),'23201',100,1);
Insert into TEST_ACCOUNT.MEDICINE_PURCHASE (MEDICINE_NAME,MANUFACTURER,PRODUCTION_DATE,PURCHASE_DATE,ADMINISTRATOR_ID,PURCHASE_AMOUNT,PURCHASE_PRICE) values ('快克复方氨酚烷胺胶囊','广州白云山明兴制药有限公司',to_date('08-8月 -23','DD-MON-RR'),to_date('04-9月 -23','DD-MON-RR'),'23201',100,1);
Insert into TEST_ACCOUNT.MEDICINE_PURCHASE (MEDICINE_NAME,MANUFACTURER,PRODUCTION_DATE,PURCHASE_DATE,ADMINISTRATOR_ID,PURCHASE_AMOUNT,PURCHASE_PRICE) values ('清开灵颗粒','广州白云山明兴制药有限公司',to_date('30-6月 -23','DD-MON-RR'),to_date('02-7月 -23','DD-MON-RR'),'23201',100,12);
Insert into TEST_ACCOUNT.MEDICINE_PURCHASE (MEDICINE_NAME,MANUFACTURER,PRODUCTION_DATE,PURCHASE_DATE,ADMINISTRATOR_ID,PURCHASE_AMOUNT,PURCHASE_PRICE) values ('清开灵颗粒','广州白云山明兴制药有限公司',to_date('30-6月 -22','DD-MON-RR'),to_date('04-5月 -23','DD-MON-RR'),'23201',50,14);
Insert into TEST_ACCOUNT.MEDICINE_PURCHASE (MEDICINE_NAME,MANUFACTURER,PRODUCTION_DATE,PURCHASE_DATE,ADMINISTRATOR_ID,PURCHASE_AMOUNT,PURCHASE_PRICE) values ('清开灵颗粒','广州白云山明兴制药有限公司',to_date('30-6月 -22','DD-MON-RR'),to_date('02-5月 -23','DD-MON-RR'),'23201',100,12);
Insert into TEST_ACCOUNT.MEDICINE_PURCHASE (MEDICINE_NAME,MANUFACTURER,PRODUCTION_DATE,PURCHASE_DATE,ADMINISTRATOR_ID,PURCHASE_AMOUNT,PURCHASE_PRICE) values ('清开灵颗粒','广州白云山明兴制药有限公司',to_date('30-6月 -22','DD-MON-RR'),to_date('04-2月 -23','DD-MON-RR'),'23201',50,14);
Insert into TEST_ACCOUNT.MEDICINE_PURCHASE (MEDICINE_NAME,MANUFACTURER,PRODUCTION_DATE,PURCHASE_DATE,ADMINISTRATOR_ID,PURCHASE_AMOUNT,PURCHASE_PRICE) values ('清开灵颗粒','广州白云山明兴制药有限公司',to_date('30-6月 -22','DD-MON-RR'),to_date('02-1月 -23','DD-MON-RR'),'23201',80,13.5);
Insert into TEST_ACCOUNT.MEDICINE_PURCHASE (MEDICINE_NAME,MANUFACTURER,PRODUCTION_DATE,PURCHASE_DATE,ADMINISTRATOR_ID,PURCHASE_AMOUNT,PURCHASE_PRICE) values ('清开灵颗粒','广州白云山明兴制药有限公司',to_date('30-6月 -22','DD-MON-RR'),to_date('04-4月 -23','DD-MON-RR'),'23201',50,14);
Insert into TEST_ACCOUNT.MEDICINE_PURCHASE (MEDICINE_NAME,MANUFACTURER,PRODUCTION_DATE,PURCHASE_DATE,ADMINISTRATOR_ID,PURCHASE_AMOUNT,PURCHASE_PRICE) values ('清开灵颗粒','广州白云山明兴制药有限公司',to_date('30-6月 -22','DD-MON-RR'),to_date('02-11月-22','DD-MON-RR'),'23201',46,12);
Insert into TEST_ACCOUNT.MEDICINE_PURCHASE (MEDICINE_NAME,MANUFACTURER,PRODUCTION_DATE,PURCHASE_DATE,ADMINISTRATOR_ID,PURCHASE_AMOUNT,PURCHASE_PRICE) values ('清开灵颗粒','广州白云山明兴制药有限公司',to_date('30-6月 -22','DD-MON-RR'),to_date('04-3月 -23','DD-MON-RR'),'23201',50,14);
Insert into TEST_ACCOUNT.MEDICINE_PURCHASE (MEDICINE_NAME,MANUFACTURER,PRODUCTION_DATE,PURCHASE_DATE,ADMINISTRATOR_ID,PURCHASE_AMOUNT,PURCHASE_PRICE) values ('清开灵颗粒','广州白云山明兴制药有限公司',to_date('30-6月 -22','DD-MON-RR'),to_date('02-12月-22','DD-MON-RR'),'23201',90,12);
Insert into TEST_ACCOUNT.MEDICINE_PURCHASE (MEDICINE_NAME,MANUFACTURER,PRODUCTION_DATE,PURCHASE_DATE,ADMINISTRATOR_ID,PURCHASE_AMOUNT,PURCHASE_PRICE) values ('板蓝根颗粒','潮州白云山明兴制药有限公司',to_date('30-6月 -22','DD-MON-RR'),to_date('04-9月 -23','DD-MON-RR'),'23201',50,8);
Insert into TEST_ACCOUNT.MEDICINE_PURCHASE (MEDICINE_NAME,MANUFACTURER,PRODUCTION_DATE,PURCHASE_DATE,ADMINISTRATOR_ID,PURCHASE_AMOUNT,PURCHASE_PRICE) values ('板蓝根颗粒','潮州白云山明兴制药有限公司',to_date('30-6月 -22','DD-MON-RR'),to_date('02-9月 -22','DD-MON-RR'),'23201',39,11.9);
Insert into TEST_ACCOUNT.MEDICINE_PURCHASE (MEDICINE_NAME,MANUFACTURER,PRODUCTION_DATE,PURCHASE_DATE,ADMINISTRATOR_ID,PURCHASE_AMOUNT,PURCHASE_PRICE) values ('板蓝根颗粒','潮州白云山明兴制药有限公司',to_date('30-6月 -22','DD-MON-RR'),to_date('04-8月 -23','DD-MON-RR'),'23201',70,11.2);
Insert into TEST_ACCOUNT.MEDICINE_PURCHASE (MEDICINE_NAME,MANUFACTURER,PRODUCTION_DATE,PURCHASE_DATE,ADMINISTRATOR_ID,PURCHASE_AMOUNT,PURCHASE_PRICE) values ('板蓝根颗粒','潮州白云山明兴制药有限公司',to_date('30-6月 -22','DD-MON-RR'),to_date('02-7月 -22','DD-MON-RR'),'23201',59,11.9);
Insert into TEST_ACCOUNT.MEDICINE_PURCHASE (MEDICINE_NAME,MANUFACTURER,PRODUCTION_DATE,PURCHASE_DATE,ADMINISTRATOR_ID,PURCHASE_AMOUNT,PURCHASE_PRICE) values ('板蓝根颗粒','潮州白云山明兴制药有限公司',to_date('30-6月 -22','DD-MON-RR'),to_date('04-6月 -23','DD-MON-RR'),'23201',69,7.5);
Insert into TEST_ACCOUNT.MEDICINE_PURCHASE (MEDICINE_NAME,MANUFACTURER,PRODUCTION_DATE,PURCHASE_DATE,ADMINISTRATOR_ID,PURCHASE_AMOUNT,PURCHASE_PRICE) values ('板蓝根颗粒','潮州白云山明兴制药有限公司',to_date('30-6月 -22','DD-MON-RR'),to_date('02-5月 -22','DD-MON-RR'),'23201',180,11.9);
Insert into TEST_ACCOUNT.MEDICINE_PURCHASE (MEDICINE_NAME,MANUFACTURER,PRODUCTION_DATE,PURCHASE_DATE,ADMINISTRATOR_ID,PURCHASE_AMOUNT,PURCHASE_PRICE) values ('板蓝根颗粒','潮州白云山明兴制药有限公司',to_date('30-6月 -22','DD-MON-RR'),to_date('04-4月 -23','DD-MON-RR'),'23201',45,12.6);
Insert into TEST_ACCOUNT.MEDICINE_PURCHASE (MEDICINE_NAME,MANUFACTURER,PRODUCTION_DATE,PURCHASE_DATE,ADMINISTRATOR_ID,PURCHASE_AMOUNT,PURCHASE_PRICE) values ('板蓝根颗粒','潮州白云山明兴制药有限公司',to_date('30-6月 -22','DD-MON-RR'),to_date('02-3月 -22','DD-MON-RR'),'23201',10,11.9);
Insert into TEST_ACCOUNT.MEDICINE_PURCHASE (MEDICINE_NAME,MANUFACTURER,PRODUCTION_DATE,PURCHASE_DATE,ADMINISTRATOR_ID,PURCHASE_AMOUNT,PURCHASE_PRICE) values ('板蓝根颗粒','潮州白云山明兴制药有限公司',to_date('30-6月 -22','DD-MON-RR'),to_date('02-9月 -23','DD-MON-RR'),'23201',39,11.9);
Insert into TEST_ACCOUNT.MEDICINE_PURCHASE (MEDICINE_NAME,MANUFACTURER,PRODUCTION_DATE,PURCHASE_DATE,ADMINISTRATOR_ID,PURCHASE_AMOUNT,PURCHASE_PRICE) values ('板蓝根颗粒','潮州白云山明兴制药有限公司',to_date('30-6月 -22','DD-MON-RR'),to_date('02-7月 -23','DD-MON-RR'),'23201',59,11.9);
Insert into TEST_ACCOUNT.MEDICINE_PURCHASE (MEDICINE_NAME,MANUFACTURER,PRODUCTION_DATE,PURCHASE_DATE,ADMINISTRATOR_ID,PURCHASE_AMOUNT,PURCHASE_PRICE) values ('板蓝根颗粒','潮州白云山明兴制药有限公司',to_date('30-6月 -22','DD-MON-RR'),to_date('02-5月 -23','DD-MON-RR'),'23201',180,11.9);
Insert into TEST_ACCOUNT.MEDICINE_PURCHASE (MEDICINE_NAME,MANUFACTURER,PRODUCTION_DATE,PURCHASE_DATE,ADMINISTRATOR_ID,PURCHASE_AMOUNT,PURCHASE_PRICE) values ('板蓝根颗粒','潮州白云山明兴制药有限公司',to_date('30-6月 -22','DD-MON-RR'),to_date('02-3月 -23','DD-MON-RR'),'23201',10,11.9);
REM INSERTING into TEST_ACCOUNT.MEDICINE_SELL
SET DEFINE OFF;
Insert into TEST_ACCOUNT.MEDICINE_SELL (MEDICINE_NAME,MANUFACTURER,SELLING_PRICE) values ('小柴胡颗粒','广州白云山明兴制药有限公司',25.8);
Insert into TEST_ACCOUNT.MEDICINE_SELL (MEDICINE_NAME,MANUFACTURER,SELLING_PRICE) values ('阿司匹林肠溶片','广州白云山明兴制药有限公司',19.8);
Insert into TEST_ACCOUNT.MEDICINE_SELL (MEDICINE_NAME,MANUFACTURER,SELLING_PRICE) values ('快克复方氨酚烷胺胶囊','广州白云山明兴制药有限公司',37.5);
Insert into TEST_ACCOUNT.MEDICINE_SELL (MEDICINE_NAME,MANUFACTURER,SELLING_PRICE) values ('阿司匹林肠溶片','北京曙光药业有限责任公司',16);
Insert into TEST_ACCOUNT.MEDICINE_SELL (MEDICINE_NAME,MANUFACTURER,SELLING_PRICE) values ('莲花清瘟胶囊','石家庄以岭药业股份有限公司',14.8);
Insert into TEST_ACCOUNT.MEDICINE_SELL (MEDICINE_NAME,MANUFACTURER,SELLING_PRICE) values ('维生素B2','佑华制药（乐山）有限公司',4);
Insert into TEST_ACCOUNT.MEDICINE_SELL (MEDICINE_NAME,MANUFACTURER,SELLING_PRICE) values ('清开灵颗粒','广州白云山明兴制药有限公司',33.5);
Insert into TEST_ACCOUNT.MEDICINE_SELL (MEDICINE_NAME,MANUFACTURER,SELLING_PRICE) values ('板蓝根颗粒','华润三九医药股份有限公司',14.5);
Insert into TEST_ACCOUNT.MEDICINE_SELL (MEDICINE_NAME,MANUFACTURER,SELLING_PRICE) values ('小柴胡颗粒','华润三九医药股份有限公司',17.8);
Insert into TEST_ACCOUNT.MEDICINE_SELL (MEDICINE_NAME,MANUFACTURER,SELLING_PRICE) values ('快克复方氨酚烷胺胶囊','海南亚洲制药股份有限公司',39.9);
Insert into TEST_ACCOUNT.MEDICINE_SELL (MEDICINE_NAME,MANUFACTURER,SELLING_PRICE) values ('金银花口服液','真奥金银花药业有限公司',27.9);
Insert into TEST_ACCOUNT.MEDICINE_SELL (MEDICINE_NAME,MANUFACTURER,SELLING_PRICE) values ('云南白药气雾剂','云南白药集团股份有限公司',63.1);
Insert into TEST_ACCOUNT.MEDICINE_SELL (MEDICINE_NAME,MANUFACTURER,SELLING_PRICE) values ('云南白药膏','云南白药集团股份有限公司',25.5);
Insert into TEST_ACCOUNT.MEDICINE_SELL (MEDICINE_NAME,MANUFACTURER,SELLING_PRICE) values ('肠炎宁片','江西康恩贝中药有限公司',31.26);
Insert into TEST_ACCOUNT.MEDICINE_SELL (MEDICINE_NAME,MANUFACTURER,SELLING_PRICE) values ('同仁堂四神丸','北京同仁堂天然药物（唐山）有限公司',54);
Insert into TEST_ACCOUNT.MEDICINE_SELL (MEDICINE_NAME,MANUFACTURER,SELLING_PRICE) values ('酪酸梭菌活菌胶囊','远大生命科学（重庆）有限公司',22.5);
Insert into TEST_ACCOUNT.MEDICINE_SELL (MEDICINE_NAME,MANUFACTURER,SELLING_PRICE) values ('板蓝根颗粒','广州白云山明兴制药有限公司',10);
Insert into TEST_ACCOUNT.MEDICINE_SELL (MEDICINE_NAME,MANUFACTURER,SELLING_PRICE) values ('吗丁啉','西安杨森制药有限公司',19);
Insert into TEST_ACCOUNT.MEDICINE_SELL (MEDICINE_NAME,MANUFACTURER,SELLING_PRICE) values ('多潘立酮片','西安杨森制药有限公司',1);
Insert into TEST_ACCOUNT.MEDICINE_SELL (MEDICINE_NAME,MANUFACTURER,SELLING_PRICE) values ('酪酸梭菌活菌胶囊','远大生命科学有限公司',37.5);
Insert into TEST_ACCOUNT.MEDICINE_SELL (MEDICINE_NAME,MANUFACTURER,SELLING_PRICE) values ('板蓝根颗粒','潮州白云山明兴制药有限公司',18.6);
REM INSERTING into TEST_ACCOUNT.MEDICINE_STOCK
SET DEFINE OFF;
Insert into TEST_ACCOUNT.MEDICINE_STOCK (MEDICINE_NAME,MANUFACTURER,PRODUCTION_DATE,MEDICINE_SHELFLIFE,MEDICINE_AMOUNT,THRESHOLD_VALUE,CLEAN_DATE,CLEAN_ADMINISTRATOR) values ('布洛芬缓释胶囊','中美天津史克制药有限公司',to_date('06-6月 -23','DD-MON-RR'),24,0,20,to_date('03-9月 -23','DD-MON-RR'),'23201');
Insert into TEST_ACCOUNT.MEDICINE_STOCK (MEDICINE_NAME,MANUFACTURER,PRODUCTION_DATE,MEDICINE_SHELFLIFE,MEDICINE_AMOUNT,THRESHOLD_VALUE,CLEAN_DATE,CLEAN_ADMINISTRATOR) values ('清开灵颗粒','广州白云山明兴制药有限公司',to_date('30-6月 -23','DD-MON-RR'),12,123,20,null,null);
Insert into TEST_ACCOUNT.MEDICINE_STOCK (MEDICINE_NAME,MANUFACTURER,PRODUCTION_DATE,MEDICINE_SHELFLIFE,MEDICINE_AMOUNT,THRESHOLD_VALUE,CLEAN_DATE,CLEAN_ADMINISTRATOR) values ('板蓝根颗粒','潮州白云山明兴制药有限公司',to_date('30-6月 -23','DD-MON-RR'),12,0,20,to_date('05-9月 -23','DD-MON-RR'),'23201');
Insert into TEST_ACCOUNT.MEDICINE_STOCK (MEDICINE_NAME,MANUFACTURER,PRODUCTION_DATE,MEDICINE_SHELFLIFE,MEDICINE_AMOUNT,THRESHOLD_VALUE,CLEAN_DATE,CLEAN_ADMINISTRATOR) values ('药品名','生产单位',to_date('01-1月 -20','DD-MON-RR'),1,0,22,to_date('03-9月 -23','DD-MON-RR'),'23201');
Insert into TEST_ACCOUNT.MEDICINE_STOCK (MEDICINE_NAME,MANUFACTURER,PRODUCTION_DATE,MEDICINE_SHELFLIFE,MEDICINE_AMOUNT,THRESHOLD_VALUE,CLEAN_DATE,CLEAN_ADMINISTRATOR) values ('清开灵颗粒','广州黑云山明兴制药有限公司',to_date('01-1月 -23','DD-MON-RR'),1,0,100,to_date('04-9月 -23','DD-MON-RR'),'23201');
Insert into TEST_ACCOUNT.MEDICINE_STOCK (MEDICINE_NAME,MANUFACTURER,PRODUCTION_DATE,MEDICINE_SHELFLIFE,MEDICINE_AMOUNT,THRESHOLD_VALUE,CLEAN_DATE,CLEAN_ADMINISTRATOR) values ('板蓝根颗粒','广州白云山明兴制药有限公司',to_date('29-6月 -23','DD-MON-RR'),12,200,20,null,null);
Insert into TEST_ACCOUNT.MEDICINE_STOCK (MEDICINE_NAME,MANUFACTURER,PRODUCTION_DATE,MEDICINE_SHELFLIFE,MEDICINE_AMOUNT,THRESHOLD_VALUE,CLEAN_DATE,CLEAN_ADMINISTRATOR) values ('多潘立酮片','西安杨森制药有限公司',to_date('01-6月 -23','DD-MON-RR'),1,100,30,null,null);
Insert into TEST_ACCOUNT.MEDICINE_STOCK (MEDICINE_NAME,MANUFACTURER,PRODUCTION_DATE,MEDICINE_SHELFLIFE,MEDICINE_AMOUNT,THRESHOLD_VALUE,CLEAN_DATE,CLEAN_ADMINISTRATOR) values ('小柴胡颗粒','广州白云山明兴制药有限公司',to_date('30-6月 -23','DD-MON-RR'),12,200,20,null,null);
Insert into TEST_ACCOUNT.MEDICINE_STOCK (MEDICINE_NAME,MANUFACTURER,PRODUCTION_DATE,MEDICINE_SHELFLIFE,MEDICINE_AMOUNT,THRESHOLD_VALUE,CLEAN_DATE,CLEAN_ADMINISTRATOR) values ('阿司匹林肠溶片','广州白云山明兴制药有限公司',to_date('02-2月 -23','DD-MON-RR'),1,100,200,null,null);
Insert into TEST_ACCOUNT.MEDICINE_STOCK (MEDICINE_NAME,MANUFACTURER,PRODUCTION_DATE,MEDICINE_SHELFLIFE,MEDICINE_AMOUNT,THRESHOLD_VALUE,CLEAN_DATE,CLEAN_ADMINISTRATOR) values ('多潘立酮片','西安杨森制药有限公司',to_date('30-6月 -23','DD-MON-RR'),12,200,20,null,null);
Insert into TEST_ACCOUNT.MEDICINE_STOCK (MEDICINE_NAME,MANUFACTURER,PRODUCTION_DATE,MEDICINE_SHELFLIFE,MEDICINE_AMOUNT,THRESHOLD_VALUE,CLEAN_DATE,CLEAN_ADMINISTRATOR) values ('维生素B2','佑华制药（乐山）有限公司',to_date('31-8月 -23','DD-MON-RR'),24,129,30,null,null);
Insert into TEST_ACCOUNT.MEDICINE_STOCK (MEDICINE_NAME,MANUFACTURER,PRODUCTION_DATE,MEDICINE_SHELFLIFE,MEDICINE_AMOUNT,THRESHOLD_VALUE,CLEAN_DATE,CLEAN_ADMINISTRATOR) values ('清开灵颗粒','广州白云山明兴制药有限公司',to_date('31-8月 -23','DD-MON-RR'),12,120,20,null,null);
Insert into TEST_ACCOUNT.MEDICINE_STOCK (MEDICINE_NAME,MANUFACTURER,PRODUCTION_DATE,MEDICINE_SHELFLIFE,MEDICINE_AMOUNT,THRESHOLD_VALUE,CLEAN_DATE,CLEAN_ADMINISTRATOR) values ('快克复方氨酚烷胺胶囊','浙江亚峰药厂有限公司',to_date('02-2月 -22','DD-MON-RR'),18,100,11,null,null);
Insert into TEST_ACCOUNT.MEDICINE_STOCK (MEDICINE_NAME,MANUFACTURER,PRODUCTION_DATE,MEDICINE_SHELFLIFE,MEDICINE_AMOUNT,THRESHOLD_VALUE,CLEAN_DATE,CLEAN_ADMINISTRATOR) values ('阿司匹林肠溶片','广州白云山明兴制药有限公司',to_date('30-6月 -23','DD-MON-RR'),12,186,20,null,null);
Insert into TEST_ACCOUNT.MEDICINE_STOCK (MEDICINE_NAME,MANUFACTURER,PRODUCTION_DATE,MEDICINE_SHELFLIFE,MEDICINE_AMOUNT,THRESHOLD_VALUE,CLEAN_DATE,CLEAN_ADMINISTRATOR) values ('莲花清瘟胶囊','石家庄以岭药业股份有限公司',to_date('08-4月 -23','DD-MON-RR'),18,220,30,null,null);
Insert into TEST_ACCOUNT.MEDICINE_STOCK (MEDICINE_NAME,MANUFACTURER,PRODUCTION_DATE,MEDICINE_SHELFLIFE,MEDICINE_AMOUNT,THRESHOLD_VALUE,CLEAN_DATE,CLEAN_ADMINISTRATOR) values ('感冒灵颗粒','华润三九医药股份有限公司',to_date('18-7月 -23','DD-MON-RR'),24,0,40,to_date('02-9月 -23','DD-MON-RR'),'23201');
Insert into TEST_ACCOUNT.MEDICINE_STOCK (MEDICINE_NAME,MANUFACTURER,PRODUCTION_DATE,MEDICINE_SHELFLIFE,MEDICINE_AMOUNT,THRESHOLD_VALUE,CLEAN_DATE,CLEAN_ADMINISTRATOR) values ('藿香正气水','太极集团制药有限公司',to_date('03-3月 -23','DD-MON-RR'),12,0,15,to_date('03-9月 -23','DD-MON-RR'),'23201');
Insert into TEST_ACCOUNT.MEDICINE_STOCK (MEDICINE_NAME,MANUFACTURER,PRODUCTION_DATE,MEDICINE_SHELFLIFE,MEDICINE_AMOUNT,THRESHOLD_VALUE,CLEAN_DATE,CLEAN_ADMINISTRATOR) values ('清开灵颗粒','广州白云山明兴制药有限公司',to_date('30-6月 -22','DD-MON-RR'),12,0,20,to_date('02-9月 -23','DD-MON-RR'),'23201');
Insert into TEST_ACCOUNT.MEDICINE_STOCK (MEDICINE_NAME,MANUFACTURER,PRODUCTION_DATE,MEDICINE_SHELFLIFE,MEDICINE_AMOUNT,THRESHOLD_VALUE,CLEAN_DATE,CLEAN_ADMINISTRATOR) values ('快克复方氨酚烷胺胶囊','广州白云山明兴制药有限公司',to_date('08-8月 -23','DD-MON-RR'),1,94,200,null,null);
Insert into TEST_ACCOUNT.MEDICINE_STOCK (MEDICINE_NAME,MANUFACTURER,PRODUCTION_DATE,MEDICINE_SHELFLIFE,MEDICINE_AMOUNT,THRESHOLD_VALUE,CLEAN_DATE,CLEAN_ADMINISTRATOR) values ('酪酸梭菌活菌胶囊','远大生命科学有限公司',to_date('17-4月 -23','DD-MON-RR'),18,200,10,null,null);
Insert into TEST_ACCOUNT.MEDICINE_STOCK (MEDICINE_NAME,MANUFACTURER,PRODUCTION_DATE,MEDICINE_SHELFLIFE,MEDICINE_AMOUNT,THRESHOLD_VALUE,CLEAN_DATE,CLEAN_ADMINISTRATOR) values ('新的药品','生产单位',to_date('30-6月 -23','DD-MON-RR'),1,0,1212,to_date('03-9月 -23','DD-MON-RR'),'23201');
Insert into TEST_ACCOUNT.MEDICINE_STOCK (MEDICINE_NAME,MANUFACTURER,PRODUCTION_DATE,MEDICINE_SHELFLIFE,MEDICINE_AMOUNT,THRESHOLD_VALUE,CLEAN_DATE,CLEAN_ADMINISTRATOR) values ('清开灵颗粒','广州白云山明兴制药有限公司',to_date('01-1月 -23','DD-MON-RR'),1,460,22,null,null);
Insert into TEST_ACCOUNT.MEDICINE_STOCK (MEDICINE_NAME,MANUFACTURER,PRODUCTION_DATE,MEDICINE_SHELFLIFE,MEDICINE_AMOUNT,THRESHOLD_VALUE,CLEAN_DATE,CLEAN_ADMINISTRATOR) values ('板蓝根颗粒','广州白云山明兴制药有限公司',to_date('30-6月 -23','DD-MON-RR'),12,0,20,to_date('04-9月 -23','DD-MON-RR'),'23201');
Insert into TEST_ACCOUNT.MEDICINE_STOCK (MEDICINE_NAME,MANUFACTURER,PRODUCTION_DATE,MEDICINE_SHELFLIFE,MEDICINE_AMOUNT,THRESHOLD_VALUE,CLEAN_DATE,CLEAN_ADMINISTRATOR) values ('板蓝根颗粒','广州白云山明兴制药有限公司',to_date('30-6月 -23','DD-MON-RR'),1,94,10,null,null);
REM INSERTING into TEST_ACCOUNT.OUTPATIENT_ORDER
SET DEFINE OFF;
Insert into TEST_ACCOUNT.OUTPATIENT_ORDER (ORDER_ID,PATIENT_ID,ORDER_TIME) values ('202309070002152896230045','2152896',to_timestamp('07-9月 -23 08.25.05.183111000 下午','DD-MON-RR HH.MI.SS.FF AM'));
Insert into TEST_ACCOUNT.OUTPATIENT_ORDER (ORDER_ID,PATIENT_ID,ORDER_TIME) values ('202309090002152896230043','2152896',to_timestamp('09-9月 -23 10.48.30.872034000 上午','DD-MON-RR HH.MI.SS.FF AM'));
Insert into TEST_ACCOUNT.OUTPATIENT_ORDER (ORDER_ID,PATIENT_ID,ORDER_TIME) values ('202309090002152896230042','2152896',to_timestamp('09-9月 -23 10.50.58.618682000 上午','DD-MON-RR HH.MI.SS.FF AM'));
Insert into TEST_ACCOUNT.OUTPATIENT_ORDER (ORDER_ID,PATIENT_ID,ORDER_TIME) values ('202309040002152896230047','2152896',to_timestamp('05-9月 -23 12.10.05.234585000 下午','DD-MON-RR HH.MI.SS.FF AM'));
Insert into TEST_ACCOUNT.OUTPATIENT_ORDER (ORDER_ID,PATIENT_ID,ORDER_TIME) values ('202309060002152896230041','2152896',to_timestamp('07-9月 -23 08.26.40.770643000 下午','DD-MON-RR HH.MI.SS.FF AM'));
Insert into TEST_ACCOUNT.OUTPATIENT_ORDER (ORDER_ID,PATIENT_ID,ORDER_TIME) values ('202309090002152896230044','2152896',to_timestamp('09-9月 -23 10.49.54.006388000 上午','DD-MON-RR HH.MI.SS.FF AM'));
Insert into TEST_ACCOUNT.OUTPATIENT_ORDER (ORDER_ID,PATIENT_ID,ORDER_TIME) values ('2023090400021528962300418','2152896',to_timestamp('06-9月 -23 11.45.52.248563000 上午','DD-MON-RR HH.MI.SS.FF AM'));
Insert into TEST_ACCOUNT.OUTPATIENT_ORDER (ORDER_ID,PATIENT_ID,ORDER_TIME) values ('202309060002152896230043','2152896',to_timestamp('06-9月 -23 09.04.21.597016000 下午','DD-MON-RR HH.MI.SS.FF AM'));
Insert into TEST_ACCOUNT.OUTPATIENT_ORDER (ORDER_ID,PATIENT_ID,ORDER_TIME) values ('202309090002053246230072','2053246',to_timestamp('09-9月 -23 03.02.00.194566000 下午','DD-MON-RR HH.MI.SS.FF AM'));
Insert into TEST_ACCOUNT.OUTPATIENT_ORDER (ORDER_ID,PATIENT_ID,ORDER_TIME) values ('2023090400021528962300416','2152896',to_timestamp('06-9月 -23 11.15.45.248448000 上午','DD-MON-RR HH.MI.SS.FF AM'));
Insert into TEST_ACCOUNT.OUTPATIENT_ORDER (ORDER_ID,PATIENT_ID,ORDER_TIME) values ('202309080002152896230041','2152896',to_timestamp('09-9月 -23 10.52.14.940332000 上午','DD-MON-RR HH.MI.SS.FF AM'));
Insert into TEST_ACCOUNT.OUTPATIENT_ORDER (ORDER_ID,PATIENT_ID,ORDER_TIME) values ('2023090400021528962300417','2152896',to_timestamp('06-9月 -23 11.29.06.936678000 上午','DD-MON-RR HH.MI.SS.FF AM'));
REM INSERTING into TEST_ACCOUNT.PATIENT
SET DEFINE OFF;
Insert into TEST_ACCOUNT.PATIENT (PATIENT_ID,NAME,GENDER,BIRTH_DATE,CONTACT,PASSWORD,COLLEGE,COUNSELLOR) values ('2151895','周曦文',0,to_date('11-7月 -03','DD-MON-RR'),'15509782366','117866','软件学院','葛雷');
Insert into TEST_ACCOUNT.PATIENT (PATIENT_ID,NAME,GENDER,BIRTH_DATE,CONTACT,PASSWORD,COLLEGE,COUNSELLOR) values ('2152895','张怀艺',1,to_date('12-10月-02','DD-MON-RR'),'13309358967','243351','软件学院','葛蕾');
Insert into TEST_ACCOUNT.PATIENT (PATIENT_ID,NAME,GENDER,BIRTH_DATE,CONTACT,PASSWORD,COLLEGE,COUNSELLOR) values ('2152896','李华华',1,to_date('21-2月 -03','DD-MON-RR'),'17798766735','507464','电子与信息工程学院','王凯文');
Insert into TEST_ACCOUNT.PATIENT (PATIENT_ID,NAME,GENDER,BIRTH_DATE,CONTACT,PASSWORD,COLLEGE,COUNSELLOR) values ('1919810','周浩杰',1,to_date('03-8月 -03','DD-MON-RR'),'18282281666','777788','软件学院','陈璞皎');
Insert into TEST_ACCOUNT.PATIENT (PATIENT_ID,NAME,GENDER,BIRTH_DATE,CONTACT,PASSWORD,COLLEGE,COUNSELLOR) values ('1919811','张元翔',1,to_date('04-9月 -02','DD-MON-RR'),'13571435676','121212','软件学院','陈璞皎');
Insert into TEST_ACCOUNT.PATIENT (PATIENT_ID,NAME,GENDER,BIRTH_DATE,CONTACT,PASSWORD,COLLEGE,COUNSELLOR) values ('2019811','岳桂凡',1,to_date('25-1月 -02','DD-MON-RR'),'13561435876','323213','软件学院','陈璞皎');
Insert into TEST_ACCOUNT.PATIENT (PATIENT_ID,NAME,GENDER,BIRTH_DATE,CONTACT,PASSWORD,COLLEGE,COUNSELLOR) values ('2050664','黄晨冉',1,to_date('11-6月 -02','DD-MON-RR'),'18255857710','18255857710hcr','同济大学','unknown');
Insert into TEST_ACCOUNT.PATIENT (PATIENT_ID,NAME,GENDER,BIRTH_DATE,CONTACT,PASSWORD,COLLEGE,COUNSELLOR) values ('2053246','李思怡',0,to_date('14-9月 -12','DD-MON-RR'),'13299319978','1234','电子与信息工程学院','王凯文');
Insert into TEST_ACCOUNT.PATIENT (PATIENT_ID,NAME,GENDER,BIRTH_DATE,CONTACT,PASSWORD,COLLEGE,COUNSELLOR) values ('2153401','赵一婷',0,to_date('31-1月 -01','DD-MON-RR'),'18255857710','123456789','同济大学','unknown');
Insert into TEST_ACCOUNT.PATIENT (PATIENT_ID,NAME,GENDER,BIRTH_DATE,CONTACT,PASSWORD,COLLEGE,COUNSELLOR) values ('2151678','王辰跃',1,to_date('03-4月 -02','DD-MON-RR'),'13567354678','126462','电子与信息工程学院','王凯文');
Insert into TEST_ACCOUNT.PATIENT (PATIENT_ID,NAME,GENDER,BIRTH_DATE,CONTACT,PASSWORD,COLLEGE,COUNSELLOR) values ('2153456','李文哲',0,to_date('18-8月 -03','DD-MON-RR'),'123456546','099064','软件学院','葛蕾');
Insert into TEST_ACCOUNT.PATIENT (PATIENT_ID,NAME,GENDER,BIRTH_DATE,CONTACT,PASSWORD,COLLEGE,COUNSELLOR) values ('2152345','刘思雨',0,to_date('18-12月-03','DD-MON-RR'),'7653763567','969185','电子与信息工程学院','葛蕾');
Insert into TEST_ACCOUNT.PATIENT (PATIENT_ID,NAME,GENDER,BIRTH_DATE,CONTACT,PASSWORD,COLLEGE,COUNSELLOR) values ('2156345','周子隽',1,to_date('11-3月 -03','DD-MON-RR'),'65435645','666140','软件学院','葛蕾');
Insert into TEST_ACCOUNT.PATIENT (PATIENT_ID,NAME,GENDER,BIRTH_DATE,CONTACT,PASSWORD,COLLEGE,COUNSELLOR) values ('2056769','周嘉浩',0,to_date('25-8月 -03','DD-MON-RR'),'18282281552','000111','软件学院','陈璞皎');
Insert into TEST_ACCOUNT.PATIENT (PATIENT_ID,NAME,GENDER,BIRTH_DATE,CONTACT,PASSWORD,COLLEGE,COUNSELLOR) values ('1919332','王璞蕾',0,to_date('01-1月 -89','DD-MON-RR'),'13287281957','111000','软件学院','陈璞皎');
REM INSERTING into TEST_ACCOUNT.PRESCRIPTION
SET DEFINE OFF;
Insert into TEST_ACCOUNT.PRESCRIPTION (PRESCRIPTION_ID,TOTAL_PRICE,DOCTOR_ID,PAYSTATE) values ('202309090002152896230045',48,'23004',0);
Insert into TEST_ACCOUNT.PRESCRIPTION (PRESCRIPTION_ID,TOTAL_PRICE,DOCTOR_ID,PAYSTATE) values ('202309090002050664230041',48,'23004',0);
Insert into TEST_ACCOUNT.PRESCRIPTION (PRESCRIPTION_ID,TOTAL_PRICE,DOCTOR_ID,PAYSTATE) values ('202309040002152896230045',28,'23004',1);
Insert into TEST_ACCOUNT.PRESCRIPTION (PRESCRIPTION_ID,TOTAL_PRICE,DOCTOR_ID,PAYSTATE) values ('202309080002152896230042',48,'23004',0);
Insert into TEST_ACCOUNT.PRESCRIPTION (PRESCRIPTION_ID,TOTAL_PRICE,DOCTOR_ID,PAYSTATE) values ('202309080002152896230043',48,'23004',0);
Insert into TEST_ACCOUNT.PRESCRIPTION (PRESCRIPTION_ID,TOTAL_PRICE,DOCTOR_ID,PAYSTATE) values ('202309070002152896230045',14.5,'23004',1);
Insert into TEST_ACCOUNT.PRESCRIPTION (PRESCRIPTION_ID,TOTAL_PRICE,DOCTOR_ID,PAYSTATE) values ('202309080002152896230045',48,'23004',0);
Insert into TEST_ACCOUNT.PRESCRIPTION (PRESCRIPTION_ID,TOTAL_PRICE,DOCTOR_ID,PAYSTATE) values ('202309060002152896230043',14.8,'23004',1);
Insert into TEST_ACCOUNT.PRESCRIPTION (PRESCRIPTION_ID,TOTAL_PRICE,DOCTOR_ID,PAYSTATE) values ('202309090002152896230041',0,'23004',0);
Insert into TEST_ACCOUNT.PRESCRIPTION (PRESCRIPTION_ID,TOTAL_PRICE,DOCTOR_ID,PAYSTATE) values ('202309030002152896230047',0,'23004',1);
Insert into TEST_ACCOUNT.PRESCRIPTION (PRESCRIPTION_ID,TOTAL_PRICE,DOCTOR_ID,PAYSTATE) values ('202309090002053246230072',48,'23007',1);
Insert into TEST_ACCOUNT.PRESCRIPTION (PRESCRIPTION_ID,TOTAL_PRICE,DOCTOR_ID,PAYSTATE) values ('202309040002151678230043',73.4,'23004',1);
Insert into TEST_ACCOUNT.PRESCRIPTION (PRESCRIPTION_ID,TOTAL_PRICE,DOCTOR_ID,PAYSTATE) values ('202309080002152896230041',48,'23004',1);
Insert into TEST_ACCOUNT.PRESCRIPTION (PRESCRIPTION_ID,TOTAL_PRICE,DOCTOR_ID,PAYSTATE) values ('202309060002152896230041',52,'23004',1);
Insert into TEST_ACCOUNT.PRESCRIPTION (PRESCRIPTION_ID,TOTAL_PRICE,DOCTOR_ID,PAYSTATE) values ('202309090002152896230043',66.52,'23004',1);
Insert into TEST_ACCOUNT.PRESCRIPTION (PRESCRIPTION_ID,TOTAL_PRICE,DOCTOR_ID,PAYSTATE) values ('202309090002152896230042',48,'23004',1);
Insert into TEST_ACCOUNT.PRESCRIPTION (PRESCRIPTION_ID,TOTAL_PRICE,DOCTOR_ID,PAYSTATE) values ('202309090002152896230044',48,'23004',1);
Insert into TEST_ACCOUNT.PRESCRIPTION (PRESCRIPTION_ID,TOTAL_PRICE,DOCTOR_ID,PAYSTATE) values ('202309040002152896230047',14.8,'23004',1);
REM INSERTING into TEST_ACCOUNT.PRESCRIPTION_MEDICINE
SET DEFINE OFF;
Insert into TEST_ACCOUNT.PRESCRIPTION_MEDICINE (PRESCRIPTION_ID,MEDICINE_NAME,MEDICATION_INSTRUCTION,MEDICINE_PRICE,QUANTITY) values ('202309080002152896230042','清开灵颗粒','一日2～3次，儿童酌减或遵医嘱。#久病体虚患者如出现腹泻时慎用。',33.5,1);
Insert into TEST_ACCOUNT.PRESCRIPTION_MEDICINE (PRESCRIPTION_ID,MEDICINE_NAME,MEDICATION_INSTRUCTION,MEDICINE_PRICE,QUANTITY) values ('202309080002152896230043','板蓝根颗粒','一日3-4次#忌烟酒、辛辣、鱼腥食物。不宜在服药期间同时服用滋补性中药。',14.5,1);
Insert into TEST_ACCOUNT.PRESCRIPTION_MEDICINE (PRESCRIPTION_ID,MEDICINE_NAME,MEDICATION_INSTRUCTION,MEDICINE_PRICE,QUANTITY) values ('202309080002152896230043','清开灵颗粒','一日2～3次，儿童酌减或遵医嘱。#久病体虚患者如出现腹泻时慎用。',33.5,1);
Insert into TEST_ACCOUNT.PRESCRIPTION_MEDICINE (PRESCRIPTION_ID,MEDICINE_NAME,MEDICATION_INSTRUCTION,MEDICINE_PRICE,QUANTITY) values ('202309090002152896230045','板蓝根颗粒','一日3-4次#忌烟酒、辛辣、鱼腥食物。不宜在服药期间同时服用滋补性中药。',14.5,1);
Insert into TEST_ACCOUNT.PRESCRIPTION_MEDICINE (PRESCRIPTION_ID,MEDICINE_NAME,MEDICATION_INSTRUCTION,MEDICINE_PRICE,QUANTITY) values ('202309090002152896230045','清开灵颗粒','一日2～3次，儿童酌减或遵医嘱。#久病体虚患者如出现腹泻时慎用。',33.5,1);
Insert into TEST_ACCOUNT.PRESCRIPTION_MEDICINE (PRESCRIPTION_ID,MEDICINE_NAME,MEDICATION_INSTRUCTION,MEDICINE_PRICE,QUANTITY) values ('202309090002050664230041','板蓝根颗粒','一日3-4次#忌烟酒、辛辣、鱼腥食物。不宜在服药期间同时服用滋补性中药。',14.5,1);
Insert into TEST_ACCOUNT.PRESCRIPTION_MEDICINE (PRESCRIPTION_ID,MEDICINE_NAME,MEDICATION_INSTRUCTION,MEDICINE_PRICE,QUANTITY) values ('202309090002050664230041','清开灵颗粒','一日2～3次，儿童酌减或遵医嘱。#久病体虚患者如出现腹泻时慎用。',33.5,1);
Insert into TEST_ACCOUNT.PRESCRIPTION_MEDICINE (PRESCRIPTION_ID,MEDICINE_NAME,MEDICATION_INSTRUCTION,MEDICINE_PRICE,QUANTITY) values ('202309040002152896230045','快克复方氨酚烷胺胶囊','一日两次#用药3-7天，症状未缓解，请咨询医师或药师。服用本品期间不得饮酒或含有酒精的饮料。',12,1);
Insert into TEST_ACCOUNT.PRESCRIPTION_MEDICINE (PRESCRIPTION_ID,MEDICINE_NAME,MEDICATION_INSTRUCTION,MEDICINE_PRICE,QUANTITY) values ('202309040002152896230045','阿司匹林肠溶片','每日一次#本品用于抗血栓。临床用于预防一过性脑缺血发作、心肌梗死、心房颤动、人工心脏瓣膜、动静脉瘘或其他手术后的血栓形成。也可用于治疗不稳定型心绞痛。',16,1);
Insert into TEST_ACCOUNT.PRESCRIPTION_MEDICINE (PRESCRIPTION_ID,MEDICINE_NAME,MEDICATION_INSTRUCTION,MEDICINE_PRICE,QUANTITY) values ('202309080002152896230042','板蓝根颗粒','一日3-4次#忌烟酒、辛辣、鱼腥食物。不宜在服药期间同时服用滋补性中药。',14.5,1);
Insert into TEST_ACCOUNT.PRESCRIPTION_MEDICINE (PRESCRIPTION_ID,MEDICINE_NAME,MEDICATION_INSTRUCTION,MEDICINE_PRICE,QUANTITY) values ('202309070002152896230045','板蓝根颗粒','一天三次，7天一疗程，睡前最好喝一包',14.5,1);
Insert into TEST_ACCOUNT.PRESCRIPTION_MEDICINE (PRESCRIPTION_ID,MEDICINE_NAME,MEDICATION_INSTRUCTION,MEDICINE_PRICE,QUANTITY) values ('202309080002152896230045','板蓝根颗粒','一日3-4次#忌烟酒、辛辣、鱼腥食物。不宜在服药期间同时服用滋补性中药。',14.5,1);
Insert into TEST_ACCOUNT.PRESCRIPTION_MEDICINE (PRESCRIPTION_ID,MEDICINE_NAME,MEDICATION_INSTRUCTION,MEDICINE_PRICE,QUANTITY) values ('202309080002152896230045','清开灵颗粒','一日2～3次，儿童酌减或遵医嘱。#久病体虚患者如出现腹泻时慎用。',33.5,1);
Insert into TEST_ACCOUNT.PRESCRIPTION_MEDICINE (PRESCRIPTION_ID,MEDICINE_NAME,MEDICATION_INSTRUCTION,MEDICINE_PRICE,QUANTITY) values ('202309090002053246230072','板蓝根颗粒','一日3-4次#忌烟酒、辛辣、鱼腥食物。不宜在服药期间同时服用滋补性中药。',14.5,1);
Insert into TEST_ACCOUNT.PRESCRIPTION_MEDICINE (PRESCRIPTION_ID,MEDICINE_NAME,MEDICATION_INSTRUCTION,MEDICINE_PRICE,QUANTITY) values ('202309090002053246230072','清开灵颗粒','一日2～3次，儿童酌减或遵医嘱。#久病体虚患者如出现腹泻时慎用。',33.5,1);
Insert into TEST_ACCOUNT.PRESCRIPTION_MEDICINE (PRESCRIPTION_ID,MEDICINE_NAME,MEDICATION_INSTRUCTION,MEDICINE_PRICE,QUANTITY) values ('202309040002152896230047','莲花清瘟胶囊','一日三次#无',14.8,1);
Insert into TEST_ACCOUNT.PRESCRIPTION_MEDICINE (PRESCRIPTION_ID,MEDICINE_NAME,MEDICATION_INSTRUCTION,MEDICINE_PRICE,QUANTITY) values ('202309060002152896230043','莲花清瘟胶囊','一日三次#本品用于治疗流行性感冒属热毒袭肺证，症见发热或高热，恶寒，肌肉酸痛，鼻塞流涕，咳嗽，头痛，咽干咽痛，舌偏红，苔黄或黄腻等。',14.8,1);
Insert into TEST_ACCOUNT.PRESCRIPTION_MEDICINE (PRESCRIPTION_ID,MEDICINE_NAME,MEDICATION_INSTRUCTION,MEDICINE_PRICE,QUANTITY) values ('202309040002151678230043','板蓝根颗粒','一日3-4次#忌烟酒、辛辣、鱼腥食物。不宜在服药期间同时服用滋补性中药。',14.5,2);
Insert into TEST_ACCOUNT.PRESCRIPTION_MEDICINE (PRESCRIPTION_ID,MEDICINE_NAME,MEDICATION_INSTRUCTION,MEDICINE_PRICE,QUANTITY) values ('202309040002151678230043','莲花清瘟胶囊','一日三次#无',14.8,3);
Insert into TEST_ACCOUNT.PRESCRIPTION_MEDICINE (PRESCRIPTION_ID,MEDICINE_NAME,MEDICATION_INSTRUCTION,MEDICINE_PRICE,QUANTITY) values ('202309080002152896230041','清开灵颗粒','一日2～3次，儿童酌减或遵医嘱。#久病体虚患者如出现腹泻时慎用。',33.5,1);
Insert into TEST_ACCOUNT.PRESCRIPTION_MEDICINE (PRESCRIPTION_ID,MEDICINE_NAME,MEDICATION_INSTRUCTION,MEDICINE_PRICE,QUANTITY) values ('202309080002152896230041','板蓝根颗粒','一日3-4次#忌烟酒、辛辣、鱼腥食物。不宜在服药期间同时服用滋补性中药。',14.5,1);
Insert into TEST_ACCOUNT.PRESCRIPTION_MEDICINE (PRESCRIPTION_ID,MEDICINE_NAME,MEDICATION_INSTRUCTION,MEDICINE_PRICE,QUANTITY) values ('202309090002152896230042','清开灵颗粒','一日2～3次，儿童酌减或遵医嘱。#久病体虚患者如出现腹泻时慎用。',33.5,1);
Insert into TEST_ACCOUNT.PRESCRIPTION_MEDICINE (PRESCRIPTION_ID,MEDICINE_NAME,MEDICATION_INSTRUCTION,MEDICINE_PRICE,QUANTITY) values ('202309090002152896230043','维生素B2','一天一片#可长期服用',4,1);
Insert into TEST_ACCOUNT.PRESCRIPTION_MEDICINE (PRESCRIPTION_ID,MEDICINE_NAME,MEDICATION_INSTRUCTION,MEDICINE_PRICE,QUANTITY) values ('202309090002152896230043','肠炎宁片','一天一片#饭后服用',31.26,2);
Insert into TEST_ACCOUNT.PRESCRIPTION_MEDICINE (PRESCRIPTION_ID,MEDICINE_NAME,MEDICATION_INSTRUCTION,MEDICINE_PRICE,QUANTITY) values ('202309090002152896230044','板蓝根颗粒','一日3-4次#忌烟酒、辛辣、鱼腥食物。不宜在服药期间同时服用滋补性中药。',14.5,1);
Insert into TEST_ACCOUNT.PRESCRIPTION_MEDICINE (PRESCRIPTION_ID,MEDICINE_NAME,MEDICATION_INSTRUCTION,MEDICINE_PRICE,QUANTITY) values ('202309090002152896230044','清开灵颗粒','一日2～3次，儿童酌减或遵医嘱。#久病体虚患者如出现腹泻时慎用。',33.5,1);
Insert into TEST_ACCOUNT.PRESCRIPTION_MEDICINE (PRESCRIPTION_ID,MEDICINE_NAME,MEDICATION_INSTRUCTION,MEDICINE_PRICE,QUANTITY) values ('202309060002152896230041','快克复方氨酚烷胺胶囊','一日两次#用药3-7天，症状未缓解，请咨询医师或药师。服用本品期间不得饮酒或含有酒精的饮料。',37.5,1);
Insert into TEST_ACCOUNT.PRESCRIPTION_MEDICINE (PRESCRIPTION_ID,MEDICINE_NAME,MEDICATION_INSTRUCTION,MEDICINE_PRICE,QUANTITY) values ('202309060002152896230041','板蓝根颗粒','一日3-4次#忌烟酒、辛辣、鱼腥食物。不宜在服药期间同时服用滋补性中药。',14.5,1);
Insert into TEST_ACCOUNT.PRESCRIPTION_MEDICINE (PRESCRIPTION_ID,MEDICINE_NAME,MEDICATION_INSTRUCTION,MEDICINE_PRICE,QUANTITY) values ('202309090002152896230042','板蓝根颗粒','一日3-4次#忌烟酒、辛辣、鱼腥食物。不宜在服药期间同时服用滋补性中药。',14.5,1);
REM INSERTING into TEST_ACCOUNT.REGISTRATION
SET DEFINE OFF;
Insert into TEST_ACCOUNT.REGISTRATION (PATIENT_ID,DOCTOR_ID,APPOINTMENT_TIME,PERIOD,REGISTORDER,STATE,PRESCRIPTIONID,CHECKIN,QRCODEURL,ORDERTIME) values ('2153401','23004',to_date('09-9月 -23','DD-MON-RR'),6,2,0,null,1,'http://static1.showapi.com/app2/img/qrCode/20230909/1694233518254.jpg',to_timestamp('09-9月 -23 12.25.19.000000000 下午','DD-MON-RR HH.MI.SS.FF AM'));
Insert into TEST_ACCOUNT.REGISTRATION (PATIENT_ID,DOCTOR_ID,APPOINTMENT_TIME,PERIOD,REGISTORDER,STATE,PRESCRIPTIONID,CHECKIN,QRCODEURL,ORDERTIME) values ('2152896','23004',to_date('09-9月 -23','DD-MON-RR'),5,1,1,'202309090002152896230045',1,'http://static1.showapi.com/app2/img/qrCode/20230909/1694192287095.jpg',null);
Insert into TEST_ACCOUNT.REGISTRATION (PATIENT_ID,DOCTOR_ID,APPOINTMENT_TIME,PERIOD,REGISTORDER,STATE,PRESCRIPTIONID,CHECKIN,QRCODEURL,ORDERTIME) values ('2152896','23004',to_date('04-9月 -23','DD-MON-RR'),5,1,1,'202309040002152896230045',1,null,null);
Insert into TEST_ACCOUNT.REGISTRATION (PATIENT_ID,DOCTOR_ID,APPOINTMENT_TIME,PERIOD,REGISTORDER,STATE,PRESCRIPTIONID,CHECKIN,QRCODEURL,ORDERTIME) values ('2152896','23003',to_date('05-9月 -23','DD-MON-RR'),1,1,0,null,0,null,null);
Insert into TEST_ACCOUNT.REGISTRATION (PATIENT_ID,DOCTOR_ID,APPOINTMENT_TIME,PERIOD,REGISTORDER,STATE,PRESCRIPTIONID,CHECKIN,QRCODEURL,ORDERTIME) values ('2050664','23004',to_date('09-9月 -23','DD-MON-RR'),1,3,1,'202309090002050664230041',1,'http://static1.showapi.com/app2/img/qrCode/20230909/1694231520945.jpg',null);
Insert into TEST_ACCOUNT.REGISTRATION (PATIENT_ID,DOCTOR_ID,APPOINTMENT_TIME,PERIOD,REGISTORDER,STATE,PRESCRIPTIONID,CHECKIN,QRCODEURL,ORDERTIME) values ('2153401','23004',to_date('09-9月 -23','DD-MON-RR'),4,2,0,null,1,'http://static1.showapi.com/app2/img/qrCode/20230909/1694233520948.jpg',to_timestamp('09-9月 -23 12.25.21.000000000 下午','DD-MON-RR HH.MI.SS.FF AM'));
Insert into TEST_ACCOUNT.REGISTRATION (PATIENT_ID,DOCTOR_ID,APPOINTMENT_TIME,PERIOD,REGISTORDER,STATE,PRESCRIPTIONID,CHECKIN,QRCODEURL,ORDERTIME) values ('2053246','23005',to_date('07-9月 -23','DD-MON-RR'),2,1,-1,null,0,'http://static1.showapi.com/app2/img/qrCode/20230907/1694100792028.jpg',null);
Insert into TEST_ACCOUNT.REGISTRATION (PATIENT_ID,DOCTOR_ID,APPOINTMENT_TIME,PERIOD,REGISTORDER,STATE,PRESCRIPTIONID,CHECKIN,QRCODEURL,ORDERTIME) values ('2152896','23004',to_date('15-9月 -23','DD-MON-RR'),1,1,-1,null,0,'http://static1.showapi.com/app2/img/qrCode/20230906/1694003774991.jpg',null);
Insert into TEST_ACCOUNT.REGISTRATION (PATIENT_ID,DOCTOR_ID,APPOINTMENT_TIME,PERIOD,REGISTORDER,STATE,PRESCRIPTIONID,CHECKIN,QRCODEURL,ORDERTIME) values ('2053246','23004',to_date('13-9月 -23','DD-MON-RR'),3,1,0,null,0,'http://static1.showapi.com/app2/img/qrCode/20230907/1694069161851.jpg',null);
Insert into TEST_ACCOUNT.REGISTRATION (PATIENT_ID,DOCTOR_ID,APPOINTMENT_TIME,PERIOD,REGISTORDER,STATE,PRESCRIPTIONID,CHECKIN,QRCODEURL,ORDERTIME) values ('2053246','23007',to_date('07-9月 -23','DD-MON-RR'),4,1,0,null,1,'http://static1.showapi.com/app2/img/qrCode/20230907/1694069910050.jpg',null);
Insert into TEST_ACCOUNT.REGISTRATION (PATIENT_ID,DOCTOR_ID,APPOINTMENT_TIME,PERIOD,REGISTORDER,STATE,PRESCRIPTIONID,CHECKIN,QRCODEURL,ORDERTIME) values ('2152896','23004',to_date('08-9月 -23','DD-MON-RR'),3,1,1,'202309080002152896230043',1,'http://static1.showapi.com/app2/img/qrCode/20230908/1694165081643.jpg',null);
Insert into TEST_ACCOUNT.REGISTRATION (PATIENT_ID,DOCTOR_ID,APPOINTMENT_TIME,PERIOD,REGISTORDER,STATE,PRESCRIPTIONID,CHECKIN,QRCODEURL,ORDERTIME) values ('2152896','23004',to_date('09-9月 -23','DD-MON-RR'),1,1,0,null,1,'http://static1.showapi.com/app2/img/qrCode/20230908/1694110710751.jpg',null);
Insert into TEST_ACCOUNT.REGISTRATION (PATIENT_ID,DOCTOR_ID,APPOINTMENT_TIME,PERIOD,REGISTORDER,STATE,PRESCRIPTIONID,CHECKIN,QRCODEURL,ORDERTIME) values ('2152896','23013',to_date('08-9月 -23','DD-MON-RR'),3,1,0,null,1,'http://static1.showapi.com/app2/img/qrCode/20230908/1694162718903.jpg',null);
Insert into TEST_ACCOUNT.REGISTRATION (PATIENT_ID,DOCTOR_ID,APPOINTMENT_TIME,PERIOD,REGISTORDER,STATE,PRESCRIPTIONID,CHECKIN,QRCODEURL,ORDERTIME) values ('2152896','23004',to_date('08-9月 -23','DD-MON-RR'),2,1,1,'202309080002152896230042',1,'http://static1.showapi.com/app2/img/qrCode/20230908/1694104958120.jpg',null);
Insert into TEST_ACCOUNT.REGISTRATION (PATIENT_ID,DOCTOR_ID,APPOINTMENT_TIME,PERIOD,REGISTORDER,STATE,PRESCRIPTIONID,CHECKIN,QRCODEURL,ORDERTIME) values ('2152896','23004',to_date('07-9月 -23','DD-MON-RR'),5,1,1,'202309070002152896230045',1,'http://static1.showapi.com/app2/img/qrCode/20230907/1694054417679.jpg',null);
Insert into TEST_ACCOUNT.REGISTRATION (PATIENT_ID,DOCTOR_ID,APPOINTMENT_TIME,PERIOD,REGISTORDER,STATE,PRESCRIPTIONID,CHECKIN,QRCODEURL,ORDERTIME) values ('2152896','23002',to_date('20-9月 -23','DD-MON-RR'),1,1,0,null,0,'http://static1.showapi.com/app2/img/qrCode/20230909/1694250324682.jpg',to_timestamp('09-9月 -23 05.05.25.000000000 下午','DD-MON-RR HH.MI.SS.FF AM'));
Insert into TEST_ACCOUNT.REGISTRATION (PATIENT_ID,DOCTOR_ID,APPOINTMENT_TIME,PERIOD,REGISTORDER,STATE,PRESCRIPTIONID,CHECKIN,QRCODEURL,ORDERTIME) values ('2152896','23004',to_date('11-9月 -23','DD-MON-RR'),1,1,0,null,0,null,null);
Insert into TEST_ACCOUNT.REGISTRATION (PATIENT_ID,DOCTOR_ID,APPOINTMENT_TIME,PERIOD,REGISTORDER,STATE,PRESCRIPTIONID,CHECKIN,QRCODEURL,ORDERTIME) values ('2152896','23004',to_date('06-9月 -23','DD-MON-RR'),3,1,1,'202309060002152896230043',1,'http://static1.showapi.com/app2/img/qrCode/20230906/1694005168735.jpg',null);
Insert into TEST_ACCOUNT.REGISTRATION (PATIENT_ID,DOCTOR_ID,APPOINTMENT_TIME,PERIOD,REGISTORDER,STATE,PRESCRIPTIONID,CHECKIN,QRCODEURL,ORDERTIME) values ('2152896','23004',to_date('03-9月 -23','DD-MON-RR'),7,1,1,'202309030002152896230047',1,null,null);
Insert into TEST_ACCOUNT.REGISTRATION (PATIENT_ID,DOCTOR_ID,APPOINTMENT_TIME,PERIOD,REGISTORDER,STATE,PRESCRIPTIONID,CHECKIN,QRCODEURL,ORDERTIME) values ('2152896','23004',to_date('11-9月 -23','DD-MON-RR'),2,1,0,null,0,null,null);
Insert into TEST_ACCOUNT.REGISTRATION (PATIENT_ID,DOCTOR_ID,APPOINTMENT_TIME,PERIOD,REGISTORDER,STATE,PRESCRIPTIONID,CHECKIN,QRCODEURL,ORDERTIME) values ('2053246','23003',to_date('09-9月 -23','DD-MON-RR'),3,1,0,null,0,'http://static1.showapi.com/app2/img/qrCode/20230907/1694066795648.jpg',null);
Insert into TEST_ACCOUNT.REGISTRATION (PATIENT_ID,DOCTOR_ID,APPOINTMENT_TIME,PERIOD,REGISTORDER,STATE,PRESCRIPTIONID,CHECKIN,QRCODEURL,ORDERTIME) values ('2152896','23004',to_date('11-9月 -23','DD-MON-RR'),3,1,0,null,0,null,null);
Insert into TEST_ACCOUNT.REGISTRATION (PATIENT_ID,DOCTOR_ID,APPOINTMENT_TIME,PERIOD,REGISTORDER,STATE,PRESCRIPTIONID,CHECKIN,QRCODEURL,ORDERTIME) values ('2152896','23004',to_date('09-9月 -23','DD-MON-RR'),2,1,0,null,1,'http://static1.showapi.com/app2/img/qrCode/20230909/1694189016204.jpg',null);
Insert into TEST_ACCOUNT.REGISTRATION (PATIENT_ID,DOCTOR_ID,APPOINTMENT_TIME,PERIOD,REGISTORDER,STATE,PRESCRIPTIONID,CHECKIN,QRCODEURL,ORDERTIME) values ('2152896','23004',to_date('08-9月 -23','DD-MON-RR'),5,1,1,'202309080002152896230045',1,'http://static1.showapi.com/app2/img/qrCode/20230908/1694104965570.jpg',null);
Insert into TEST_ACCOUNT.REGISTRATION (PATIENT_ID,DOCTOR_ID,APPOINTMENT_TIME,PERIOD,REGISTORDER,STATE,PRESCRIPTIONID,CHECKIN,QRCODEURL,ORDERTIME) values ('2152896','23004',to_date('09-9月 -23','DD-MON-RR'),1,2,1,'202309090002152896230041',1,'http://static1.showapi.com/app2/img/qrCode/20230908/1694177996952.jpg',null);
Insert into TEST_ACCOUNT.REGISTRATION (PATIENT_ID,DOCTOR_ID,APPOINTMENT_TIME,PERIOD,REGISTORDER,STATE,PRESCRIPTIONID,CHECKIN,QRCODEURL,ORDERTIME) values ('2152896','23003',to_date('09-9月 -23','DD-MON-RR'),5,1,0,null,1,'http://static1.showapi.com/app2/img/qrCode/20230909/1694228032135.jpg',to_timestamp('09-9月 -23 10.53.52.000000000 上午','DD-MON-RR HH.MI.SS.FF AM'));
Insert into TEST_ACCOUNT.REGISTRATION (PATIENT_ID,DOCTOR_ID,APPOINTMENT_TIME,PERIOD,REGISTORDER,STATE,PRESCRIPTIONID,CHECKIN,QRCODEURL,ORDERTIME) values ('2053246','23007',to_date('09-9月 -23','DD-MON-RR'),2,1,1,'202309090002053246230072',1,'http://static1.showapi.com/app2/img/qrCode/20230908/1694162050410.jpg',null);
Insert into TEST_ACCOUNT.REGISTRATION (PATIENT_ID,DOCTOR_ID,APPOINTMENT_TIME,PERIOD,REGISTORDER,STATE,PRESCRIPTIONID,CHECKIN,QRCODEURL,ORDERTIME) values ('1919332','23004',to_date('06-9月 -23','DD-MON-RR'),4,3,-1,null,0,'null',to_timestamp('09-9月 -23 01.02.55.000000000 下午','DD-MON-RR HH.MI.SS.FF AM'));
Insert into TEST_ACCOUNT.REGISTRATION (PATIENT_ID,DOCTOR_ID,APPOINTMENT_TIME,PERIOD,REGISTORDER,STATE,PRESCRIPTIONID,CHECKIN,QRCODEURL,ORDERTIME) values ('2056769','23004',to_date('06-9月 -23','DD-MON-RR'),4,2,0,null,0,'null',to_timestamp('09-9月 -23 01.01.57.000000000 下午','DD-MON-RR HH.MI.SS.FF AM'));
Insert into TEST_ACCOUNT.REGISTRATION (PATIENT_ID,DOCTOR_ID,APPOINTMENT_TIME,PERIOD,REGISTORDER,STATE,PRESCRIPTIONID,CHECKIN,QRCODEURL,ORDERTIME) values ('2152896','23004',to_date('06-9月 -23','DD-MON-RR'),4,1,-1,null,0,'http://static1.showapi.com/app2/img/qrCode/20230906/1694004052252.jpg',null);
Insert into TEST_ACCOUNT.REGISTRATION (PATIENT_ID,DOCTOR_ID,APPOINTMENT_TIME,PERIOD,REGISTORDER,STATE,PRESCRIPTIONID,CHECKIN,QRCODEURL,ORDERTIME) values ('2152896','23001',to_date('19-9月 -23','DD-MON-RR'),2,1,0,null,0,'http://static1.showapi.com/app2/img/qrCode/20230909/1694250356451.jpg',to_timestamp('09-9月 -23 05.05.57.000000000 下午','DD-MON-RR HH.MI.SS.FF AM'));
Insert into TEST_ACCOUNT.REGISTRATION (PATIENT_ID,DOCTOR_ID,APPOINTMENT_TIME,PERIOD,REGISTORDER,STATE,PRESCRIPTIONID,CHECKIN,QRCODEURL,ORDERTIME) values ('2152896','23004',to_date('08-9月 -23','DD-MON-RR'),1,1,1,'202309080002152896230041',1,'http://static1.showapi.com/app2/img/qrCode/20230908/1694165080836.jpg',null);
Insert into TEST_ACCOUNT.REGISTRATION (PATIENT_ID,DOCTOR_ID,APPOINTMENT_TIME,PERIOD,REGISTORDER,STATE,PRESCRIPTIONID,CHECKIN,QRCODEURL,ORDERTIME) values ('2050664','23004',to_date('09-9月 -23','DD-MON-RR'),2,3,0,null,1,'http://static1.showapi.com/app2/img/qrCode/20230909/1694231518288.jpg',to_timestamp('09-9月 -23 11.51.59.000000000 上午','DD-MON-RR HH.MI.SS.FF AM'));
Insert into TEST_ACCOUNT.REGISTRATION (PATIENT_ID,DOCTOR_ID,APPOINTMENT_TIME,PERIOD,REGISTORDER,STATE,PRESCRIPTIONID,CHECKIN,QRCODEURL,ORDERTIME) values ('2151678','23004',to_date('04-9月 -23','DD-MON-RR'),3,1,1,'202309040002151678230043',1,null,null);
Insert into TEST_ACCOUNT.REGISTRATION (PATIENT_ID,DOCTOR_ID,APPOINTMENT_TIME,PERIOD,REGISTORDER,STATE,PRESCRIPTIONID,CHECKIN,QRCODEURL,ORDERTIME) values ('2152896','23003',to_date('04-9月 -23','DD-MON-RR'),4,1,0,null,0,null,null);
Insert into TEST_ACCOUNT.REGISTRATION (PATIENT_ID,DOCTOR_ID,APPOINTMENT_TIME,PERIOD,REGISTORDER,STATE,PRESCRIPTIONID,CHECKIN,QRCODEURL,ORDERTIME) values ('2152896','23004',to_date('09-9月 -23','DD-MON-RR'),2,2,1,'202309090002152896230042',1,'http://static1.showapi.com/app2/img/qrCode/20230908/1694178006316.jpg',null);
Insert into TEST_ACCOUNT.REGISTRATION (PATIENT_ID,DOCTOR_ID,APPOINTMENT_TIME,PERIOD,REGISTORDER,STATE,PRESCRIPTIONID,CHECKIN,QRCODEURL,ORDERTIME) values ('2152896','23004',to_date('06-9月 -23','DD-MON-RR'),1,1,1,'202309060002152896230041',1,'http://static1.showapi.com/app2/img/qrCode/20230906/1694003042592.jpg',null);
Insert into TEST_ACCOUNT.REGISTRATION (PATIENT_ID,DOCTOR_ID,APPOINTMENT_TIME,PERIOD,REGISTORDER,STATE,PRESCRIPTIONID,CHECKIN,QRCODEURL,ORDERTIME) values ('2053246','23004',to_date('09-9月 -23','DD-MON-RR'),6,1,0,null,0,'http://static1.showapi.com/app2/img/qrCode/20230909/1694230901499.jpg',to_timestamp('09-9月 -23 11.41.42.000000000 上午','DD-MON-RR HH.MI.SS.FF AM'));
Insert into TEST_ACCOUNT.REGISTRATION (PATIENT_ID,DOCTOR_ID,APPOINTMENT_TIME,PERIOD,REGISTORDER,STATE,PRESCRIPTIONID,CHECKIN,QRCODEURL,ORDERTIME) values ('2152896','23004',to_date('05-9月 -23','DD-MON-RR'),2,1,0,null,0,'http://static1.showapi.com/app2/img/qrCode/20230905/1693928274384.jpg',null);
Insert into TEST_ACCOUNT.REGISTRATION (PATIENT_ID,DOCTOR_ID,APPOINTMENT_TIME,PERIOD,REGISTORDER,STATE,PRESCRIPTIONID,CHECKIN,QRCODEURL,ORDERTIME) values ('2053246','23007',to_date('07-9月 -23','DD-MON-RR'),7,1,-1,null,0,'http://static1.showapi.com/app2/img/qrCode/20230907/1694069483932.jpg',null);
Insert into TEST_ACCOUNT.REGISTRATION (PATIENT_ID,DOCTOR_ID,APPOINTMENT_TIME,PERIOD,REGISTORDER,STATE,PRESCRIPTIONID,CHECKIN,QRCODEURL,ORDERTIME) values ('2152896','23004',to_date('09-9月 -23','DD-MON-RR'),3,1,1,'202309090002152896230043',1,'http://static1.showapi.com/app2/img/qrCode/20230909/1694192281699.jpg',null);
Insert into TEST_ACCOUNT.REGISTRATION (PATIENT_ID,DOCTOR_ID,APPOINTMENT_TIME,PERIOD,REGISTORDER,STATE,PRESCRIPTIONID,CHECKIN,QRCODEURL,ORDERTIME) values ('2152896','23004',to_date('09-9月 -23','DD-MON-RR'),4,1,1,'202309090002152896230044',1,'http://static1.showapi.com/app2/img/qrCode/20230909/1694192284591.jpg',null);
Insert into TEST_ACCOUNT.REGISTRATION (PATIENT_ID,DOCTOR_ID,APPOINTMENT_TIME,PERIOD,REGISTORDER,STATE,PRESCRIPTIONID,CHECKIN,QRCODEURL,ORDERTIME) values ('2152896','23003',to_date('09-9月 -23','DD-MON-RR'),1,1,0,null,0,'http://static1.showapi.com/app2/img/qrCode/20230909/1694227947183.jpg',to_timestamp('09-9月 -23 10.52.27.000000000 上午','DD-MON-RR HH.MI.SS.FF AM'));
Insert into TEST_ACCOUNT.REGISTRATION (PATIENT_ID,DOCTOR_ID,APPOINTMENT_TIME,PERIOD,REGISTORDER,STATE,PRESCRIPTIONID,CHECKIN,QRCODEURL,ORDERTIME) values ('2152896','23004',to_date('04-9月 -23','DD-MON-RR'),7,1,1,'202309040002152896230047',1,null,null);
REM INSERTING into TEST_ACCOUNT.TEMPLATE
SET DEFINE OFF;
REM INSERTING into TEST_ACCOUNT.TREATMENT_FEEDBACK
SET DEFINE OFF;
Insert into TEST_ACCOUNT.TREATMENT_FEEDBACK (PATIENT_ID,DOCTOR_ID,TREATMENT_SCORE,EVALUATION,DIAGNOSEDID) values ('2152896','23004',3,'3','202309072152896230045');
Insert into TEST_ACCOUNT.TREATMENT_FEEDBACK (PATIENT_ID,DOCTOR_ID,TREATMENT_SCORE,EVALUATION,DIAGNOSEDID) values ('2152896','23004',3,'3','202309062152896230041');
Insert into TEST_ACCOUNT.TREATMENT_FEEDBACK (PATIENT_ID,DOCTOR_ID,TREATMENT_SCORE,EVALUATION,DIAGNOSEDID) values ('2152896','23004',3,'放大发的','202309042152896230047');
Insert into TEST_ACCOUNT.TREATMENT_FEEDBACK (PATIENT_ID,DOCTOR_ID,TREATMENT_SCORE,EVALUATION,DIAGNOSEDID) values ('2152896','23004',3,'4','202309042152896230045');
Insert into TEST_ACCOUNT.TREATMENT_FEEDBACK (PATIENT_ID,DOCTOR_ID,TREATMENT_SCORE,EVALUATION,DIAGNOSEDID) values ('2053246','23007',5,'你好呀','202309092053246230072');
Insert into TEST_ACCOUNT.TREATMENT_FEEDBACK (PATIENT_ID,DOCTOR_ID,TREATMENT_SCORE,EVALUATION,DIAGNOSEDID) values ('2152896','23004',4,'4','202309062152896230043');
Insert into TEST_ACCOUNT.TREATMENT_FEEDBACK (PATIENT_ID,DOCTOR_ID,TREATMENT_SCORE,EVALUATION,DIAGNOSEDID) values ('2152896','23004',4,'4','202309032152896230047');
REM INSERTING into TEST_ACCOUNT.TREATMENT_RECORD
SET DEFINE OFF;
Insert into TEST_ACCOUNT.TREATMENT_RECORD (DIAGNOSIS_RECORD_ID,DOCTOR_ID,PATIENT_ID,LEAVE_NOTE_ID) values ('202309082152896230042','23004','2152896',null);
Insert into TEST_ACCOUNT.TREATMENT_RECORD (DIAGNOSIS_RECORD_ID,DOCTOR_ID,PATIENT_ID,LEAVE_NOTE_ID) values ('202309082152896230043','23004','2152896',null);
Insert into TEST_ACCOUNT.TREATMENT_RECORD (DIAGNOSIS_RECORD_ID,DOCTOR_ID,PATIENT_ID,LEAVE_NOTE_ID) values ('202309092152896230045','23004','2152896',null);
Insert into TEST_ACCOUNT.TREATMENT_RECORD (DIAGNOSIS_RECORD_ID,DOCTOR_ID,PATIENT_ID,LEAVE_NOTE_ID) values ('202309092050664230041','23004','2050664',null);
Insert into TEST_ACCOUNT.TREATMENT_RECORD (DIAGNOSIS_RECORD_ID,DOCTOR_ID,PATIENT_ID,LEAVE_NOTE_ID) values ('202309042152896230045','23004','2152896',null);
Insert into TEST_ACCOUNT.TREATMENT_RECORD (DIAGNOSIS_RECORD_ID,DOCTOR_ID,PATIENT_ID,LEAVE_NOTE_ID) values ('202309072152896230045','23004','2152896',null);
Insert into TEST_ACCOUNT.TREATMENT_RECORD (DIAGNOSIS_RECORD_ID,DOCTOR_ID,PATIENT_ID,LEAVE_NOTE_ID) values ('202309092152896230041','23004','2152896',null);
Insert into TEST_ACCOUNT.TREATMENT_RECORD (DIAGNOSIS_RECORD_ID,DOCTOR_ID,PATIENT_ID,LEAVE_NOTE_ID) values ('202309062152896230043','23004','2152896','202309062152896230043003');
Insert into TEST_ACCOUNT.TREATMENT_RECORD (DIAGNOSIS_RECORD_ID,DOCTOR_ID,PATIENT_ID,LEAVE_NOTE_ID) values ('202309082152896230045','23004','2152896',null);
Insert into TEST_ACCOUNT.TREATMENT_RECORD (DIAGNOSIS_RECORD_ID,DOCTOR_ID,PATIENT_ID,LEAVE_NOTE_ID) values ('202309032152896230047','23004','2152896',null);
Insert into TEST_ACCOUNT.TREATMENT_RECORD (DIAGNOSIS_RECORD_ID,DOCTOR_ID,PATIENT_ID,LEAVE_NOTE_ID) values ('202309092053246230072','23007','2053246','202309092053246230072005');
Insert into TEST_ACCOUNT.TREATMENT_RECORD (DIAGNOSIS_RECORD_ID,DOCTOR_ID,PATIENT_ID,LEAVE_NOTE_ID) values ('202309042151678230043','23004','2151678',null);
Insert into TEST_ACCOUNT.TREATMENT_RECORD (DIAGNOSIS_RECORD_ID,DOCTOR_ID,PATIENT_ID,LEAVE_NOTE_ID) values ('202309082152896230041','23004','2152896',null);
Insert into TEST_ACCOUNT.TREATMENT_RECORD (DIAGNOSIS_RECORD_ID,DOCTOR_ID,PATIENT_ID,LEAVE_NOTE_ID) values ('202309062152896230041','23004','2152896',null);
Insert into TEST_ACCOUNT.TREATMENT_RECORD (DIAGNOSIS_RECORD_ID,DOCTOR_ID,PATIENT_ID,LEAVE_NOTE_ID) values ('202309092152896230044','23004','2152896',null);
Insert into TEST_ACCOUNT.TREATMENT_RECORD (DIAGNOSIS_RECORD_ID,DOCTOR_ID,PATIENT_ID,LEAVE_NOTE_ID) values ('202309092152896230042','23004','2152896',null);
Insert into TEST_ACCOUNT.TREATMENT_RECORD (DIAGNOSIS_RECORD_ID,DOCTOR_ID,PATIENT_ID,LEAVE_NOTE_ID) values ('202309092152896230043','23004','2152896',null);
Insert into TEST_ACCOUNT.TREATMENT_RECORD (DIAGNOSIS_RECORD_ID,DOCTOR_ID,PATIENT_ID,LEAVE_NOTE_ID) values ('202309042152896230047','23004','2152896','202309042152896230047002');
REM INSERTING into TEST_ACCOUNT.TREATMENT_RECORD2
SET DEFINE OFF;
Insert into TEST_ACCOUNT.TREATMENT_RECORD2 (DIAGNOSE_ID,DIAGNOSE_TIME,COMMENTSTATE,SELFREPORTED,PRESENTHIS,ANAMNESIS,SIGN,CLINICDIA,ADVICE,KINDQUANTITY) values ('202309082152896230042',to_timestamp('08-9月 -23 04.48.04.301736000 下午','DD-MON-RR HH.MI.SS.FF AM'),0,'喉咙痛，流鼻涕，打喷嚏，咳嗽，轻微头疼','无','体健','喉咙红，体温','感冒','注意休息、多喝水,维持良好的卫生习惯，或者出现其他严重症状（如高烧、呼吸急促、胸痛等）及时复诊',2);
Insert into TEST_ACCOUNT.TREATMENT_RECORD2 (DIAGNOSE_ID,DIAGNOSE_TIME,COMMENTSTATE,SELFREPORTED,PRESENTHIS,ANAMNESIS,SIGN,CLINICDIA,ADVICE,KINDQUANTITY) values ('202309082152896230043',to_timestamp('08-9月 -23 05.25.42.666200000 下午','DD-MON-RR HH.MI.SS.FF AM'),0,'喉咙痛，流鼻涕，打喷嚏，咳嗽，轻微头疼','无','体健','喉咙红，体温','感冒','注意休息、多喝水,维持良好的卫生习惯，或者出现其他严重症状（如高烧、呼吸急促、胸痛等）及时复诊',2);
Insert into TEST_ACCOUNT.TREATMENT_RECORD2 (DIAGNOSE_ID,DIAGNOSE_TIME,COMMENTSTATE,SELFREPORTED,PRESENTHIS,ANAMNESIS,SIGN,CLINICDIA,ADVICE,KINDQUANTITY) values ('202309092152896230045',to_timestamp('09-9月 -23 10.57.07.657583000 上午','DD-MON-RR HH.MI.SS.FF AM'),0,'喉咙痛，流鼻涕，打喷嚏，咳嗽，轻微头疼','无','体健','喉咙红，体温','感冒','注意休息、多喝水,维持良好的卫生习惯，或者出现其他严重症状（如高烧、呼吸急促、胸痛等）及时复诊',2);
Insert into TEST_ACCOUNT.TREATMENT_RECORD2 (DIAGNOSE_ID,DIAGNOSE_TIME,COMMENTSTATE,SELFREPORTED,PRESENTHIS,ANAMNESIS,SIGN,CLINICDIA,ADVICE,KINDQUANTITY) values ('202309092050664230041',to_timestamp('09-9月 -23 12.20.18.375478000 下午','DD-MON-RR HH.MI.SS.FF AM'),0,'喉咙痛，流鼻涕，打喷嚏，咳嗽，轻微头疼','无','体健','喉咙红，体温','感冒','注意休息、多喝水,维持良好的卫生习惯，或者出现其他严重症状（如高烧、呼吸急促、胸痛等）及时复诊',2);
Insert into TEST_ACCOUNT.TREATMENT_RECORD2 (DIAGNOSE_ID,DIAGNOSE_TIME,COMMENTSTATE,SELFREPORTED,PRESENTHIS,ANAMNESIS,SIGN,CLINICDIA,ADVICE,KINDQUANTITY) values ('202309042152896230045',to_timestamp('04-9月 -23 08.08.32.906022000 下午','DD-MON-RR HH.MI.SS.FF AM'),1,'肚子疼','无','体健','正常','浅表性胃炎','多喝热水，早睡早起',2);
Insert into TEST_ACCOUNT.TREATMENT_RECORD2 (DIAGNOSE_ID,DIAGNOSE_TIME,COMMENTSTATE,SELFREPORTED,PRESENTHIS,ANAMNESIS,SIGN,CLINICDIA,ADVICE,KINDQUANTITY) values ('202309072152896230045',to_timestamp('07-9月 -23 11.24.32.175322000 上午','DD-MON-RR HH.MI.SS.FF AM'),1,'发烧','体健','无','体温38.3','流行性感冒','注意休息',1);
Insert into TEST_ACCOUNT.TREATMENT_RECORD2 (DIAGNOSE_ID,DIAGNOSE_TIME,COMMENTSTATE,SELFREPORTED,PRESENTHIS,ANAMNESIS,SIGN,CLINICDIA,ADVICE,KINDQUANTITY) values ('202309062152896230043',to_timestamp('06-9月 -23 09.01.58.333884000 下午','DD-MON-RR HH.MI.SS.FF AM'),1,'肚子疼','无','无','正常','浅表性胃炎','多喝热水，饮食规律',1);
Insert into TEST_ACCOUNT.TREATMENT_RECORD2 (DIAGNOSE_ID,DIAGNOSE_TIME,COMMENTSTATE,SELFREPORTED,PRESENTHIS,ANAMNESIS,SIGN,CLINICDIA,ADVICE,KINDQUANTITY) values ('202309082152896230045',to_timestamp('08-9月 -23 05.10.39.201456000 下午','DD-MON-RR HH.MI.SS.FF AM'),0,'喉咙痛，流鼻涕，打喷嚏，咳嗽，轻微头疼','无','体健','喉咙红，体温','感冒','注意休息、多喝水,维持良好的卫生习惯，或者出现其他严重症状（如高烧、呼吸急促、胸痛等）及时复诊',2);
Insert into TEST_ACCOUNT.TREATMENT_RECORD2 (DIAGNOSE_ID,DIAGNOSE_TIME,COMMENTSTATE,SELFREPORTED,PRESENTHIS,ANAMNESIS,SIGN,CLINICDIA,ADVICE,KINDQUANTITY) values ('202309032152896230047',to_timestamp('03-9月 -23 08.23.15.703384000 下午','DD-MON-RR HH.MI.SS.FF AM'),1,'发烧','无','体健','体温38.2','感冒','多喝热水',1);
Insert into TEST_ACCOUNT.TREATMENT_RECORD2 (DIAGNOSE_ID,DIAGNOSE_TIME,COMMENTSTATE,SELFREPORTED,PRESENTHIS,ANAMNESIS,SIGN,CLINICDIA,ADVICE,KINDQUANTITY) values ('202309092152896230041',to_timestamp('09-9月 -23 12.26.26.752877000 上午','DD-MON-RR HH.MI.SS.FF AM'),0,null,null,null,null,null,null,0);
Insert into TEST_ACCOUNT.TREATMENT_RECORD2 (DIAGNOSE_ID,DIAGNOSE_TIME,COMMENTSTATE,SELFREPORTED,PRESENTHIS,ANAMNESIS,SIGN,CLINICDIA,ADVICE,KINDQUANTITY) values ('202309092053246230072',to_timestamp('09-9月 -23 02.43.32.990369000 下午','DD-MON-RR HH.MI.SS.FF AM'),1,'喉咙痛，流鼻涕，打喷嚏，咳嗽，轻微头疼','无','体健','喉咙红，体温','感冒','注意休息、多喝水,维持良好的卫生习惯，或者出现其他严重症状（如高烧、呼吸急促、胸痛等）及时复诊',2);
Insert into TEST_ACCOUNT.TREATMENT_RECORD2 (DIAGNOSE_ID,DIAGNOSE_TIME,COMMENTSTATE,SELFREPORTED,PRESENTHIS,ANAMNESIS,SIGN,CLINICDIA,ADVICE,KINDQUANTITY) values ('202309042151678230043',to_timestamp('04-9月 -23 07.59.40.362510000 下午','DD-MON-RR HH.MI.SS.FF AM'),0,'头疼，流鼻涕，咽喉痛','无','体健','体温37.8，咽喉红','感冒','多喝水，注意休息，早睡早起',2);
Insert into TEST_ACCOUNT.TREATMENT_RECORD2 (DIAGNOSE_ID,DIAGNOSE_TIME,COMMENTSTATE,SELFREPORTED,PRESENTHIS,ANAMNESIS,SIGN,CLINICDIA,ADVICE,KINDQUANTITY) values ('202309082152896230041',to_timestamp('08-9月 -23 05.25.33.017395000 下午','DD-MON-RR HH.MI.SS.FF AM'),0,'喉咙痛，流鼻涕，打喷嚏，咳嗽，轻微头疼','无','体健','喉咙红，体温','感冒','注意休息、多喝水,维持良好的卫生习惯，或者出现其他严重症状（如高烧、呼吸急促、胸痛等）及时复诊',2);
Insert into TEST_ACCOUNT.TREATMENT_RECORD2 (DIAGNOSE_ID,DIAGNOSE_TIME,COMMENTSTATE,SELFREPORTED,PRESENTHIS,ANAMNESIS,SIGN,CLINICDIA,ADVICE,KINDQUANTITY) values ('202309062152896230041',to_timestamp('06-9月 -23 08.54.16.283672000 下午','DD-MON-RR HH.MI.SS.FF AM'),1,'头疼','无','无','体温37.7','感冒','多休息，多喝水',2);
Insert into TEST_ACCOUNT.TREATMENT_RECORD2 (DIAGNOSE_ID,DIAGNOSE_TIME,COMMENTSTATE,SELFREPORTED,PRESENTHIS,ANAMNESIS,SIGN,CLINICDIA,ADVICE,KINDQUANTITY) values ('202309092152896230044',to_timestamp('09-9月 -23 10.36.05.004746000 上午','DD-MON-RR HH.MI.SS.FF AM'),0,'喉咙痛，流鼻涕，打喷嚏，咳嗽，轻微头疼','无','体健','喉咙红，体温','感冒','注意休息、多喝水,维持良好的卫生习惯，或者出现其他严重症状（如高烧、呼吸急促、胸痛等）及时复诊',2);
Insert into TEST_ACCOUNT.TREATMENT_RECORD2 (DIAGNOSE_ID,DIAGNOSE_TIME,COMMENTSTATE,SELFREPORTED,PRESENTHIS,ANAMNESIS,SIGN,CLINICDIA,ADVICE,KINDQUANTITY) values ('202309092152896230042',to_timestamp('09-9月 -23 12.52.36.789849000 上午','DD-MON-RR HH.MI.SS.FF AM'),0,'喉咙痛，流鼻涕，打喷嚏，咳嗽，轻微头疼','无','体健','喉咙红，体温','感冒','注意休息、多喝水,维持良好的卫生习惯，或者出现其他严重症状（如高烧、呼吸急促、胸痛等）及时复诊',2);
Insert into TEST_ACCOUNT.TREATMENT_RECORD2 (DIAGNOSE_ID,DIAGNOSE_TIME,COMMENTSTATE,SELFREPORTED,PRESENTHIS,ANAMNESIS,SIGN,CLINICDIA,ADVICE,KINDQUANTITY) values ('202309092152896230043',to_timestamp('09-9月 -23 10.35.43.759717000 上午','DD-MON-RR HH.MI.SS.FF AM'),0,'腹痛','再试一下','无','无','急性肠胃炎','注意饮食卫生',2);
Insert into TEST_ACCOUNT.TREATMENT_RECORD2 (DIAGNOSE_ID,DIAGNOSE_TIME,COMMENTSTATE,SELFREPORTED,PRESENTHIS,ANAMNESIS,SIGN,CLINICDIA,ADVICE,KINDQUANTITY) values ('202309042152896230047',to_timestamp('04-9月 -23 08.23.15.703384000 下午','DD-MON-RR HH.MI.SS.FF AM'),1,'头疼','无','体健','体温37.8，咽喉红','感冒','多喝热水，',0);
--------------------------------------------------------
--  DDL for Index PATIENT_PK
--------------------------------------------------------

  CREATE UNIQUE INDEX "TEST_ACCOUNT"."PATIENT_PK" ON "TEST_ACCOUNT"."PATIENT" ("PATIENT_ID") 
  PCTFREE 10 INITRANS 2 MAXTRANS 255 COMPUTE STATISTICS 
  STORAGE(INITIAL 65536 NEXT 1048576 MINEXTENTS 1 MAXEXTENTS 2147483645
  PCTINCREASE 0 FREELISTS 1 FREELIST GROUPS 1
  BUFFER_POOL DEFAULT FLASH_CACHE DEFAULT CELL_FLASH_CACHE DEFAULT)
  TABLESPACE "USERS" ;
--------------------------------------------------------
--  DDL for Index MEDICINE_STOCK_PK
--------------------------------------------------------

  CREATE UNIQUE INDEX "TEST_ACCOUNT"."MEDICINE_STOCK_PK" ON "TEST_ACCOUNT"."MEDICINE_STOCK" ("MEDICINE_NAME", "MANUFACTURER", "PRODUCTION_DATE") 
  PCTFREE 10 INITRANS 2 MAXTRANS 255 COMPUTE STATISTICS 
  STORAGE(INITIAL 65536 NEXT 1048576 MINEXTENTS 1 MAXEXTENTS 2147483645
  PCTINCREASE 0 FREELISTS 1 FREELIST GROUPS 1
  BUFFER_POOL DEFAULT FLASH_CACHE DEFAULT CELL_FLASH_CACHE DEFAULT)
  TABLESPACE "USERS" ;
--------------------------------------------------------
--  DDL for Index MEDICINE_OUT_PK
--------------------------------------------------------

  CREATE UNIQUE INDEX "TEST_ACCOUNT"."MEDICINE_OUT_PK" ON "TEST_ACCOUNT"."MEDICINE_OUT" ("MEDICINE_NAME", "MANUFACTURER", "PRODUCTION_DATE", "PURCHASE_AMOUNT", "DELIVER_DATE", "PATIENT_ID") 
  PCTFREE 10 INITRANS 2 MAXTRANS 255 COMPUTE STATISTICS 
  STORAGE(INITIAL 65536 NEXT 1048576 MINEXTENTS 1 MAXEXTENTS 2147483645
  PCTINCREASE 0 FREELISTS 1 FREELIST GROUPS 1
  BUFFER_POOL DEFAULT FLASH_CACHE DEFAULT CELL_FLASH_CACHE DEFAULT)
  TABLESPACE "USERS" ;
--------------------------------------------------------
--  DDL for Index CONSULTING_RECORD_PK
--------------------------------------------------------

  CREATE UNIQUE INDEX "TEST_ACCOUNT"."CONSULTING_RECORD_PK" ON "TEST_ACCOUNT"."TREATMENT_RECORD2" ("DIAGNOSE_ID") 
  PCTFREE 10 INITRANS 2 MAXTRANS 255 COMPUTE STATISTICS 
  STORAGE(INITIAL 65536 NEXT 1048576 MINEXTENTS 1 MAXEXTENTS 2147483645
  PCTINCREASE 0 FREELISTS 1 FREELIST GROUPS 1
  BUFFER_POOL DEFAULT FLASH_CACHE DEFAULT CELL_FLASH_CACHE DEFAULT)
  TABLESPACE "USERS" ;
--------------------------------------------------------
--  DDL for Index OUTPATIENT_ORDER_PK
--------------------------------------------------------

  CREATE UNIQUE INDEX "TEST_ACCOUNT"."OUTPATIENT_ORDER_PK" ON "TEST_ACCOUNT"."OUTPATIENT_ORDER" ("ORDER_ID") 
  PCTFREE 10 INITRANS 2 MAXTRANS 255 COMPUTE STATISTICS 
  STORAGE(INITIAL 65536 NEXT 1048576 MINEXTENTS 1 MAXEXTENTS 2147483645
  PCTINCREASE 0 FREELISTS 1 FREELIST GROUPS 1
  BUFFER_POOL DEFAULT FLASH_CACHE DEFAULT CELL_FLASH_CACHE DEFAULT)
  TABLESPACE "USERS" ;
--------------------------------------------------------
--  DDL for Index REGISTRATION_PK
--------------------------------------------------------

  CREATE UNIQUE INDEX "TEST_ACCOUNT"."REGISTRATION_PK" ON "TEST_ACCOUNT"."REGISTRATION" ("PATIENT_ID", "DOCTOR_ID", "APPOINTMENT_TIME", "STATE", "PERIOD") 
  PCTFREE 10 INITRANS 2 MAXTRANS 255 COMPUTE STATISTICS 
  STORAGE(INITIAL 65536 NEXT 1048576 MINEXTENTS 1 MAXEXTENTS 2147483645
  PCTINCREASE 0 FREELISTS 1 FREELIST GROUPS 1
  BUFFER_POOL DEFAULT FLASH_CACHE DEFAULT CELL_FLASH_CACHE DEFAULT)
  TABLESPACE "USERS" ;
--------------------------------------------------------
--  DDL for Index CHATRECORD_PK
--------------------------------------------------------

  CREATE UNIQUE INDEX "TEST_ACCOUNT"."CHATRECORD_PK" ON "TEST_ACCOUNT"."CHATRECORD" ("DOCTOR_ID", "PATIENT_ID", "TIMESTAMP") 
  PCTFREE 10 INITRANS 2 MAXTRANS 255 COMPUTE STATISTICS 
  STORAGE(INITIAL 65536 NEXT 1048576 MINEXTENTS 1 MAXEXTENTS 2147483645
  PCTINCREASE 0 FREELISTS 1 FREELIST GROUPS 1
  BUFFER_POOL DEFAULT FLASH_CACHE DEFAULT CELL_FLASH_CACHE DEFAULT)
  TABLESPACE "USERS" ;
--------------------------------------------------------
--  DDL for Index MEDICINE_PURCHASE_PK
--------------------------------------------------------

  CREATE UNIQUE INDEX "TEST_ACCOUNT"."MEDICINE_PURCHASE_PK" ON "TEST_ACCOUNT"."MEDICINE_PURCHASE" ("MEDICINE_NAME", "MANUFACTURER", "PRODUCTION_DATE", "PURCHASE_DATE") 
  PCTFREE 10 INITRANS 2 MAXTRANS 255 COMPUTE STATISTICS 
  STORAGE(INITIAL 65536 NEXT 1048576 MINEXTENTS 1 MAXEXTENTS 2147483645
  PCTINCREASE 0 FREELISTS 1 FREELIST GROUPS 1
  BUFFER_POOL DEFAULT FLASH_CACHE DEFAULT CELL_FLASH_CACHE DEFAULT)
  TABLESPACE "USERS" ;
--------------------------------------------------------
--  DDL for Index TEMPLATE_PK
--------------------------------------------------------

  CREATE UNIQUE INDEX "TEST_ACCOUNT"."TEMPLATE_PK" ON "TEST_ACCOUNT"."TEMPLATE" ("NAME") 
  PCTFREE 10 INITRANS 2 MAXTRANS 255 COMPUTE STATISTICS 
  STORAGE(INITIAL 65536 NEXT 1048576 MINEXTENTS 1 MAXEXTENTS 2147483645
  PCTINCREASE 0 FREELISTS 1 FREELIST GROUPS 1
  BUFFER_POOL DEFAULT FLASH_CACHE DEFAULT CELL_FLASH_CACHE DEFAULT)
  TABLESPACE "USERS" ;
--------------------------------------------------------
--  DDL for Index DOCTOR_PK
--------------------------------------------------------

  CREATE UNIQUE INDEX "TEST_ACCOUNT"."DOCTOR_PK" ON "TEST_ACCOUNT"."DOCTOR" ("DOCTOR_ID") 
  PCTFREE 10 INITRANS 2 MAXTRANS 255 COMPUTE STATISTICS 
  STORAGE(INITIAL 65536 NEXT 1048576 MINEXTENTS 1 MAXEXTENTS 2147483645
  PCTINCREASE 0 FREELISTS 1 FREELIST GROUPS 1
  BUFFER_POOL DEFAULT FLASH_CACHE DEFAULT CELL_FLASH_CACHE DEFAULT)
  TABLESPACE "USERS" ;
--------------------------------------------------------
--  DDL for Index PRESCRIPTION_MEDICINE_PK
--------------------------------------------------------

  CREATE UNIQUE INDEX "TEST_ACCOUNT"."PRESCRIPTION_MEDICINE_PK" ON "TEST_ACCOUNT"."PRESCRIPTION_MEDICINE" ("PRESCRIPTION_ID", "MEDICINE_NAME") 
  PCTFREE 10 INITRANS 2 MAXTRANS 255 COMPUTE STATISTICS 
  STORAGE(INITIAL 65536 NEXT 1048576 MINEXTENTS 1 MAXEXTENTS 2147483645
  PCTINCREASE 0 FREELISTS 1 FREELIST GROUPS 1
  BUFFER_POOL DEFAULT FLASH_CACHE DEFAULT CELL_FLASH_CACHE DEFAULT)
  TABLESPACE "USERS" ;
--------------------------------------------------------
--  DDL for Index LEAVE_APPLICATION_PK
--------------------------------------------------------

  CREATE UNIQUE INDEX "TEST_ACCOUNT"."LEAVE_APPLICATION_PK" ON "TEST_ACCOUNT"."LEAVE_APPLICATION" ("LEAVE_NOTE_ID") 
  PCTFREE 10 INITRANS 2 MAXTRANS 255 COMPUTE STATISTICS 
  STORAGE(INITIAL 65536 NEXT 1048576 MINEXTENTS 1 MAXEXTENTS 2147483645
  PCTINCREASE 0 FREELISTS 1 FREELIST GROUPS 1
  BUFFER_POOL DEFAULT FLASH_CACHE DEFAULT CELL_FLASH_CACHE DEFAULT)
  TABLESPACE "USERS" ;
--------------------------------------------------------
--  DDL for Index CONSULTATION_INFO_PK
--------------------------------------------------------

  CREATE UNIQUE INDEX "TEST_ACCOUNT"."CONSULTATION_INFO_PK" ON "TEST_ACCOUNT"."CONSULTATION_INFO" ("DOCTOR_ID", "CLINIC_NAME", "DATE_TIME", "PERIOD") 
  PCTFREE 10 INITRANS 2 MAXTRANS 255 COMPUTE STATISTICS 
  STORAGE(INITIAL 65536 NEXT 1048576 MINEXTENTS 1 MAXEXTENTS 2147483645
  PCTINCREASE 0 FREELISTS 1 FREELIST GROUPS 1
  BUFFER_POOL DEFAULT FLASH_CACHE DEFAULT CELL_FLASH_CACHE DEFAULT)
  TABLESPACE "USERS" ;
--------------------------------------------------------
--  DDL for Index MEDICINE_SELL_PK
--------------------------------------------------------

  CREATE UNIQUE INDEX "TEST_ACCOUNT"."MEDICINE_SELL_PK" ON "TEST_ACCOUNT"."MEDICINE_SELL" ("MEDICINE_NAME", "MANUFACTURER") 
  PCTFREE 10 INITRANS 2 MAXTRANS 255 COMPUTE STATISTICS 
  STORAGE(INITIAL 65536 NEXT 1048576 MINEXTENTS 1 MAXEXTENTS 2147483645
  PCTINCREASE 0 FREELISTS 1 FREELIST GROUPS 1
  BUFFER_POOL DEFAULT FLASH_CACHE DEFAULT CELL_FLASH_CACHE DEFAULT)
  TABLESPACE "USERS" ;
--------------------------------------------------------
--  DDL for Index MEDICINE_DESCRIPTION_PK
--------------------------------------------------------

  CREATE UNIQUE INDEX "TEST_ACCOUNT"."MEDICINE_DESCRIPTION_PK" ON "TEST_ACCOUNT"."MEDICINE_DESCRIPTION" ("MEDICINE_NAME") 
  PCTFREE 10 INITRANS 2 MAXTRANS 255 COMPUTE STATISTICS 
  STORAGE(INITIAL 65536 NEXT 1048576 MINEXTENTS 1 MAXEXTENTS 2147483645
  PCTINCREASE 0 FREELISTS 1 FREELIST GROUPS 1
  BUFFER_POOL DEFAULT FLASH_CACHE DEFAULT CELL_FLASH_CACHE DEFAULT)
  TABLESPACE "USERS" ;
--------------------------------------------------------
--  DDL for Index PRESCRIPTION_PK
--------------------------------------------------------

  CREATE UNIQUE INDEX "TEST_ACCOUNT"."PRESCRIPTION_PK" ON "TEST_ACCOUNT"."PRESCRIPTION" ("PRESCRIPTION_ID") 
  PCTFREE 10 INITRANS 2 MAXTRANS 255 COMPUTE STATISTICS 
  STORAGE(INITIAL 65536 NEXT 1048576 MINEXTENTS 1 MAXEXTENTS 2147483645
  PCTINCREASE 0 FREELISTS 1 FREELIST GROUPS 1
  BUFFER_POOL DEFAULT FLASH_CACHE DEFAULT CELL_FLASH_CACHE DEFAULT)
  TABLESPACE "USERS" ;
--------------------------------------------------------
--  DDL for Index CONSULTING_ROOM_PK
--------------------------------------------------------

  CREATE UNIQUE INDEX "TEST_ACCOUNT"."CONSULTING_ROOM_PK" ON "TEST_ACCOUNT"."CONSULTING_ROOM" ("CONSULTING_ROOM_NAME") 
  PCTFREE 10 INITRANS 2 MAXTRANS 255 COMPUTE STATISTICS 
  STORAGE(INITIAL 65536 NEXT 1048576 MINEXTENTS 1 MAXEXTENTS 2147483645
  PCTINCREASE 0 FREELISTS 1 FREELIST GROUPS 1
  BUFFER_POOL DEFAULT FLASH_CACHE DEFAULT CELL_FLASH_CACHE DEFAULT)
  TABLESPACE "USERS" ;
--------------------------------------------------------
--  DDL for Index TREATMENT_FEEDBACK_PK
--------------------------------------------------------

  CREATE UNIQUE INDEX "TEST_ACCOUNT"."TREATMENT_FEEDBACK_PK" ON "TEST_ACCOUNT"."TREATMENT_FEEDBACK" ("DIAGNOSEDID") 
  PCTFREE 10 INITRANS 2 MAXTRANS 255 COMPUTE STATISTICS 
  STORAGE(INITIAL 65536 NEXT 1048576 MINEXTENTS 1 MAXEXTENTS 2147483645
  PCTINCREASE 0 FREELISTS 1 FREELIST GROUPS 1
  BUFFER_POOL DEFAULT FLASH_CACHE DEFAULT CELL_FLASH_CACHE DEFAULT)
  TABLESPACE "USERS" ;
--------------------------------------------------------
--  DDL for Index TRANSFER_TREATMENT_PK
--------------------------------------------------------

  CREATE UNIQUE INDEX "TEST_ACCOUNT"."TRANSFER_TREATMENT_PK" ON "TEST_ACCOUNT"."TREATMENT_RECORD" ("DIAGNOSIS_RECORD_ID") 
  PCTFREE 10 INITRANS 2 MAXTRANS 255 COMPUTE STATISTICS 
  STORAGE(INITIAL 65536 NEXT 1048576 MINEXTENTS 1 MAXEXTENTS 2147483645
  PCTINCREASE 0 FREELISTS 1 FREELIST GROUPS 1
  BUFFER_POOL DEFAULT FLASH_CACHE DEFAULT CELL_FLASH_CACHE DEFAULT)
  TABLESPACE "USERS" ;
--------------------------------------------------------
--  DDL for Index DEPARTMENT2_PK
--------------------------------------------------------

  CREATE UNIQUE INDEX "TEST_ACCOUNT"."DEPARTMENT2_PK" ON "TEST_ACCOUNT"."DEPARTMENT2" ("DEPARTMENT_NAME") 
  PCTFREE 10 INITRANS 2 MAXTRANS 255 COMPUTE STATISTICS 
  STORAGE(INITIAL 65536 NEXT 1048576 MINEXTENTS 1 MAXEXTENTS 2147483645
  PCTINCREASE 0 FREELISTS 1 FREELIST GROUPS 1
  BUFFER_POOL DEFAULT FLASH_CACHE DEFAULT CELL_FLASH_CACHE DEFAULT)
  TABLESPACE "USERS" ;
--------------------------------------------------------
--  DDL for Index ADMINISTRATOR_PK
--------------------------------------------------------

  CREATE UNIQUE INDEX "TEST_ACCOUNT"."ADMINISTRATOR_PK" ON "TEST_ACCOUNT"."ADMINISTRATOR" ("ADMINISTRATOR_ID") 
  PCTFREE 10 INITRANS 2 MAXTRANS 255 COMPUTE STATISTICS 
  STORAGE(INITIAL 65536 NEXT 1048576 MINEXTENTS 1 MAXEXTENTS 2147483645
  PCTINCREASE 0 FREELISTS 1 FREELIST GROUPS 1
  BUFFER_POOL DEFAULT FLASH_CACHE DEFAULT CELL_FLASH_CACHE DEFAULT)
  TABLESPACE "USERS" ;
--------------------------------------------------------
--  Constraints for Table TEMPLATE
--------------------------------------------------------

  ALTER TABLE "TEST_ACCOUNT"."TEMPLATE" ADD CONSTRAINT "TEMPLATE_PK" PRIMARY KEY ("NAME")
  USING INDEX PCTFREE 10 INITRANS 2 MAXTRANS 255 COMPUTE STATISTICS 
  STORAGE(INITIAL 65536 NEXT 1048576 MINEXTENTS 1 MAXEXTENTS 2147483645
  PCTINCREASE 0 FREELISTS 1 FREELIST GROUPS 1
  BUFFER_POOL DEFAULT FLASH_CACHE DEFAULT CELL_FLASH_CACHE DEFAULT)
  TABLESPACE "USERS"  ENABLE;
  ALTER TABLE "TEST_ACCOUNT"."TEMPLATE" MODIFY ("NAME" NOT NULL ENABLE);
--------------------------------------------------------
--  Constraints for Table REGISTRATION
--------------------------------------------------------

  ALTER TABLE "TEST_ACCOUNT"."REGISTRATION" MODIFY ("CHECKIN" NOT NULL ENABLE);
  ALTER TABLE "TEST_ACCOUNT"."REGISTRATION" ADD CONSTRAINT "REGISTRATION_PK" PRIMARY KEY ("PATIENT_ID", "DOCTOR_ID", "APPOINTMENT_TIME", "STATE", "PERIOD")
  USING INDEX PCTFREE 10 INITRANS 2 MAXTRANS 255 COMPUTE STATISTICS 
  STORAGE(INITIAL 65536 NEXT 1048576 MINEXTENTS 1 MAXEXTENTS 2147483645
  PCTINCREASE 0 FREELISTS 1 FREELIST GROUPS 1
  BUFFER_POOL DEFAULT FLASH_CACHE DEFAULT CELL_FLASH_CACHE DEFAULT)
  TABLESPACE "USERS"  ENABLE;
  ALTER TABLE "TEST_ACCOUNT"."REGISTRATION" MODIFY ("PERIOD" NOT NULL ENABLE);
  ALTER TABLE "TEST_ACCOUNT"."REGISTRATION" MODIFY ("APPOINTMENT_TIME" NOT NULL ENABLE);
  ALTER TABLE "TEST_ACCOUNT"."REGISTRATION" MODIFY ("DOCTOR_ID" NOT NULL ENABLE);
  ALTER TABLE "TEST_ACCOUNT"."REGISTRATION" MODIFY ("PATIENT_ID" NOT NULL ENABLE);
  ALTER TABLE "TEST_ACCOUNT"."REGISTRATION" MODIFY ("STATE" NOT NULL ENABLE);
--------------------------------------------------------
--  Constraints for Table LEAVE_APPLICATION
--------------------------------------------------------

  ALTER TABLE "TEST_ACCOUNT"."LEAVE_APPLICATION" ADD CONSTRAINT "LEAVE_APPLICATION_PK" PRIMARY KEY ("LEAVE_NOTE_ID")
  USING INDEX PCTFREE 10 INITRANS 2 MAXTRANS 255 COMPUTE STATISTICS 
  STORAGE(INITIAL 65536 NEXT 1048576 MINEXTENTS 1 MAXEXTENTS 2147483645
  PCTINCREASE 0 FREELISTS 1 FREELIST GROUPS 1
  BUFFER_POOL DEFAULT FLASH_CACHE DEFAULT CELL_FLASH_CACHE DEFAULT)
  TABLESPACE "USERS"  ENABLE;
  ALTER TABLE "TEST_ACCOUNT"."LEAVE_APPLICATION" MODIFY ("LEAVE_END_DATE" NOT NULL ENABLE);
  ALTER TABLE "TEST_ACCOUNT"."LEAVE_APPLICATION" MODIFY ("LEAVE_START_DATE" NOT NULL ENABLE);
  ALTER TABLE "TEST_ACCOUNT"."LEAVE_APPLICATION" MODIFY ("LEAVE_APPLICATION_TIME" NOT NULL ENABLE);
  ALTER TABLE "TEST_ACCOUNT"."LEAVE_APPLICATION" MODIFY ("LEAVE_NOTE_ID" NOT NULL ENABLE);
--------------------------------------------------------
--  Constraints for Table CHATRECORD
--------------------------------------------------------

  ALTER TABLE "TEST_ACCOUNT"."CHATRECORD" ADD CONSTRAINT "CHATRECORD_PK" PRIMARY KEY ("DOCTOR_ID", "PATIENT_ID", "TIMESTAMP")
  USING INDEX PCTFREE 10 INITRANS 2 MAXTRANS 255 COMPUTE STATISTICS 
  STORAGE(INITIAL 65536 NEXT 1048576 MINEXTENTS 1 MAXEXTENTS 2147483645
  PCTINCREASE 0 FREELISTS 1 FREELIST GROUPS 1
  BUFFER_POOL DEFAULT FLASH_CACHE DEFAULT CELL_FLASH_CACHE DEFAULT)
  TABLESPACE "USERS"  ENABLE;
  ALTER TABLE "TEST_ACCOUNT"."CHATRECORD" MODIFY ("READ_STATUS" NOT NULL ENABLE);
  ALTER TABLE "TEST_ACCOUNT"."CHATRECORD" MODIFY ("TIMESTAMP" NOT NULL ENABLE);
  ALTER TABLE "TEST_ACCOUNT"."CHATRECORD" MODIFY ("SENDER_TYPE" NOT NULL ENABLE);
  ALTER TABLE "TEST_ACCOUNT"."CHATRECORD" MODIFY ("MESSAGE" NOT NULL ENABLE);
  ALTER TABLE "TEST_ACCOUNT"."CHATRECORD" MODIFY ("PATIENT_ID" NOT NULL ENABLE);
  ALTER TABLE "TEST_ACCOUNT"."CHATRECORD" MODIFY ("DOCTOR_ID" NOT NULL ENABLE);
  ALTER TABLE "TEST_ACCOUNT"."CHATRECORD" MODIFY ("RECORDID" NOT NULL ENABLE);
--------------------------------------------------------
--  Constraints for Table MEDICINE_OUT
--------------------------------------------------------

  ALTER TABLE "TEST_ACCOUNT"."MEDICINE_OUT" ADD CONSTRAINT "MEDICINE_OUT_PK" PRIMARY KEY ("MEDICINE_NAME", "MANUFACTURER", "PRODUCTION_DATE", "PURCHASE_AMOUNT", "DELIVER_DATE", "PATIENT_ID")
  USING INDEX PCTFREE 10 INITRANS 2 MAXTRANS 255 COMPUTE STATISTICS 
  STORAGE(INITIAL 65536 NEXT 1048576 MINEXTENTS 1 MAXEXTENTS 2147483645
  PCTINCREASE 0 FREELISTS 1 FREELIST GROUPS 1
  BUFFER_POOL DEFAULT FLASH_CACHE DEFAULT CELL_FLASH_CACHE DEFAULT)
  TABLESPACE "USERS"  ENABLE;
  ALTER TABLE "TEST_ACCOUNT"."MEDICINE_OUT" MODIFY ("PATIENT_ID" NOT NULL ENABLE);
  ALTER TABLE "TEST_ACCOUNT"."MEDICINE_OUT" ADD CONSTRAINT "MEDICINE_OUT_CHK1" CHECK (PURCHASE_AMOUNT > 0) ENABLE;
  ALTER TABLE "TEST_ACCOUNT"."MEDICINE_OUT" MODIFY ("DELIVER_DATE" NOT NULL ENABLE);
  ALTER TABLE "TEST_ACCOUNT"."MEDICINE_OUT" MODIFY ("PURCHASE_AMOUNT" NOT NULL ENABLE);
  ALTER TABLE "TEST_ACCOUNT"."MEDICINE_OUT" MODIFY ("MANUFACTURER" NOT NULL ENABLE);
  ALTER TABLE "TEST_ACCOUNT"."MEDICINE_OUT" MODIFY ("MEDICINE_NAME" NOT NULL ENABLE);
  ALTER TABLE "TEST_ACCOUNT"."MEDICINE_OUT" MODIFY ("PRODUCTION_DATE" NOT NULL ENABLE);
--------------------------------------------------------
--  Constraints for Table MEDICINE_SELL
--------------------------------------------------------

  ALTER TABLE "TEST_ACCOUNT"."MEDICINE_SELL" ADD CONSTRAINT "MEDICINE_SELL_PK" PRIMARY KEY ("MEDICINE_NAME", "MANUFACTURER")
  USING INDEX PCTFREE 10 INITRANS 2 MAXTRANS 255 COMPUTE STATISTICS 
  STORAGE(INITIAL 65536 NEXT 1048576 MINEXTENTS 1 MAXEXTENTS 2147483645
  PCTINCREASE 0 FREELISTS 1 FREELIST GROUPS 1
  BUFFER_POOL DEFAULT FLASH_CACHE DEFAULT CELL_FLASH_CACHE DEFAULT)
  TABLESPACE "USERS"  ENABLE;
  ALTER TABLE "TEST_ACCOUNT"."MEDICINE_SELL" MODIFY ("SELLING_PRICE" NOT NULL ENABLE);
  ALTER TABLE "TEST_ACCOUNT"."MEDICINE_SELL" MODIFY ("MANUFACTURER" NOT NULL ENABLE);
  ALTER TABLE "TEST_ACCOUNT"."MEDICINE_SELL" MODIFY ("MEDICINE_NAME" NOT NULL ENABLE);
--------------------------------------------------------
--  Constraints for Table TREATMENT_RECORD2
--------------------------------------------------------

  ALTER TABLE "TEST_ACCOUNT"."TREATMENT_RECORD2" ADD CONSTRAINT "CONSULTING_RECORD_PK" PRIMARY KEY ("DIAGNOSE_ID")
  USING INDEX PCTFREE 10 INITRANS 2 MAXTRANS 255 COMPUTE STATISTICS 
  STORAGE(INITIAL 65536 NEXT 1048576 MINEXTENTS 1 MAXEXTENTS 2147483645
  PCTINCREASE 0 FREELISTS 1 FREELIST GROUPS 1
  BUFFER_POOL DEFAULT FLASH_CACHE DEFAULT CELL_FLASH_CACHE DEFAULT)
  TABLESPACE "USERS"  ENABLE;
  ALTER TABLE "TEST_ACCOUNT"."TREATMENT_RECORD2" MODIFY ("DIAGNOSE_ID" NOT NULL ENABLE);
--------------------------------------------------------
--  Constraints for Table TREATMENT_RECORD
--------------------------------------------------------

  ALTER TABLE "TEST_ACCOUNT"."TREATMENT_RECORD" ADD CONSTRAINT "TRANSFER_TREATMENT_PK" PRIMARY KEY ("DIAGNOSIS_RECORD_ID")
  USING INDEX PCTFREE 10 INITRANS 2 MAXTRANS 255 COMPUTE STATISTICS 
  STORAGE(INITIAL 65536 NEXT 1048576 MINEXTENTS 1 MAXEXTENTS 2147483645
  PCTINCREASE 0 FREELISTS 1 FREELIST GROUPS 1
  BUFFER_POOL DEFAULT FLASH_CACHE DEFAULT CELL_FLASH_CACHE DEFAULT)
  TABLESPACE "USERS"  ENABLE;
  ALTER TABLE "TEST_ACCOUNT"."TREATMENT_RECORD" MODIFY ("DIAGNOSIS_RECORD_ID" NOT NULL ENABLE);
--------------------------------------------------------
--  Constraints for Table PRESCRIPTION
--------------------------------------------------------

  ALTER TABLE "TEST_ACCOUNT"."PRESCRIPTION" MODIFY ("PAYSTATE" NOT NULL ENABLE);
  ALTER TABLE "TEST_ACCOUNT"."PRESCRIPTION" MODIFY ("DOCTOR_ID" NOT NULL ENABLE);
  ALTER TABLE "TEST_ACCOUNT"."PRESCRIPTION" ADD CONSTRAINT "PRESCRIPTION_PK" PRIMARY KEY ("PRESCRIPTION_ID")
  USING INDEX PCTFREE 10 INITRANS 2 MAXTRANS 255 COMPUTE STATISTICS 
  STORAGE(INITIAL 65536 NEXT 1048576 MINEXTENTS 1 MAXEXTENTS 2147483645
  PCTINCREASE 0 FREELISTS 1 FREELIST GROUPS 1
  BUFFER_POOL DEFAULT FLASH_CACHE DEFAULT CELL_FLASH_CACHE DEFAULT)
  TABLESPACE "USERS"  ENABLE;
  ALTER TABLE "TEST_ACCOUNT"."PRESCRIPTION" MODIFY ("TOTAL_PRICE" NOT NULL ENABLE);
  ALTER TABLE "TEST_ACCOUNT"."PRESCRIPTION" MODIFY ("PRESCRIPTION_ID" NOT NULL ENABLE);
--------------------------------------------------------
--  Constraints for Table OUTPATIENT_ORDER
--------------------------------------------------------

  ALTER TABLE "TEST_ACCOUNT"."OUTPATIENT_ORDER" ADD CONSTRAINT "OUTPATIENT_ORDER_PK" PRIMARY KEY ("ORDER_ID")
  USING INDEX PCTFREE 10 INITRANS 2 MAXTRANS 255 COMPUTE STATISTICS 
  STORAGE(INITIAL 65536 NEXT 1048576 MINEXTENTS 1 MAXEXTENTS 2147483645
  PCTINCREASE 0 FREELISTS 1 FREELIST GROUPS 1
  BUFFER_POOL DEFAULT FLASH_CACHE DEFAULT CELL_FLASH_CACHE DEFAULT)
  TABLESPACE "USERS"  ENABLE;
  ALTER TABLE "TEST_ACCOUNT"."OUTPATIENT_ORDER" MODIFY ("ORDER_TIME" NOT NULL ENABLE);
  ALTER TABLE "TEST_ACCOUNT"."OUTPATIENT_ORDER" MODIFY ("ORDER_ID" NOT NULL ENABLE);
--------------------------------------------------------
--  Constraints for Table MEDICINE_DESCRIPTION
--------------------------------------------------------

  ALTER TABLE "TEST_ACCOUNT"."MEDICINE_DESCRIPTION" ADD CONSTRAINT "MEDICINE_DESCRIPTION_PK" PRIMARY KEY ("MEDICINE_NAME")
  USING INDEX PCTFREE 10 INITRANS 2 MAXTRANS 255 COMPUTE STATISTICS 
  STORAGE(INITIAL 65536 NEXT 1048576 MINEXTENTS 1 MAXEXTENTS 2147483645
  PCTINCREASE 0 FREELISTS 1 FREELIST GROUPS 1
  BUFFER_POOL DEFAULT FLASH_CACHE DEFAULT CELL_FLASH_CACHE DEFAULT)
  TABLESPACE "USERS"  ENABLE;
  ALTER TABLE "TEST_ACCOUNT"."MEDICINE_DESCRIPTION" MODIFY ("MEDICINE_TYPE" NOT NULL ENABLE);
  ALTER TABLE "TEST_ACCOUNT"."MEDICINE_DESCRIPTION" MODIFY ("MEDICINE_NAME" NOT NULL ENABLE);
--------------------------------------------------------
--  Constraints for Table MEDICINE_STOCK
--------------------------------------------------------

  ALTER TABLE "TEST_ACCOUNT"."MEDICINE_STOCK" ADD CONSTRAINT "MEDICINE_STOCK_PK" PRIMARY KEY ("MEDICINE_NAME", "MANUFACTURER", "PRODUCTION_DATE")
  USING INDEX PCTFREE 10 INITRANS 2 MAXTRANS 255 COMPUTE STATISTICS 
  STORAGE(INITIAL 65536 NEXT 1048576 MINEXTENTS 1 MAXEXTENTS 2147483645
  PCTINCREASE 0 FREELISTS 1 FREELIST GROUPS 1
  BUFFER_POOL DEFAULT FLASH_CACHE DEFAULT CELL_FLASH_CACHE DEFAULT)
  TABLESPACE "USERS"  ENABLE;
  ALTER TABLE "TEST_ACCOUNT"."MEDICINE_STOCK" MODIFY ("THRESHOLD_VALUE" NOT NULL ENABLE);
  ALTER TABLE "TEST_ACCOUNT"."MEDICINE_STOCK" MODIFY ("MEDICINE_SHELFLIFE" NOT NULL ENABLE);
  ALTER TABLE "TEST_ACCOUNT"."MEDICINE_STOCK" MODIFY ("PRODUCTION_DATE" NOT NULL ENABLE);
  ALTER TABLE "TEST_ACCOUNT"."MEDICINE_STOCK" MODIFY ("MANUFACTURER" NOT NULL ENABLE);
  ALTER TABLE "TEST_ACCOUNT"."MEDICINE_STOCK" MODIFY ("MEDICINE_NAME" NOT NULL ENABLE);
--------------------------------------------------------
--  Constraints for Table PRESCRIPTION_MEDICINE
--------------------------------------------------------

  ALTER TABLE "TEST_ACCOUNT"."PRESCRIPTION_MEDICINE" MODIFY ("QUANTITY" NOT NULL ENABLE);
  ALTER TABLE "TEST_ACCOUNT"."PRESCRIPTION_MEDICINE" MODIFY ("MEDICATION_INSTRUCTION" NOT NULL ENABLE);
  ALTER TABLE "TEST_ACCOUNT"."PRESCRIPTION_MEDICINE" ADD CONSTRAINT "PRESCRIPTION_MEDICINE_PK" PRIMARY KEY ("PRESCRIPTION_ID", "MEDICINE_NAME")
  USING INDEX PCTFREE 10 INITRANS 2 MAXTRANS 255 COMPUTE STATISTICS 
  STORAGE(INITIAL 65536 NEXT 1048576 MINEXTENTS 1 MAXEXTENTS 2147483645
  PCTINCREASE 0 FREELISTS 1 FREELIST GROUPS 1
  BUFFER_POOL DEFAULT FLASH_CACHE DEFAULT CELL_FLASH_CACHE DEFAULT)
  TABLESPACE "USERS"  ENABLE;
  ALTER TABLE "TEST_ACCOUNT"."PRESCRIPTION_MEDICINE" MODIFY ("MEDICINE_NAME" NOT NULL ENABLE);
  ALTER TABLE "TEST_ACCOUNT"."PRESCRIPTION_MEDICINE" MODIFY ("PRESCRIPTION_ID" NOT NULL ENABLE);
  ALTER TABLE "TEST_ACCOUNT"."PRESCRIPTION_MEDICINE" MODIFY ("MEDICINE_PRICE" NOT NULL ENABLE);
--------------------------------------------------------
--  Constraints for Table DOCTOR
--------------------------------------------------------

  ALTER TABLE "TEST_ACCOUNT"."DOCTOR" MODIFY ("PASSWORD" NOT NULL ENABLE);
  ALTER TABLE "TEST_ACCOUNT"."DOCTOR" ADD CONSTRAINT "DOCTOR_PK" PRIMARY KEY ("DOCTOR_ID")
  USING INDEX PCTFREE 10 INITRANS 2 MAXTRANS 255 COMPUTE STATISTICS 
  STORAGE(INITIAL 65536 NEXT 1048576 MINEXTENTS 1 MAXEXTENTS 2147483645
  PCTINCREASE 0 FREELISTS 1 FREELIST GROUPS 1
  BUFFER_POOL DEFAULT FLASH_CACHE DEFAULT CELL_FLASH_CACHE DEFAULT)
  TABLESPACE "USERS"  ENABLE;
  ALTER TABLE "TEST_ACCOUNT"."DOCTOR" MODIFY ("DOCTOR_ID" NOT NULL ENABLE);
--------------------------------------------------------
--  Constraints for Table CONSULTING_ROOM
--------------------------------------------------------

  ALTER TABLE "TEST_ACCOUNT"."CONSULTING_ROOM" ADD CONSTRAINT "CONSULTING_ROOM_PK" PRIMARY KEY ("CONSULTING_ROOM_NAME")
  USING INDEX PCTFREE 10 INITRANS 2 MAXTRANS 255 COMPUTE STATISTICS 
  STORAGE(INITIAL 65536 NEXT 1048576 MINEXTENTS 1 MAXEXTENTS 2147483645
  PCTINCREASE 0 FREELISTS 1 FREELIST GROUPS 1
  BUFFER_POOL DEFAULT FLASH_CACHE DEFAULT CELL_FLASH_CACHE DEFAULT)
  TABLESPACE "USERS"  ENABLE;
  ALTER TABLE "TEST_ACCOUNT"."CONSULTING_ROOM" MODIFY ("CONSULTING_ROOM_NAME" NOT NULL ENABLE);
--------------------------------------------------------
--  Constraints for Table PATIENT
--------------------------------------------------------

  ALTER TABLE "TEST_ACCOUNT"."PATIENT" MODIFY ("COUNSELLOR" NOT NULL ENABLE);
  ALTER TABLE "TEST_ACCOUNT"."PATIENT" MODIFY ("COLLEGE" NOT NULL ENABLE);
  ALTER TABLE "TEST_ACCOUNT"."PATIENT" MODIFY ("PASSWORD" NOT NULL ENABLE);
  ALTER TABLE "TEST_ACCOUNT"."PATIENT" ADD CONSTRAINT "PATIENT_PK" PRIMARY KEY ("PATIENT_ID")
  USING INDEX PCTFREE 10 INITRANS 2 MAXTRANS 255 COMPUTE STATISTICS 
  STORAGE(INITIAL 65536 NEXT 1048576 MINEXTENTS 1 MAXEXTENTS 2147483645
  PCTINCREASE 0 FREELISTS 1 FREELIST GROUPS 1
  BUFFER_POOL DEFAULT FLASH_CACHE DEFAULT CELL_FLASH_CACHE DEFAULT)
  TABLESPACE "USERS"  ENABLE;
  ALTER TABLE "TEST_ACCOUNT"."PATIENT" MODIFY ("PATIENT_ID" NOT NULL ENABLE);
--------------------------------------------------------
--  Constraints for Table MEDICINE_PURCHASE
--------------------------------------------------------

  ALTER TABLE "TEST_ACCOUNT"."MEDICINE_PURCHASE" ADD CONSTRAINT "MEDICINE_PURCHASE_CHK2" CHECK (PURCHASE_PRICE > 0) ENABLE;
  ALTER TABLE "TEST_ACCOUNT"."MEDICINE_PURCHASE" ADD CONSTRAINT "MEDICINE_PURCHASE_CHK1" CHECK (PURCHASE_AMOUNT > 0) ENABLE;
  ALTER TABLE "TEST_ACCOUNT"."MEDICINE_PURCHASE" ADD CONSTRAINT "MEDICINE_PURCHASE_PK" PRIMARY KEY ("MEDICINE_NAME", "MANUFACTURER", "PRODUCTION_DATE", "PURCHASE_DATE")
  USING INDEX PCTFREE 10 INITRANS 2 MAXTRANS 255 COMPUTE STATISTICS 
  STORAGE(INITIAL 65536 NEXT 1048576 MINEXTENTS 1 MAXEXTENTS 2147483645
  PCTINCREASE 0 FREELISTS 1 FREELIST GROUPS 1
  BUFFER_POOL DEFAULT FLASH_CACHE DEFAULT CELL_FLASH_CACHE DEFAULT)
  TABLESPACE "USERS"  ENABLE;
  ALTER TABLE "TEST_ACCOUNT"."MEDICINE_PURCHASE" MODIFY ("PURCHASE_PRICE" NOT NULL ENABLE);
  ALTER TABLE "TEST_ACCOUNT"."MEDICINE_PURCHASE" MODIFY ("PURCHASE_AMOUNT" NOT NULL ENABLE);
  ALTER TABLE "TEST_ACCOUNT"."MEDICINE_PURCHASE" MODIFY ("PURCHASE_DATE" NOT NULL ENABLE);
  ALTER TABLE "TEST_ACCOUNT"."MEDICINE_PURCHASE" MODIFY ("PRODUCTION_DATE" NOT NULL ENABLE);
  ALTER TABLE "TEST_ACCOUNT"."MEDICINE_PURCHASE" MODIFY ("MANUFACTURER" NOT NULL ENABLE);
  ALTER TABLE "TEST_ACCOUNT"."MEDICINE_PURCHASE" MODIFY ("MEDICINE_NAME" NOT NULL ENABLE);
--------------------------------------------------------
--  Constraints for Table DEPARTMENT2
--------------------------------------------------------

  ALTER TABLE "TEST_ACCOUNT"."DEPARTMENT2" ADD CONSTRAINT "DEPARTMENT2_PK" PRIMARY KEY ("DEPARTMENT_NAME")
  USING INDEX PCTFREE 10 INITRANS 2 MAXTRANS 255 COMPUTE STATISTICS 
  STORAGE(INITIAL 65536 NEXT 1048576 MINEXTENTS 1 MAXEXTENTS 2147483645
  PCTINCREASE 0 FREELISTS 1 FREELIST GROUPS 1
  BUFFER_POOL DEFAULT FLASH_CACHE DEFAULT CELL_FLASH_CACHE DEFAULT)
  TABLESPACE "USERS"  ENABLE;
  ALTER TABLE "TEST_ACCOUNT"."DEPARTMENT2" MODIFY ("DEPARTMENT_NAME" NOT NULL ENABLE);
--------------------------------------------------------
--  Constraints for Table CONSULTATION_INFO
--------------------------------------------------------

  ALTER TABLE "TEST_ACCOUNT"."CONSULTATION_INFO" ADD CONSTRAINT "CONSULTATION_INFO_PK" PRIMARY KEY ("DOCTOR_ID", "CLINIC_NAME", "DATE_TIME", "PERIOD")
  USING INDEX PCTFREE 10 INITRANS 2 MAXTRANS 255 COMPUTE STATISTICS 
  STORAGE(INITIAL 65536 NEXT 1048576 MINEXTENTS 1 MAXEXTENTS 2147483645
  PCTINCREASE 0 FREELISTS 1 FREELIST GROUPS 1
  BUFFER_POOL DEFAULT FLASH_CACHE DEFAULT CELL_FLASH_CACHE DEFAULT)
  TABLESPACE "USERS"  ENABLE;
  ALTER TABLE "TEST_ACCOUNT"."CONSULTATION_INFO" MODIFY ("DATE_TIME" NOT NULL ENABLE);
  ALTER TABLE "TEST_ACCOUNT"."CONSULTATION_INFO" MODIFY ("PERIOD" NOT NULL ENABLE);
  ALTER TABLE "TEST_ACCOUNT"."CONSULTATION_INFO" MODIFY ("CLINIC_NAME" NOT NULL ENABLE);
  ALTER TABLE "TEST_ACCOUNT"."CONSULTATION_INFO" MODIFY ("DOCTOR_ID" NOT NULL ENABLE);
--------------------------------------------------------
--  Constraints for Table ADMINISTRATOR
--------------------------------------------------------

  ALTER TABLE "TEST_ACCOUNT"."ADMINISTRATOR" MODIFY ("PASSWORD" NOT NULL ENABLE);
  ALTER TABLE "TEST_ACCOUNT"."ADMINISTRATOR" ADD CONSTRAINT "ADMINISTRATOR_PK" PRIMARY KEY ("ADMINISTRATOR_ID")
  USING INDEX PCTFREE 10 INITRANS 2 MAXTRANS 255 COMPUTE STATISTICS 
  STORAGE(INITIAL 65536 NEXT 1048576 MINEXTENTS 1 MAXEXTENTS 2147483645
  PCTINCREASE 0 FREELISTS 1 FREELIST GROUPS 1
  BUFFER_POOL DEFAULT FLASH_CACHE DEFAULT CELL_FLASH_CACHE DEFAULT)
  TABLESPACE "USERS"  ENABLE;
  ALTER TABLE "TEST_ACCOUNT"."ADMINISTRATOR" MODIFY ("ADMINISTRATOR_ID" NOT NULL ENABLE);
--------------------------------------------------------
--  Constraints for Table TREATMENT_FEEDBACK
--------------------------------------------------------

  ALTER TABLE "TEST_ACCOUNT"."TREATMENT_FEEDBACK" ADD CONSTRAINT "TREATMENT_FEEDBACK_PK" PRIMARY KEY ("DIAGNOSEDID")
  USING INDEX PCTFREE 10 INITRANS 2 MAXTRANS 255 COMPUTE STATISTICS 
  STORAGE(INITIAL 65536 NEXT 1048576 MINEXTENTS 1 MAXEXTENTS 2147483645
  PCTINCREASE 0 FREELISTS 1 FREELIST GROUPS 1
  BUFFER_POOL DEFAULT FLASH_CACHE DEFAULT CELL_FLASH_CACHE DEFAULT)
  TABLESPACE "USERS"  ENABLE;
  ALTER TABLE "TEST_ACCOUNT"."TREATMENT_FEEDBACK" MODIFY ("DIAGNOSEDID" NOT NULL ENABLE);
  ALTER TABLE "TEST_ACCOUNT"."TREATMENT_FEEDBACK" MODIFY ("DOCTOR_ID" NOT NULL ENABLE);
  ALTER TABLE "TEST_ACCOUNT"."TREATMENT_FEEDBACK" MODIFY ("PATIENT_ID" NOT NULL ENABLE);
--------------------------------------------------------
--  Ref Constraints for Table CHATRECORD
--------------------------------------------------------

  ALTER TABLE "TEST_ACCOUNT"."CHATRECORD" ADD CONSTRAINT "CHATRECORD_FK1" FOREIGN KEY ("DOCTOR_ID")
	  REFERENCES "TEST_ACCOUNT"."DOCTOR" ("DOCTOR_ID") ENABLE;
  ALTER TABLE "TEST_ACCOUNT"."CHATRECORD" ADD CONSTRAINT "CHATRECORD_FK2" FOREIGN KEY ("PATIENT_ID")
	  REFERENCES "TEST_ACCOUNT"."PATIENT" ("PATIENT_ID") ENABLE;
--------------------------------------------------------
--  Ref Constraints for Table CONSULTATION_INFO
--------------------------------------------------------

  ALTER TABLE "TEST_ACCOUNT"."CONSULTATION_INFO" ADD CONSTRAINT "CONSULTATION_INFO_CONSULT_FK1" FOREIGN KEY ("CLINIC_NAME")
	  REFERENCES "TEST_ACCOUNT"."CONSULTING_ROOM" ("CONSULTING_ROOM_NAME") ENABLE;
  ALTER TABLE "TEST_ACCOUNT"."CONSULTATION_INFO" ADD CONSTRAINT "CONSULTATION_INFO_DOCTOR_FK1" FOREIGN KEY ("DOCTOR_ID")
	  REFERENCES "TEST_ACCOUNT"."DOCTOR" ("DOCTOR_ID") ON DELETE CASCADE ENABLE;
--------------------------------------------------------
--  Ref Constraints for Table MEDICINE_OUT
--------------------------------------------------------

  ALTER TABLE "TEST_ACCOUNT"."MEDICINE_OUT" ADD CONSTRAINT "MEDICINE_OUT_PATIENT_FK1" FOREIGN KEY ("PATIENT_ID")
	  REFERENCES "TEST_ACCOUNT"."PATIENT" ("PATIENT_ID") ENABLE;
--------------------------------------------------------
--  Ref Constraints for Table MEDICINE_PURCHASE
--------------------------------------------------------

  ALTER TABLE "TEST_ACCOUNT"."MEDICINE_PURCHASE" ADD CONSTRAINT "MEDICINE_PURCHASE_ADMINIS_FK1" FOREIGN KEY ("ADMINISTRATOR_ID")
	  REFERENCES "TEST_ACCOUNT"."ADMINISTRATOR" ("ADMINISTRATOR_ID") ENABLE;
--------------------------------------------------------
--  Ref Constraints for Table MEDICINE_STOCK
--------------------------------------------------------

  ALTER TABLE "TEST_ACCOUNT"."MEDICINE_STOCK" ADD CONSTRAINT "MEDICINE_STOCK_ADMINISTRA_FK1" FOREIGN KEY ("CLEAN_ADMINISTRATOR")
	  REFERENCES "TEST_ACCOUNT"."ADMINISTRATOR" ("ADMINISTRATOR_ID") ENABLE;
--------------------------------------------------------
--  Ref Constraints for Table OUTPATIENT_ORDER
--------------------------------------------------------

  ALTER TABLE "TEST_ACCOUNT"."OUTPATIENT_ORDER" ADD CONSTRAINT "OUTPATIENT_ORDER_PATIENT_FK1" FOREIGN KEY ("PATIENT_ID")
	  REFERENCES "TEST_ACCOUNT"."PATIENT" ("PATIENT_ID") ENABLE;
--------------------------------------------------------
--  Ref Constraints for Table PRESCRIPTION
--------------------------------------------------------

  ALTER TABLE "TEST_ACCOUNT"."PRESCRIPTION" ADD CONSTRAINT "PRESCRIPTION_DOCTOR_FK1" FOREIGN KEY ("DOCTOR_ID")
	  REFERENCES "TEST_ACCOUNT"."DOCTOR" ("DOCTOR_ID") ENABLE;
--------------------------------------------------------
--  Ref Constraints for Table PRESCRIPTION_MEDICINE
--------------------------------------------------------

  ALTER TABLE "TEST_ACCOUNT"."PRESCRIPTION_MEDICINE" ADD CONSTRAINT "PRESCRIPTION_MEDICINE_MED_FK1" FOREIGN KEY ("MEDICINE_NAME")
	  REFERENCES "TEST_ACCOUNT"."MEDICINE_DESCRIPTION" ("MEDICINE_NAME") ENABLE;
  ALTER TABLE "TEST_ACCOUNT"."PRESCRIPTION_MEDICINE" ADD CONSTRAINT "PRESCRIPTION_MEDICINE_PRE_FK1" FOREIGN KEY ("PRESCRIPTION_ID")
	  REFERENCES "TEST_ACCOUNT"."PRESCRIPTION" ("PRESCRIPTION_ID") ON DELETE CASCADE ENABLE;
--------------------------------------------------------
--  Ref Constraints for Table REGISTRATION
--------------------------------------------------------

  ALTER TABLE "TEST_ACCOUNT"."REGISTRATION" ADD CONSTRAINT "REGISTRATION_DOCTOR_FK1" FOREIGN KEY ("DOCTOR_ID")
	  REFERENCES "TEST_ACCOUNT"."DOCTOR" ("DOCTOR_ID") ON DELETE CASCADE ENABLE;
  ALTER TABLE "TEST_ACCOUNT"."REGISTRATION" ADD CONSTRAINT "REGISTRATION_PATIENT_FK1" FOREIGN KEY ("PATIENT_ID")
	  REFERENCES "TEST_ACCOUNT"."PATIENT" ("PATIENT_ID") ON DELETE CASCADE ENABLE;
  ALTER TABLE "TEST_ACCOUNT"."REGISTRATION" ADD CONSTRAINT "REGISTRATION_PRESCRIPTION_FK1" FOREIGN KEY ("PRESCRIPTIONID")
	  REFERENCES "TEST_ACCOUNT"."PRESCRIPTION" ("PRESCRIPTION_ID") ENABLE;
--------------------------------------------------------
--  Ref Constraints for Table TREATMENT_FEEDBACK
--------------------------------------------------------

  ALTER TABLE "TEST_ACCOUNT"."TREATMENT_FEEDBACK" ADD CONSTRAINT "TREATMENT_FEEDBACK_TREATM_FK1" FOREIGN KEY ("DIAGNOSEDID")
	  REFERENCES "TEST_ACCOUNT"."TREATMENT_RECORD" ("DIAGNOSIS_RECORD_ID") ON DELETE CASCADE ENABLE;
--------------------------------------------------------
--  Ref Constraints for Table TREATMENT_RECORD
--------------------------------------------------------

  ALTER TABLE "TEST_ACCOUNT"."TREATMENT_RECORD" ADD CONSTRAINT "TREATMENT_RECORD_DOCTOR_FK1" FOREIGN KEY ("DOCTOR_ID")
	  REFERENCES "TEST_ACCOUNT"."DOCTOR" ("DOCTOR_ID") ENABLE;
  ALTER TABLE "TEST_ACCOUNT"."TREATMENT_RECORD" ADD CONSTRAINT "TREATMENT_RECORD_LEAVE_AP_FK1" FOREIGN KEY ("LEAVE_NOTE_ID")
	  REFERENCES "TEST_ACCOUNT"."LEAVE_APPLICATION" ("LEAVE_NOTE_ID") ON DELETE CASCADE ENABLE;
  ALTER TABLE "TEST_ACCOUNT"."TREATMENT_RECORD" ADD CONSTRAINT "TREATMENT_RECORD_PATIENT_FK1" FOREIGN KEY ("PATIENT_ID")
	  REFERENCES "TEST_ACCOUNT"."PATIENT" ("PATIENT_ID") ENABLE;
--------------------------------------------------------
--  Ref Constraints for Table TREATMENT_RECORD2
--------------------------------------------------------

  ALTER TABLE "TEST_ACCOUNT"."TREATMENT_RECORD2" ADD CONSTRAINT "TREATMENT_RECORD2_TREATME_FK1" FOREIGN KEY ("DIAGNOSE_ID")
	  REFERENCES "TEST_ACCOUNT"."TREATMENT_RECORD" ("DIAGNOSIS_RECORD_ID") ON DELETE CASCADE ENABLE;
--------------------------------------------------------
--  DDL for Trigger CHECK_STOCK_BEFORE_OUT
--------------------------------------------------------

  CREATE OR REPLACE EDITIONABLE TRIGGER "TEST_ACCOUNT"."CHECK_STOCK_BEFORE_OUT" 
BEFORE INSERT ON medicine_out
FOR EACH ROW
DECLARE 
    stock_amount INT;
BEGIN
    SELECT medicine_amount INTO stock_amount 
    FROM medicine_stock 
    WHERE medicine_name = :NEW.medicine_name 
    AND manufacturer = :NEW.manufacturer 
    AND production_date = :NEW.production_date;

    IF stock_amount < :NEW.purchase_amount THEN
        RAISE_APPLICATION_ERROR(-20001, '库存不足，无法出库');
    END IF;
END;
/
ALTER TRIGGER "TEST_ACCOUNT"."CHECK_STOCK_BEFORE_OUT" DISABLE;
